mtllib materials.mtl
v -0.24125 -0.05136371 0.07515684
v -0.24125 -0.05136371 0.1523986
v -0.24125 0.02863622 0.1523986
v -0.24125 0.02863622 0.07515684
v -0.3139583 -0.05136371 0.07515684
v -0.3139583 0.02863622 0.07515684
v -0.3139583 0.02863622 0.1523986
v -0.3139583 -0.05136371 0.1523986
v -0.2776042 0.02863622 0.1436951
v -0.2642877 0.02863622 0.1409467
v -0.2514239 0.02863622 0.1227165
v -0.2529173 0.02863622 0.1279735
v -0.302291 0.02863622 0.1279735
v -0.2937848 0.02863622 0.1388961
v -0.2529173 0.02863622 0.1050984
v -0.2523876 0.02863622 0.1069631
v -0.2628829 0.02863622 0.1403555
v -0.2514239 0.02863622 0.1103555
v -0.2909206 0.02863622 0.1409467
v -0.2923254 0.02863622 0.1403555
v -0.3037844 0.02863622 0.1227165
v -0.302291 0.02863622 0.1050984
v -0.2997841 0.02863622 0.1018794
v -0.2909206 0.02863622 0.09212527
v -0.2923254 0.02863622 0.09271643
v -0.2642877 0.02863622 0.09212527
v -0.2776042 0.02863622 0.08937681
v -0.2614235 0.02863622 0.1388961
v -0.3037844 0.02863622 0.121213
v -0.3037844 0.02863622 0.1103555
v -0.2937848 0.02863622 0.09417582
v -0.2827875 0.02863622 0.09044662
v -0.2628829 0.02863622 0.09271643
v -0.2614235 0.02863622 0.09417576
v -0.2533337 0.02363646 0.1072654
v -0.2533337 0.02363646 0.1258065
v -0.2618322 0.01311696 0.116536
v -0.2868747 0.01436591 0.1315359
v -0.3018747 0.02363646 0.1258065
v -0.2933761 0.01311696 0.116536
v -0.2776042 0.008636475 0.116536
v -0.2683336 0.01436591 0.1315359
v -0.2776042 0.02286446 0.1420555
v -0.2868747 0.01436591 0.101536
v -0.2683336 0.01436591 0.101536
v -0.2776042 0.02286446 0.09101644
v -0.3018747 0.02363646 0.1072654
v 0.3623957 -0.08136344 -0.3334641
v 0.3623957 -0.08136344 0.1565358
v 0.3623957 0.02863646 0.1565358
v 0.3623957 0.02863646 -0.3334641
v -0.3776041 -0.08136344 -0.3334641
v -0.3776041 0.02863646 -0.3334641
v -0.3776041 0.02863646 0.1565358
v -0.3776041 -0.08136344 0.1565358
v -0.3776041 -0.1613632 -0.3334641
v 0.3623957 -0.1613632 -0.3334641
v -0.3776041 -0.1613632 0.1565358
v 0.3623957 -0.1613632 0.1565358
v 0.0003432631 0.02863646 0.1565358
v 0.0003432631 -0.04136348 0.156536
v -0.3176041 0.02863646 0.1565358
v -0.3176041 0.02863646 0.07653597
v -0.3176041 -0.04136348 0.156536
v 0.0003432631 0.02863646 0.07653597
v 0.0003432631 -0.04136348 0.07653597
v -0.3176041 -0.04136348 0.07653597
v -0.2376042 -0.04136348 0.1565359
v -0.2376042 -0.04136348 0.07653597
v -0.2376042 0.02863646 0.07653597
v 0.002395749 0.02863646 -0.243464
v -0.3176041 0.02863646 -0.2091784
v -0.3176041 0.02863646 -0.243464
v -0.3176041 0.02863646 0.01653603
v -0.241543 0.02863646 -0.243464
v -0.2544042 0.02863646 0.01653603
v -0.05927184 0.02863646 0.01653603
v -0.04501042 0.02863646 0.01653603
v 0.002395749 0.02863646 0.01653603
v 0.002395749 -0.001363516 0.01653603
v 0.002395749 -0.001363516 -0.243464
v -0.3176041 -0.001363516 -0.243464
v -0.3176041 -0.001363516 0.01653603
v 0.02373558 0.02863646 -0.228464
v 0.02348328 0.02863646 -0.2294057
v 0.02239579 0.02863646 -0.233464
v 0.0229395 0.02863646 -0.2354932
v 0.02365142 0.02863646 -0.2381501
v 0.02373558 0.02863646 -0.238464
v 0.02571908 0.02863646 -0.2404476
v 0.03739583 0.02863646 -0.2421243
v 0.04105607 0.02863646 -0.238464
v 0.02739581 0.02863646 -0.2421243
v 0.02864575 0.02863646 -0.2424592
v 0.03239578 0.02863646 -0.243464
v 0.02739581 0.01863647 -0.2248038
v 0.02373558 0.01863647 -0.228464
v 0.02239579 0.01863647 -0.233464
v 0.02373558 0.01863647 -0.238464
v 0.02739581 0.01863647 -0.2421243
v 0.03239578 0.01863647 -0.243464
v 0.03739583 0.01863647 -0.2421243
v 0.04105607 0.01863647 -0.238464
v 0.04239586 0.01863647 -0.233464
v 0.04105607 0.01863647 -0.228464
v 0.03739583 0.01863647 -0.2248038
v 0.03239578 0.01863647 -0.223464
v 0.03739583 0.02863646 -0.2248038
v 0.03239578 0.02863646 -0.223464
v 0.04105607 0.02863646 -0.228464
v 0.04239586 0.02863646 -0.233464
v 0.02739581 0.02863646 -0.2248038
v 0.08035377 0.02863646 -0.2391663
v 0.07874196 0.02863646 -0.2407782
v 0.07739584 0.02863646 -0.2421243
v 0.07239582 0.02863646 -0.243464
v 0.07347254 0.02863646 -0.2431755
v 0.06239584 0.02863646 -0.233464
v 0.0629752 0.02863646 -0.2356263
v 0.06373557 0.02863646 -0.238464
v 0.06410792 0.02863646 -0.2388364
v 0.06739584 0.02863646 -0.2421243
v 0.06739584 0.02863646 -0.2248038
v 0.06507533 0.02863646 -0.2271243
v 0.07239582 0.02863646 -0.223464
v 0.06247004 0.02863646 -0.233187
v 0.06616274 0.02863646 -0.2408912
v 0.06373557 0.02863646 -0.228464
v 0.06337658 0.02863646 -0.2298038
v 0.08105608 0.02863646 -0.238464
v 0.08239582 0.02863646 -0.233464
v 0.0626031 0.02863646 -0.2326905
v 0.06739584 0.01863647 -0.2248038
v 0.06373557 0.01863647 -0.228464
v 0.06239584 0.01863647 -0.233464
v 0.06373557 0.01863647 -0.238464
v 0.06739584 0.01863647 -0.2421243
v 0.07239582 0.01863647 -0.243464
v 0.07739584 0.01863647 -0.2421243
v 0.08105608 0.01863647 -0.238464
v 0.08239582 0.01863647 -0.233464
v 0.08105608 0.01863647 -0.228464
v 0.07739584 0.01863647 -0.2248038
v 0.07239582 0.01863647 -0.223464
v 0.07739584 0.02863646 -0.2248038
v 0.08105608 0.02863646 -0.228464
v 0.1188944 0.02863646 -0.2406257
v 0.117467 0.02863646 -0.2420531
v 0.1173958 0.02863646 -0.2421243
v 0.1032784 0.02863646 -0.2367577
v 0.1026559 0.02863646 -0.2344345
v 0.1037356 0.02863646 -0.238464
v 0.1041079 0.02863646 -0.2388364
v 0.1123958 0.02863646 -0.243464
v 0.1073958 0.02863646 -0.2248038
v 0.1050753 0.02863646 -0.2271243
v 0.1123958 0.02863646 -0.223464
v 0.1069054 0.02863646 -0.2416339
v 0.1073958 0.02863646 -0.2421243
v 0.1037356 0.02863646 -0.228464
v 0.1033766 0.02863646 -0.2298038
v 0.1210561 0.02863646 -0.238464
v 0.1223958 0.02863646 -0.233464
v 0.1026031 0.02863646 -0.2326905
v 0.1023958 0.02863646 -0.233464
v 0.1073958 0.01863647 -0.2248038
v 0.1037356 0.01863647 -0.228464
v 0.1023958 0.01863647 -0.233464
v 0.1037356 0.01863647 -0.238464
v 0.1073958 0.01863647 -0.2421243
v 0.1123958 0.01863647 -0.243464
v 0.1173958 0.01863647 -0.2421243
v 0.1210561 0.01863647 -0.238464
v 0.1223958 0.01863647 -0.233464
v 0.1210561 0.01863647 -0.228464
v 0.1173958 0.01863647 -0.2248038
v 0.1123958 0.01863647 -0.223464
v 0.1173958 0.02863646 -0.2248038
v 0.1210561 0.02863646 -0.228464
v 0.1568055 0.02863646 -0.2422825
v 0.1543374 0.02863646 -0.2429438
v 0.1523958 0.02863646 -0.243464
v 0.1436953 0.02863646 -0.2383137
v 0.143134 0.02863646 -0.236219
v 0.1437356 0.02863646 -0.238464
v 0.1469054 0.02863646 -0.2416339
v 0.1473958 0.02863646 -0.2421243
v 0.1473958 0.02863646 -0.2248038
v 0.1450753 0.02863646 -0.2271243
v 0.1523958 0.02863646 -0.223464
v 0.1623958 0.02863646 -0.233464
v 0.1610561 0.02863646 -0.228464
v 0.1437356 0.02863646 -0.228464
v 0.1433766 0.02863646 -0.2298038
v 0.1610561 0.02863646 -0.238464
v 0.1426031 0.02863646 -0.2326905
v 0.1573958 0.02863646 -0.2421243
v 0.1423958 0.02863646 -0.233464
v 0.1430521 0.02863646 -0.2359132
v 0.1473958 0.01863647 -0.2248038
v 0.1437356 0.01863647 -0.228464
v 0.1423958 0.01863647 -0.233464
v 0.1437356 0.01863647 -0.238464
v 0.1473958 0.01863647 -0.2421243
v 0.1523958 0.01863647 -0.243464
v 0.1573958 0.01863647 -0.2421243
v 0.1610561 0.01863647 -0.238464
v 0.1623958 0.01863647 -0.233464
v 0.1610561 0.01863647 -0.228464
v 0.1573958 0.01863647 -0.2248038
v 0.1523958 0.01863647 -0.223464
v 0.1573958 0.02863646 -0.2248038
v 0.1923959 0.02863646 -0.243464
v 0.1925318 0.02863646 -0.2434276
v 0.2010561 0.02863646 -0.228464
v 0.1973958 0.02863646 -0.2248038
v 0.1853754 0.02863646 -0.2401039
v 0.1843764 0.02863646 -0.2391048
v 0.1873958 0.02863646 -0.2421243
v 0.1873958 0.02863646 -0.2248038
v 0.1850753 0.02863646 -0.2271243
v 0.1923959 0.02863646 -0.223464
v 0.2023958 0.02863646 -0.233464
v 0.1837356 0.02863646 -0.228464
v 0.1833766 0.02863646 -0.2298038
v 0.2010561 0.02863646 -0.238464
v 0.1826031 0.02863646 -0.2326905
v 0.1973958 0.02863646 -0.2421243
v 0.1823958 0.02863646 -0.233464
v 0.1830521 0.02863646 -0.2359132
v 0.1837356 0.02863646 -0.238464
v 0.1873958 0.01863647 -0.2248038
v 0.1837356 0.01863647 -0.228464
v 0.1823958 0.01863647 -0.233464
v 0.1837356 0.01863647 -0.238464
v 0.1873958 0.01863647 -0.2421243
v 0.1923959 0.01863647 -0.243464
v 0.1973958 0.01863647 -0.2421243
v 0.2010561 0.01863647 -0.238464
v 0.2023958 0.01863647 -0.233464
v 0.2010561 0.01863647 -0.228464
v 0.1973958 0.01863647 -0.2248038
v 0.1923959 0.01863647 -0.223464
v 0.2410561 0.02863646 -0.228464
v 0.2373958 0.02863646 -0.2248038
v 0.2273958 0.02863646 -0.2248038
v 0.2250753 0.02863646 -0.2271243
v 0.2323958 0.02863646 -0.223464
v 0.2423958 0.02863646 -0.233464
v 0.2237356 0.02863646 -0.228464
v 0.2233766 0.02863646 -0.2298038
v 0.2410561 0.02863646 -0.238464
v 0.2226031 0.02863646 -0.2326905
v 0.2373958 0.02863646 -0.2421243
v 0.2223958 0.02863646 -0.233464
v 0.2230521 0.02863646 -0.2359132
v 0.2323958 0.02863646 -0.243464
v 0.2237356 0.02863646 -0.238464
v 0.2245555 0.02863646 -0.2392839
v 0.2273958 0.02863646 -0.2421243
v 0.2273958 0.01863647 -0.2248038
v 0.2237356 0.01863647 -0.228464
v 0.2223958 0.01863647 -0.233464
v 0.2237356 0.01863647 -0.238464
v 0.2273958 0.01863647 -0.2421243
v 0.2323958 0.01863647 -0.243464
v 0.2373958 0.01863647 -0.2421243
v 0.2410561 0.01863647 -0.238464
v 0.2423958 0.01863647 -0.233464
v 0.2410561 0.01863647 -0.228464
v 0.2373958 0.01863647 -0.2248038
v 0.2323958 0.01863647 -0.223464
v 0.2773958 0.02863646 -0.2421243
v 0.2797016 0.02863646 -0.2398185
v 0.2673958 0.02863646 -0.2421243
v 0.2688459 0.02863646 -0.2425129
v 0.2810561 0.02863646 -0.238464
v 0.2819473 0.02863646 -0.235138
v 0.2823958 0.02863646 -0.233464
v 0.2814713 0.02863646 -0.2300137
v 0.2723958 0.02863646 -0.243464
v 0.2637356 0.02863646 -0.238464
v 0.2810561 0.02863646 -0.228464
v 0.2634024 0.02863646 -0.2372205
v 0.2673958 0.01863647 -0.2248038
v 0.2637356 0.01863647 -0.228464
v 0.2623958 0.01863647 -0.233464
v 0.2637356 0.01863647 -0.238464
v 0.2673958 0.01863647 -0.2421243
v 0.2723958 0.01863647 -0.243464
v 0.2773958 0.01863647 -0.2421243
v 0.2810561 0.01863647 -0.238464
v 0.2823958 0.01863647 -0.233464
v 0.2810561 0.01863647 -0.228464
v 0.2773958 0.01863647 -0.2248038
v 0.2723958 0.01863647 -0.223464
v 0.2773958 0.02863646 -0.2248038
v 0.2723958 0.02863646 -0.223464
v 0.2625295 0.02863646 -0.2339632
v 0.2623958 0.02863646 -0.233464
v 0.2635619 0.02863646 -0.2291123
v 0.2637356 0.02863646 -0.228464
v 0.2668897 0.02863646 -0.2253099
v 0.2685961 0.02863646 -0.2244821
v 0.2673958 0.02863646 -0.2248038
v 0.3210561 0.02863646 -0.228464
v 0.3210561 0.02863646 -0.238464
v 0.3218406 0.02863646 -0.2355364
v 0.3223958 0.02863646 -0.233464
v 0.3023958 0.02863646 -0.233464
v 0.302492 0.02863646 -0.233823
v 0.3173958 0.02863646 -0.2421243
v 0.3037356 0.02863646 -0.228464
v 0.3032961 0.02863646 -0.2368242
v 0.3123958 0.02863646 -0.243464
v 0.3073958 0.02863646 -0.2248038
v 0.3123958 0.02863646 -0.223464
v 0.3037356 0.02863646 -0.238464
v 0.3053754 0.02863646 -0.2401039
v 0.3073958 0.02863646 -0.2421243
v 0.3073958 0.01863647 -0.2248038
v 0.3037356 0.01863647 -0.228464
v 0.3023958 0.01863647 -0.233464
v 0.3037356 0.01863647 -0.238464
v 0.3073958 0.01863647 -0.2421243
v 0.3123958 0.01863647 -0.243464
v 0.3173958 0.01863647 -0.2421243
v 0.3210561 0.01863647 -0.238464
v 0.3223958 0.01863647 -0.233464
v 0.3210561 0.01863647 -0.228464
v 0.3173958 0.01863647 -0.2248038
v 0.3123958 0.01863647 -0.223464
v 0.3173958 0.02863646 -0.2248038
v 0.03239578 0.02863646 -0.203464
v 0.03422979 0.02863646 -0.2029726
v 0.02373558 0.02863646 -0.198464
v 0.02477497 0.02863646 -0.1995034
v 0.02739581 0.02863646 -0.2021243
v 0.02980915 0.02863646 -0.2027709
v 0.02301127 0.02863646 -0.191167
v 0.02366045 0.02863646 -0.1887443
v 0.02239579 0.02863646 -0.193464
v 0.03473887 0.02863646 -0.2028362
v 0.04239586 0.02863646 -0.193464
v 0.04120177 0.02863646 -0.1890077
v 0.02373558 0.02863646 -0.188464
v 0.04105607 0.02863646 -0.188464
v 0.04105607 0.02863646 -0.198464
v 0.0256187 0.02863646 -0.1865809
v 0.03739581 0.02863646 -0.2021243
v 0.02739581 0.01863647 -0.1848038
v 0.02373558 0.01863647 -0.188464
v 0.02239579 0.01863647 -0.193464
v 0.02373558 0.01863647 -0.198464
v 0.02739581 0.01863647 -0.2021243
v 0.03239578 0.01863647 -0.203464
v 0.03739581 0.01863647 -0.2021243
v 0.04105607 0.01863647 -0.198464
v 0.04239586 0.01863647 -0.193464
v 0.04105607 0.01863647 -0.188464
v 0.03739581 0.01863647 -0.1848038
v 0.03239578 0.01863647 -0.183464
v 0.03739581 0.02863646 -0.1848038
v 0.03239578 0.02863646 -0.183464
v 0.02739581 0.02863646 -0.1848038
v 0.03143778 0.02863646 -0.1837207
v 0.02976468 0.02863646 -0.184169
v 0.02755782 0.02863646 -0.1847604
v 0.06739583 0.02863646 -0.2021243
v 0.07061598 0.02863646 -0.2029872
v 0.06373557 0.02863646 -0.1984641
v 0.06566771 0.02863646 -0.2003962
v 0.07239582 0.02863646 -0.2034641
v 0.07473889 0.02863646 -0.2028362
v 0.08239582 0.02863646 -0.1934641
v 0.08120175 0.02863646 -0.1890078
v 0.08105608 0.02863646 -0.1884641
v 0.08105608 0.02863646 -0.1984641
v 0.07739583 0.02863646 -0.2021243
v 0.06739584 0.01863647 -0.1848038
v 0.06373557 0.01863647 -0.1884641
v 0.06239584 0.01863647 -0.1934641
v 0.06373557 0.01863647 -0.1984641
v 0.06739583 0.01863647 -0.2021243
v 0.07239582 0.01863647 -0.2034641
v 0.07739583 0.01863647 -0.2021243
v 0.08105608 0.01863647 -0.1984641
v 0.08239582 0.01863647 -0.1934641
v 0.08105608 0.01863647 -0.1884641
v 0.07739583 0.01863647 -0.1848038
v 0.07239582 0.01863647 -0.1834641
v 0.07739583 0.02863646 -0.1848038
v 0.07239582 0.02863646 -0.1834641
v 0.06239584 0.02863646 -0.1934641
v 0.06354573 0.02863646 -0.1891726
v 0.06373557 0.02863646 -0.1884641
v 0.0655415 0.02863646 -0.1866582
v 0.06739584 0.02863646 -0.1848038
v 0.06299434 0.02863646 -0.1912304
v 0.06668475 0.02863646 -0.1855149
v 0.03239578 0.02863646 -0.163464
v 0.03362876 0.02863646 -0.1631337
v 0.02739581 0.02863646 -0.1621243
v 0.02834257 0.02863646 -0.162378
v 0.02373558 0.02863646 -0.158464
v 0.02418047 0.02863646 -0.158909
v 0.02665794 0.02863646 -0.1613865
v 0.02434728 0.02863646 -0.1590758
v 0.0292702 0.02863646 -0.1626265
v 0.02526966 0.02863646 -0.1469299
v 0.0259968 0.02863646 -0.1462028
v 0.02289751 0.02863646 -0.1515917
v 0.02315336 0.02863646 -0.1506369
v 0.02239579 0.02863646 -0.153464
v 0.03615165 0.02863646 -0.1624577
v 0.03473887 0.02863646 -0.1628362
v 0.02373558 0.02863646 -0.1484641
v 0.02324817 0.02863646 -0.150283
v 0.02670094 0.02863646 -0.1454986
v 0.04105607 0.02863646 -0.158464
v 0.04213136 0.02863646 -0.1544512
v 0.02475658 0.02863646 -0.147443
v 0.03739581 0.02863646 -0.1621243
v 0.04239586 0.02863646 -0.153464
v 0.04105607 0.02863646 -0.1484641
v 0.02739581 0.01863647 -0.1448038
v 0.02373558 0.01863647 -0.1484641
v 0.02239579 0.01863647 -0.153464
v 0.02373558 0.01863647 -0.158464
v 0.02739581 0.01863647 -0.1621243
v 0.03239578 0.01863647 -0.163464
v 0.03739581 0.01863647 -0.1621243
v 0.04105607 0.01863647 -0.158464
v 0.04239586 0.01863647 -0.153464
v 0.04105607 0.01863647 -0.1484641
v 0.03739581 0.01863647 -0.1448038
v 0.03239578 0.01863647 -0.1434641
v 0.03239578 0.02863646 -0.1434641
v 0.03257892 0.02863646 -0.1435131
v 0.03739581 0.02863646 -0.1448038
v 0.03030679 0.02863646 -0.1440238
v 0.02920496 0.02863646 -0.144319
v 0.02739581 0.02863646 -0.1448038
v 0.02860644 0.02863646 -0.1224487
v 0.02844742 0.02863646 -0.1224062
v 0.03239578 0.02863646 -0.1234641
v 0.03274617 0.02863646 -0.1233702
v 0.02631131 0.02863646 -0.1210399
v 0.02512783 0.02863646 -0.1198564
v 0.03503287 0.02863646 -0.1227575
v 0.02239579 0.02863646 -0.1134641
v 0.02273685 0.02863646 -0.1147369
v 0.02739581 0.02863646 -0.1221243
v 0.02373558 0.02863646 -0.1184641
v 0.04187539 0.02863646 -0.1154064
v 0.04175323 0.02863646 -0.1158625
v 0.04098698 0.02863646 -0.1185332
v 0.04094359 0.02863646 -0.1185766
v 0.04239586 0.02863646 -0.1134641
v 0.04105607 0.02863646 -0.1084641
v 0.04139832 0.02863646 -0.1171869
v 0.04105607 0.02863646 -0.1184641
v 0.04123932 0.02863646 -0.1177803
v 0.02550206 0.02863646 -0.1066975
v 0.02561471 0.02863646 -0.1065849
v 0.02834278 0.02863646 -0.1045501
v 0.02864581 0.02863646 -0.1044689
v 0.02373558 0.02863646 -0.1084641
v 0.02342334 0.02863646 -0.1096294
v 0.03739581 0.02863646 -0.1221243
v 0.03605607 0.02863646 -0.1224833
v 0.02248693 0.02863646 -0.113124
v 0.02474996 0.02863646 -0.1074496
v 0.02274132 0.02863646 -0.1121745
v 0.02739581 0.02863646 -0.1048038
v 0.02406752 0.02863646 -0.1081321
v 0.02739581 0.01863647 -0.1048038
v 0.02373558 0.01863647 -0.1084641
v 0.02239579 0.01863647 -0.1134641
v 0.02373558 0.01863647 -0.1184641
v 0.02739581 0.01863647 -0.1221243
v 0.03239578 0.01863647 -0.1234641
v 0.03739581 0.01863647 -0.1221243
v 0.04105607 0.01863647 -0.1184641
v 0.04239586 0.01863647 -0.1134641
v 0.04105607 0.01863647 -0.1084641
v 0.03739581 0.01863647 -0.1048038
v 0.03239578 0.01863647 -0.1034641
v 0.03703684 0.02863646 -0.1047076
v 0.0369826 0.02863646 -0.1046931
v 0.03926095 0.02863646 -0.106669
v 0.0389185 0.02863646 -0.1063265
v 0.03239578 0.02863646 -0.1034641
v 0.03739581 0.02863646 -0.1048038
v 0.03794748 0.02863646 -0.1053555
v 0.03062361 0.02863646 -0.103939
v 0.03317231 0.02863646 -0.06367216
v 0.03239584 0.02863646 -0.06346408
v 0.03449771 0.02863646 -0.08290085
v 0.03407118 0.02863646 -0.08301517
v 0.03696707 0.02863646 -0.08223918
v 0.03338954 0.02863646 -0.0831978
v 0.03231078 0.02863646 -0.08344129
v 0.03209859 0.02863646 -0.08338442
v 0.03084877 0.02863646 -0.08304951
v 0.03080425 0.02863646 -0.08303759
v 0.03239584 0.02863646 -0.08346406
v 0.03325298 0.02863646 -0.0832344
v 0.03149182 0.02863646 -0.08322182
v 0.03114364 0.02863646 -0.08312854
v 0.02739581 0.02863646 -0.08212432
v 0.02373558 0.02863646 -0.07846406
v 0.02493599 0.02863646 -0.0796645
v 0.0269492 0.02863646 -0.08167771
v 0.03091666 0.02863646 -0.06386039
v 0.03221428 0.02863646 -0.06351271
v 0.02820745 0.02863646 -0.06458637
v 0.02855504 0.02863646 -0.06449321
v 0.03056732 0.02863646 -0.06395403
v 0.02765203 0.02863646 -0.06473514
v 0.02676326 0.02863646 -0.06543639
v 0.02688655 0.02863646 -0.06531313
v 0.02600029 0.02863646 -0.06619939
v 0.02602687 0.02863646 -0.06617281
v 0.02739581 0.02863646 -0.06480381
v 0.02693576 0.02863646 -0.0652639
v 0.02754068 0.02863646 -0.06476501
v 0.02640799 0.02863646 -0.06579164
v 0.02620223 0.02863646 -0.06599745
v 0.02389419 0.02863646 -0.06830546
v 0.02251366 0.02863646 -0.07302436
v 0.02297589 0.02863646 -0.07129905
v 0.02239579 0.02863646 -0.07346407
v 0.02368912 0.02863646 -0.0686374
v 0.02373558 0.02863646 -0.06846407
v 0.02739581 0.01863647 -0.06480381
v 0.02373558 0.01863647 -0.06846407
v 0.02239579 0.01863647 -0.07346407
v 0.02373558 0.01863647 -0.07846406
v 0.02739581 0.01863647 -0.08212432
v 0.03239584 0.01863647 -0.08346406
v 0.03739583 0.01863647 -0.08212432
v 0.0410561 0.01863647 -0.07846406
v 0.04239586 0.01863647 -0.07346407
v 0.0410561 0.01863647 -0.06846407
v 0.03739583 0.01863647 -0.06480381
v 0.03239584 0.01863647 -0.06346408
v 0.0410561 0.02863646 -0.06846407
v 0.03739583 0.02863646 -0.06480381
v 0.04239586 0.02863646 -0.07346407
v 0.042068 0.02863646 -0.07468763
v 0.0410561 0.02863646 -0.07846406
v 0.03867191 0.02863646 -0.08084831
v 0.03739583 0.02863646 -0.08212432
v 0.03879666 0.02863646 -0.08072349
v 0.03946039 0.02863646 -0.08005974
v 0.03451121 0.02863646 -0.02403089
v 0.03535634 0.02863646 -0.02425733
v 0.03239578 0.02863646 -0.02346405
v 0.03739583 0.02863646 -0.02480379
v 0.02739581 0.02863646 -0.0421243
v 0.02766839 0.02863646 -0.04219732
v 0.02930921 0.02863646 -0.04263696
v 0.02373558 0.02863646 -0.02846405
v 0.02347183 0.02863646 -0.02944818
v 0.02811304 0.02863646 -0.02461162
v 0.02871856 0.02863646 -0.02444938
v 0.02739581 0.02863646 -0.02480379
v 0.02718639 0.02863646 -0.02501324
v 0.04105607 0.02863646 -0.02846405
v 0.02290112 0.02863646 -0.03157803
v 0.02297708 0.02863646 -0.03129479
v 0.02373558 0.02863646 -0.03846404
v 0.02341208 0.02863646 -0.02967128
v 0.02380535 0.02863646 -0.02839431
v 0.0245091 0.02863646 -0.02769056
v 0.03081089 0.02863646 -0.02388874
v 0.02239579 0.02863646 -0.03346404
v 0.02739581 0.01863647 -0.02480379
v 0.02373558 0.01863647 -0.02846405
v 0.02239579 0.01863647 -0.03346404
v 0.02373558 0.01863647 -0.03846404
v 0.02739581 0.01863647 -0.0421243
v 0.03239578 0.01863647 -0.04346403
v 0.03739583 0.01863647 -0.0421243
v 0.04105607 0.01863647 -0.03846404
v 0.04239586 0.01863647 -0.03346404
v 0.04105607 0.01863647 -0.02846405
v 0.03739583 0.01863647 -0.02480379
v 0.03239578 0.01863647 -0.02346405
v 0.04219764 0.02863646 -0.03272435
v 0.04239586 0.02863646 -0.03346404
v 0.04125276 0.02863646 -0.03773007
v 0.04229048 0.02863646 -0.03385732
v 0.03841898 0.02863646 -0.04110113
v 0.03902432 0.02863646 -0.04049578
v 0.03239578 0.02863646 -0.04346403
v 0.03739583 0.02863646 -0.0421243
v 0.02954578 0.02863646 -0.04270038
v 0.03077987 0.02863646 -0.04303107
v 0.04108137 0.02863646 -0.02855852
v 0.04105607 0.02863646 -0.03846404
v 0.03239584 0.02863646 0.01653591
v 0.03739583 0.02863646 0.0151962
v 0.0410561 0.02863646 0.01153591
v 0.02373558 0.02863646 0.01153591
v 0.02365148 0.02863646 0.01122209
v 0.02739581 0.02863646 0.0151962
v 0.0229395 0.02863646 0.008565098
v 0.02239579 0.02863646 0.006535977
v 0.02260306 0.02863646 0.005762428
v 0.02348322 0.02863646 0.002477705
v 0.02373558 0.02863646 0.001535952
v 0.02739581 0.02863646 -0.00212431
v 0.02739581 0.01863647 0.01519623
v 0.02373558 0.01863647 0.01153597
v 0.02239579 0.01863647 0.006535977
v 0.02373558 0.01863647 0.001535982
v 0.02739581 0.01863647 -0.00212428
v 0.03239578 0.01863647 -0.003464013
v 0.03739583 0.01863647 -0.00212428
v 0.04105607 0.01863647 0.001535982
v 0.04239586 0.01863647 0.006535977
v 0.04105607 0.01863647 0.01153597
v 0.03739583 0.01863647 0.01519623
v 0.03239578 0.01863647 0.01653597
v 0.04116157 0.02863646 0.01114228
v 0.04239586 0.02863646 0.006535977
v 0.0410561 0.02863646 0.001535952
v 0.03739583 0.02863646 -0.00212431
v 0.03239584 0.02863646 -0.003464043
v 0.06239584 0.02863646 0.006535918
v 0.06240331 0.02863646 0.006507963
v 0.06373557 0.02863646 0.001535922
v 0.06739583 0.02863646 -0.002124339
v 0.06739584 0.01863647 0.01519617
v 0.06373557 0.01863647 0.01153591
v 0.06239584 0.01863647 0.006535918
v 0.06373557 0.01863647 0.001535922
v 0.06739583 0.01863647 -0.002124339
v 0.07239582 0.01863647 -0.003464073
v 0.07739583 0.01863647 -0.002124339
v 0.08105608 0.01863647 0.001535922
v 0.08239582 0.01863647 0.006535918
v 0.08105608 0.01863647 0.01153591
v 0.07739583 0.01863647 0.01519617
v 0.07239582 0.01863647 0.01653591
v 0.07739583 0.02863646 0.01519617
v 0.07239582 0.02863646 0.01653591
v 0.08105608 0.02863646 0.01153591
v 0.08134519 0.02863646 0.01045695
v 0.08239582 0.02863646 0.006535918
v 0.08199032 0.02863646 0.005022526
v 0.08105608 0.02863646 0.001535922
v 0.07739583 0.02863646 -0.002124339
v 0.07279392 0.02863646 -0.003357381
v 0.07239582 0.02863646 -0.003464073
v 0.06853688 0.02863646 -0.002430081
v 0.07055123 0.02863646 -0.002969831
v 0.0624998 0.02863646 0.006147891
v 0.06311642 0.02863646 0.003846675
v 0.06272118 0.02863646 0.007750124
v 0.06262361 0.02863646 0.007386029
v 0.06689465 0.02863646 0.01469502
v 0.06739584 0.02863646 0.01519617
v 0.07088104 0.02863646 -0.003058225
v 0.06247169 0.02863646 0.00681901
v 0.06373557 0.02863646 0.01153591
v 0.06387663 0.02863646 0.01167694
v 0.07139695 0.02863646 -0.003196448
v 0.1037356 0.02863646 0.01153597
v 0.1030236 0.02863646 0.008878976
v 0.1073958 0.02863646 0.01519623
v 0.1123958 0.02863646 0.01653597
v 0.1023958 0.02863646 0.006535977
v 0.102492 0.02863646 0.006176978
v 0.1032962 0.02863646 0.003175825
v 0.1037356 0.02863646 0.001535982
v 0.1053754 0.02863646 -0.0001038909
v 0.1073958 0.02863646 -0.00212428
v 0.1073958 0.01863647 0.01519623
v 0.1037356 0.01863647 0.01153597
v 0.1023958 0.01863647 0.006535977
v 0.1037356 0.01863647 0.001535982
v 0.1073958 0.01863647 -0.00212428
v 0.1123958 0.01863647 -0.003464013
v 0.1173958 0.01863647 -0.00212428
v 0.1210561 0.01863647 0.001535982
v 0.1223958 0.01863647 0.006535977
v 0.1210561 0.01863647 0.01153597
v 0.1173958 0.01863647 0.01519623
v 0.1123958 0.01863647 0.01653597
v 0.1173958 0.02863646 0.01519623
v 0.1210561 0.02863646 0.01153597
v 0.121876 0.02863646 0.008475929
v 0.1223958 0.02863646 0.006535977
v 0.1210561 0.02863646 0.001535982
v 0.1173958 0.02863646 -0.00212428
v 0.1123958 0.02863646 -0.003464013
v 0.1423958 0.02863646 0.006535977
v 0.142492 0.02863646 0.006176978
v 0.1437356 0.02863646 0.01153591
v 0.1432962 0.02863646 0.003175825
v 0.1473958 0.02863646 0.0151962
v 0.1523958 0.02863646 0.01653591
v 0.1437356 0.02863646 0.001535952
v 0.1453754 0.02863646 -0.0001038611
v 0.1473958 0.02863646 -0.00212431
v 0.1473958 0.01863647 0.0151962
v 0.1437356 0.01863647 0.01153591
v 0.1423958 0.01863647 0.006535977
v 0.1437356 0.01863647 0.001535952
v 0.1473958 0.01863647 -0.00212431
v 0.1523958 0.01863647 -0.003464043
v 0.1573958 0.01863647 -0.00212431
v 0.1610561 0.01863647 0.001535952
v 0.1623958 0.01863647 0.006535977
v 0.1610561 0.01863647 0.01153591
v 0.1573958 0.01863647 0.0151962
v 0.1523958 0.01863647 0.01653591
v 0.1573958 0.02863646 0.0151962
v 0.1610561 0.02863646 0.01153591
v 0.1623958 0.02863646 0.006535977
v 0.1621621 0.02863646 0.005663663
v 0.1610561 0.02863646 0.001535952
v 0.1573958 0.02863646 -0.00212431
v 0.1523958 0.02863646 -0.003464043
v 0.1823958 0.02863646 0.006535977
v 0.182492 0.02863646 0.006176978
v 0.1837356 0.02863646 0.01153591
v 0.1832962 0.02863646 0.003175825
v 0.1873958 0.02863646 0.0151962
v 0.1923958 0.02863646 0.01653597
v 0.1837356 0.02863646 0.001535952
v 0.1853754 0.02863646 -0.0001038611
v 0.1873958 0.02863646 -0.00212431
v 0.1873958 0.01863647 0.0151962
v 0.1837356 0.01863647 0.01153591
v 0.1823958 0.01863647 0.006535977
v 0.1837356 0.01863647 0.001535952
v 0.1873958 0.01863647 -0.00212431
v 0.1923958 0.01863647 -0.003464043
v 0.1973958 0.01863647 -0.00212431
v 0.2010561 0.01863647 0.001535952
v 0.2023958 0.01863647 0.006535977
v 0.2010561 0.01863647 0.01153591
v 0.1973958 0.01863647 0.0151962
v 0.1923958 0.01863647 0.01653597
v 0.1973958 0.02863646 0.0151962
v 0.2010561 0.02863646 0.01153591
v 0.2023958 0.02863646 0.006535977
v 0.2014541 0.02863646 0.003021389
v 0.2010561 0.02863646 0.001535952
v 0.1973958 0.02863646 -0.00212431
v 0.1923958 0.02863646 -0.003464043
v 0.1523958 0.02863646 -0.203464
v 0.1547389 0.02863646 -0.2028362
v 0.1623958 0.02863646 -0.193464
v 0.1612018 0.02863646 -0.1890077
v 0.1610561 0.02863646 -0.188464
v 0.1473958 0.02863646 -0.2021243
v 0.1610561 0.02863646 -0.198464
v 0.1437356 0.02863646 -0.198464
v 0.1573958 0.02863646 -0.2021243
v 0.1473958 0.01863647 -0.1848038
v 0.1437356 0.01863647 -0.188464
v 0.1423958 0.01863647 -0.193464
v 0.1437356 0.01863647 -0.198464
v 0.1473958 0.01863647 -0.2021243
v 0.1523958 0.01863647 -0.203464
v 0.1573958 0.01863647 -0.2021243
v 0.1610561 0.01863647 -0.198464
v 0.1623958 0.01863647 -0.193464
v 0.1610561 0.01863647 -0.188464
v 0.1573958 0.01863647 -0.1848038
v 0.1523958 0.01863647 -0.183464
v 0.1573958 0.02863646 -0.1848038
v 0.1523958 0.02863646 -0.183464
v 0.1428155 0.02863646 -0.1950303
v 0.1423958 0.02863646 -0.193464
v 0.1433362 0.02863646 -0.1899545
v 0.1437356 0.02863646 -0.188464
v 0.1473958 0.02863646 -0.1848038
v 0.1573958 0.02863646 -0.1448038
v 0.1568808 0.02863646 -0.1446658
v 0.1437356 0.02863646 -0.158464
v 0.1440399 0.02863646 -0.1587683
v 0.1610561 0.02863646 -0.1484641
v 0.1573958 0.02863646 -0.1621243
v 0.1608232 0.02863646 -0.1586969
v 0.1523958 0.02863646 -0.163464
v 0.1610561 0.02863646 -0.158464
v 0.1473958 0.02863646 -0.1621243
v 0.1473958 0.01863647 -0.1448038
v 0.1437356 0.01863647 -0.1484641
v 0.1423958 0.01863647 -0.153464
v 0.1437356 0.01863647 -0.158464
v 0.1473958 0.01863647 -0.1621243
v 0.1523958 0.01863647 -0.163464
v 0.1573958 0.01863647 -0.1621243
v 0.1610561 0.01863647 -0.158464
v 0.1623958 0.01863647 -0.153464
v 0.1610561 0.01863647 -0.1484641
v 0.1573958 0.01863647 -0.1448038
v 0.1523958 0.01863647 -0.1434641
v 0.1619116 0.02863646 -0.1516567
v 0.1623958 0.02863646 -0.153464
v 0.1437066 0.02863646 -0.1583559
v 0.1427748 0.02863646 -0.1520496
v 0.1437356 0.02863646 -0.1484641
v 0.1445287 0.02863646 -0.1476709
v 0.1473958 0.02863646 -0.1448038
v 0.1523958 0.02863646 -0.1434641
v 0.1543958 0.02863646 -0.144
v 0.1619022 0.02863646 -0.151622
v 0.1612638 0.02863646 -0.1492393
v 0.143399 0.02863646 -0.157208
v 0.1423958 0.02863646 -0.153464
v 0.1544331 0.02863646 -0.1440099
v 0.1573958 0.02863646 -0.1048038
v 0.1568091 0.02863646 -0.1046466
v 0.1561841 0.02863646 -0.1044791
v 0.1437356 0.02863646 -0.118464
v 0.1473958 0.02863646 -0.1221243
v 0.1610561 0.02863646 -0.108464
v 0.1429982 0.02863646 -0.1157122
v 0.1473958 0.01863647 -0.1048038
v 0.1437356 0.01863647 -0.108464
v 0.1423958 0.01863647 -0.113464
v 0.1437356 0.01863647 -0.118464
v 0.1473958 0.01863647 -0.1221243
v 0.1523958 0.01863647 -0.123464
v 0.1573958 0.01863647 -0.1221243
v 0.1610561 0.01863647 -0.118464
v 0.1623958 0.01863647 -0.113464
v 0.1610561 0.01863647 -0.108464
v 0.1573958 0.01863647 -0.1048038
v 0.1523958 0.01863647 -0.103464
v 0.1614836 0.02863646 -0.1100594
v 0.161196 0.02863646 -0.1089861
v 0.1611677 0.02863646 -0.1180473
v 0.1610561 0.02863646 -0.118464
v 0.1588999 0.02863646 -0.1206202
v 0.1603636 0.02863646 -0.1191565
v 0.1546982 0.02863646 -0.1228471
v 0.1570529 0.02863646 -0.1222162
v 0.1507792 0.02863646 -0.1230309
v 0.142634 0.02863646 -0.114353
v 0.1423958 0.02863646 -0.113464
v 0.143654 0.02863646 -0.1087686
v 0.1429535 0.02863646 -0.1113828
v 0.1471364 0.02863646 -0.1050632
v 0.1454851 0.02863646 -0.1067145
v 0.1485727 0.02863646 -0.1044885
v 0.1479482 0.02863646 -0.1046558
v 0.1616886 0.02863646 -0.1108247
v 0.1611946 0.02863646 -0.1179472
v 0.1573958 0.02863646 -0.1221243
v 0.1533702 0.02863646 -0.1232029
v 0.1523958 0.02863646 -0.123464
v 0.1425682 0.02863646 -0.1128208
v 0.1437356 0.02863646 -0.108464
v 0.1473958 0.02863646 -0.1048038
v 0.1486804 0.02863646 -0.1044596
v 0.1523958 0.02863646 -0.103464
v 0.1623958 0.02863646 -0.113464
v 0.1621431 0.02863646 -0.1144072
v 0.1523958 0.02863646 -0.08346406
v 0.1531648 0.02863646 -0.083258
v 0.1473958 0.02863646 -0.08212432
v 0.148024 0.02863646 -0.08229265
v 0.1610561 0.02863646 -0.06846407
v 0.1602495 0.02863646 -0.06765744
v 0.1573958 0.02863646 -0.06480381
v 0.1546946 0.02863646 -0.06408003
v 0.1437356 0.02863646 -0.07846406
v 0.1473958 0.01863647 -0.06480381
v 0.1437356 0.01863647 -0.06846407
v 0.1423958 0.01863647 -0.07346407
v 0.1437356 0.01863647 -0.07846406
v 0.1473958 0.01863647 -0.08212432
v 0.1523958 0.01863647 -0.08346406
v 0.1573958 0.01863647 -0.08212432
v 0.1610561 0.01863647 -0.07846406
v 0.1623958 0.01863647 -0.07346407
v 0.1610561 0.01863647 -0.06846407
v 0.1573958 0.01863647 -0.06480381
v 0.1523958 0.01863647 -0.06346408
v 0.1611713 0.02863646 -0.068894
v 0.161817 0.02863646 -0.0756242
v 0.1622563 0.02863646 -0.07398489
v 0.1579961 0.02863646 -0.0815241
v 0.1573958 0.02863646 -0.08212432
v 0.1551207 0.02863646 -0.0827339
v 0.1433355 0.02863646 -0.07697085
v 0.1436592 0.02863646 -0.07817909
v 0.1436124 0.02863646 -0.06892392
v 0.1429805 0.02863646 -0.07128212
v 0.1455777 0.02863646 -0.06662199
v 0.1448758 0.02863646 -0.06732389
v 0.1486217 0.02863646 -0.06447533
v 0.1523958 0.02863646 -0.06346408
v 0.1615647 0.02863646 -0.0703623
v 0.1623958 0.02863646 -0.07346407
v 0.1610561 0.02863646 -0.07846406
v 0.1581981 0.02863646 -0.0813221
v 0.1559557 0.02863646 -0.0825102
v 0.1423958 0.02863646 -0.07346407
v 0.1425713 0.02863646 -0.07280907
v 0.1437356 0.02863646 -0.06846407
v 0.1440733 0.02863646 -0.06812629
v 0.1458007 0.02863646 -0.06639895
v 0.1473958 0.02863646 -0.06480381
v 0.1523958 0.02863646 -0.02346405
v 0.1573958 0.02863646 -0.02480379
v 0.1449994 0.02863646 -0.02720019
v 0.1453958 0.02863646 -0.02680382
v 0.1460111 0.02863646 -0.02618858
v 0.1437356 0.02863646 -0.02846405
v 0.1432393 0.02863646 -0.03031632
v 0.1423958 0.02863646 -0.03346404
v 0.143227 0.02863646 -0.03656575
v 0.1610561 0.02863646 -0.02846405
v 0.1431884 0.02863646 -0.03050599
v 0.1437356 0.02863646 -0.03846404
v 0.1496456 0.02863646 -0.02420095
v 0.1473958 0.02863646 -0.02480379
v 0.1463645 0.02863646 -0.02583513
v 0.1473958 0.01863647 -0.02480379
v 0.1437356 0.01863647 -0.02846405
v 0.1423958 0.01863647 -0.03346404
v 0.1437356 0.01863647 -0.03846404
v 0.1473958 0.01863647 -0.0421243
v 0.1523958 0.01863647 -0.04346403
v 0.1573958 0.01863647 -0.0421243
v 0.1610561 0.01863647 -0.03846404
v 0.1623958 0.01863647 -0.03346404
v 0.1610561 0.01863647 -0.02846405
v 0.1573958 0.01863647 -0.02480379
v 0.1523958 0.01863647 -0.02346405
v 0.1622375 0.02863646 -0.0328733
v 0.1623958 0.02863646 -0.03346404
v 0.1612528 0.02863646 -0.03773007
v 0.1610561 0.02863646 -0.03846404
v 0.1573958 0.02863646 -0.0421243
v 0.1553636 0.02863646 -0.04266885
v 0.1558802 0.02863646 -0.04253039
v 0.1520806 0.02863646 -0.04337958
v 0.1473958 0.02863646 -0.0421243
v 0.1566796 0.02863646 -0.04231623
v 0.1523958 0.02863646 -0.04346403
v 0.2223958 0.02863646 0.006535947
v 0.2232962 0.02863646 0.003175795
v 0.2237356 0.02863646 0.01153594
v 0.2237356 0.02863646 0.001535952
v 0.2253754 0.02863646 -0.0001038909
v 0.2273958 0.02863646 0.0151962
v 0.2323958 0.02863646 0.01653594
v 0.2273958 0.02863646 -0.00212431
v 0.2273958 0.01863647 0.0151962
v 0.2237356 0.01863647 0.01153594
v 0.2223958 0.01863647 0.006535947
v 0.2237356 0.01863647 0.001535952
v 0.2273958 0.01863647 -0.00212431
v 0.2323958 0.01863647 -0.003464043
v 0.2373958 0.01863647 -0.00212431
v 0.2410561 0.01863647 0.001535952
v 0.2423958 0.01863647 0.006535947
v 0.2410561 0.01863647 0.01153594
v 0.2373958 0.01863647 0.0151962
v 0.2323958 0.01863647 0.01653594
v 0.2373958 0.02863646 0.0151962
v 0.2410561 0.02863646 0.01153594
v 0.2423958 0.02863646 0.006535947
v 0.242033 0.02863646 0.005182058
v 0.2410561 0.02863646 0.001535952
v 0.2398702 0.02863646 0.0003500581
v 0.2373958 0.02863646 -0.00212431
v 0.2323958 0.02863646 -0.003464043
v 0.2723958 0.02863646 0.01653594
v 0.2773958 0.02863646 0.0151962
v 0.2810561 0.02863646 0.01153594
v 0.2673958 0.02863646 0.0151962
v 0.2637356 0.02863646 0.001535952
v 0.2669054 0.02863646 -0.001633883
v 0.2623958 0.02863646 0.006535947
v 0.2673958 0.02863646 -0.00212431
v 0.2637356 0.02863646 0.01153594
v 0.2669055 0.02863646 0.01470581
v 0.2673958 0.01863647 0.0151962
v 0.2637356 0.01863647 0.01153594
v 0.2623958 0.01863647 0.006535947
v 0.2637356 0.01863647 0.001535952
v 0.2673958 0.01863647 -0.00212431
v 0.2723958 0.01863647 -0.003464043
v 0.2773958 0.01863647 -0.00212431
v 0.2810561 0.01863647 0.001535952
v 0.2823958 0.01863647 0.006535947
v 0.2810561 0.01863647 0.01153594
v 0.2773958 0.01863647 0.0151962
v 0.2723958 0.01863647 0.01653594
v 0.2823958 0.02863646 0.006535947
v 0.2810561 0.02863646 0.001535952
v 0.2808988 0.02863646 0.001378626
v 0.2773958 0.02863646 -0.00212431
v 0.2723958 0.02863646 -0.003464043
v 0.3123958 0.02863646 0.01653594
v 0.3173958 0.02863646 0.0151962
v 0.3210561 0.02863646 0.01153594
v 0.3223958 0.02863646 0.006535947
v 0.3037356 0.02863646 0.001535952
v 0.3069054 0.02863646 -0.001633912
v 0.3023958 0.02863646 0.006535947
v 0.3073958 0.02863646 -0.00212431
v 0.3037356 0.02863646 0.01153594
v 0.3069054 0.02863646 0.01470581
v 0.3073958 0.01863647 0.0151962
v 0.3037356 0.01863647 0.01153594
v 0.3023958 0.01863647 0.006535947
v 0.3037356 0.01863647 0.001535952
v 0.3073958 0.01863647 -0.00212431
v 0.3123958 0.01863647 -0.003464043
v 0.3173958 0.01863647 -0.00212431
v 0.3210561 0.01863647 0.001535952
v 0.3223958 0.01863647 0.006535947
v 0.3210561 0.01863647 0.01153594
v 0.3173958 0.01863647 0.0151962
v 0.3123958 0.01863647 0.01653594
v 0.3210561 0.02863646 0.001535952
v 0.3187901 0.02863646 -0.0007300079
v 0.3173958 0.02863646 -0.00212431
v 0.3143741 0.02863646 -0.002933979
v 0.3123958 0.02863646 -0.003464043
v 0.3073958 0.02863646 0.0151962
v 0.3223958 0.02863646 -0.1934641
v 0.3214921 0.02863646 -0.1900911
v 0.3173958 0.02863646 -0.2021243
v 0.319936 0.02863646 -0.1995841
v 0.3210561 0.02863646 -0.1884641
v 0.3023958 0.02863646 -0.1934641
v 0.3032392 0.02863646 -0.1966117
v 0.3123958 0.02863646 -0.2034641
v 0.3150754 0.02863646 -0.2027461
v 0.3210561 0.02863646 -0.1984641
v 0.3151236 0.02863646 -0.2027332
v 0.3204302 0.02863646 -0.19909
v 0.3073958 0.02863646 -0.2021243
v 0.3037356 0.02863646 -0.1984641
v 0.3073958 0.01863647 -0.1848038
v 0.3037356 0.01863647 -0.1884641
v 0.3023958 0.01863647 -0.1934641
v 0.3037356 0.01863647 -0.1984641
v 0.3073958 0.01863647 -0.2021243
v 0.3123958 0.01863647 -0.2034641
v 0.3173958 0.01863647 -0.2021243
v 0.3210561 0.01863647 -0.1984641
v 0.3223958 0.01863647 -0.1934641
v 0.3210561 0.01863647 -0.1884641
v 0.3173958 0.01863647 -0.1848038
v 0.3123958 0.01863647 -0.1834641
v 0.3173958 0.02863646 -0.1848038
v 0.3123958 0.02863646 -0.1834641
v 0.3174725 0.02863646 -0.1848806
v 0.3037356 0.02863646 -0.1884641
v 0.3073958 0.02863646 -0.1848038
v 0.3223958 0.02863646 -0.153464
v 0.3218664 0.02863646 -0.1514879
v 0.3210561 0.02863646 -0.1484641
v 0.3179933 0.02863646 -0.1454013
v 0.3218138 0.02863646 -0.1512919
v 0.3073958 0.02863646 -0.1621243
v 0.307752 0.02863646 -0.1622197
v 0.3081784 0.02863646 -0.162334
v 0.3210561 0.02863646 -0.158464
v 0.3173958 0.02863646 -0.1621243
v 0.319936 0.02863646 -0.1595841
v 0.3209321 0.02863646 -0.158588
v 0.3208398 0.02863646 -0.1586804
v 0.3037356 0.02863646 -0.158464
v 0.3108989 0.02863646 -0.163063
v 0.3087356 0.02863646 -0.1624833
v 0.3123958 0.02863646 -0.163464
v 0.3150754 0.02863646 -0.1627461
v 0.3154576 0.02863646 -0.1626436
v 0.3023958 0.02863646 -0.153464
v 0.3073958 0.01863647 -0.1448038
v 0.3037356 0.01863647 -0.1484641
v 0.3023958 0.01863647 -0.153464
v 0.3037356 0.01863647 -0.158464
v 0.3073958 0.01863647 -0.1621243
v 0.3123958 0.01863647 -0.163464
v 0.3173958 0.01863647 -0.1621243
v 0.3210561 0.01863647 -0.158464
v 0.3223958 0.01863647 -0.153464
v 0.3210561 0.01863647 -0.1484641
v 0.3173958 0.01863647 -0.1448038
v 0.3123958 0.01863647 -0.1434641
v 0.3123958 0.02863646 -0.1434641
v 0.3139881 0.02863646 -0.1438907
v 0.3037356 0.02863646 -0.1484641
v 0.306024 0.02863646 -0.1461757
v 0.3073958 0.02863646 -0.1448038
v 0.3108984 0.02863646 -0.1438653
v 0.3105303 0.02863646 -0.1439639
v 0.3173958 0.02863646 -0.1448038
v 0.3113388 0.02863646 -0.1437473
v 0.3037356 0.02863646 -0.118464
v 0.3041982 0.02863646 -0.1189267
v 0.318633 0.02863646 -0.1060409
v 0.3198851 0.02863646 -0.107293
v 0.3210561 0.02863646 -0.108464
v 0.3173958 0.02863646 -0.1048038
v 0.3172939 0.02863646 -0.1047765
v 0.3175656 0.02863646 -0.1049735
v 0.3178783 0.02863646 -0.1052862
v 0.3223958 0.02863646 -0.113464
v 0.3221904 0.02863646 -0.1126973
v 0.3073958 0.02863646 -0.1221243
v 0.3084091 0.02863646 -0.1223958
v 0.3087326 0.02863646 -0.1224824
v 0.3023958 0.02863646 -0.113464
v 0.3173958 0.02863646 -0.1221243
v 0.3175144 0.02863646 -0.1220057
v 0.319936 0.02863646 -0.1195841
v 0.3143804 0.02863646 -0.1229323
v 0.3141496 0.02863646 -0.1229941
v 0.3149016 0.02863646 -0.1227926
v 0.3144921 0.02863646 -0.1229024
v 0.3216731 0.02863646 -0.1161613
v 0.3113423 0.02863646 -0.1231817
v 0.3103552 0.02863646 -0.1229173
v 0.315885 0.02863646 -0.1225291
v 0.3123958 0.02863646 -0.123464
v 0.3210561 0.02863646 -0.118464
v 0.3073958 0.01863647 -0.1048038
v 0.3037356 0.01863647 -0.108464
v 0.3023958 0.01863647 -0.113464
v 0.3037356 0.01863647 -0.118464
v 0.3073958 0.01863647 -0.1221243
v 0.3123958 0.01863647 -0.123464
v 0.3173958 0.01863647 -0.1221243
v 0.3210561 0.01863647 -0.118464
v 0.3223958 0.01863647 -0.113464
v 0.3210561 0.01863647 -0.108464
v 0.3173958 0.01863647 -0.1048038
v 0.3123958 0.01863647 -0.103464
v 0.3037356 0.02863646 -0.108464
v 0.3071248 0.02863646 -0.1050749
v 0.3064471 0.02863646 -0.1057526
v 0.3120556 0.02863646 -0.1035552
v 0.3110054 0.02863646 -0.1038366
v 0.3148224 0.02863646 -0.1041142
v 0.3139027 0.02863646 -0.1038678
v 0.3073958 0.02863646 -0.1048038
v 0.3123958 0.02863646 -0.103464
v 0.3023958 0.02863646 -0.07346407
v 0.3025334 0.02863646 -0.0739778
v 0.3037356 0.02863646 -0.07846406
v 0.3043216 0.02863646 -0.07905015
v 0.3037041 0.02863646 -0.07834634
v 0.3055155 0.02863646 -0.08024392
v 0.3053189 0.02863646 -0.0800474
v 0.3210561 0.02863646 -0.06846407
v 0.3205837 0.02863646 -0.06799164
v 0.3223958 0.02863646 -0.07346407
v 0.3212186 0.02863646 -0.06907037
v 0.3194378 0.02863646 -0.06684574
v 0.3184928 0.02863646 -0.06590083
v 0.3192056 0.02863646 -0.06661358
v 0.3173958 0.02863646 -0.06480381
v 0.3158984 0.02863646 -0.06440255
v 0.3090972 0.02863646 -0.08258018
v 0.3082955 0.02863646 -0.08236536
v 0.3073958 0.02863646 -0.08212432
v 0.318937 0.02863646 -0.08058318
v 0.3180791 0.02863646 -0.08144113
v 0.3210561 0.02863646 -0.07846406
v 0.3173958 0.02863646 -0.08212432
v 0.3117283 0.02863646 -0.08328518
v 0.311266 0.02863646 -0.08316132
v 0.3092498 0.02863646 -0.08262107
v 0.3161383 0.02863646 -0.08246127
v 0.3151732 0.02863646 -0.08271989
v 0.316451 0.02863646 -0.08237752
v 0.3094446 0.02863646 -0.08267328
v 0.311914 0.02863646 -0.08333495
v 0.3123958 0.02863646 -0.08346406
v 0.31443 0.02863646 -0.08291903
v 0.3191575 0.02863646 -0.08036265
v 0.3073958 0.01863647 -0.06480381
v 0.3037356 0.01863647 -0.06846407
v 0.3023958 0.01863647 -0.07346407
v 0.3037356 0.01863647 -0.07846406
v 0.3073958 0.01863647 -0.08212432
v 0.3123958 0.01863647 -0.08346406
v 0.3173958 0.01863647 -0.08212432
v 0.3210561 0.01863647 -0.07846406
v 0.3223958 0.01863647 -0.07346407
v 0.3210561 0.01863647 -0.06846407
v 0.3173958 0.01863647 -0.06480381
v 0.3123958 0.01863647 -0.06346408
v 0.3123958 0.02863646 -0.06346408
v 0.313304 0.02863646 -0.06370744
v 0.3029865 0.02863646 -0.07125983
v 0.3068531 0.02863646 -0.06534651
v 0.3059149 0.02863646 -0.06628469
v 0.3085806 0.02863646 -0.06448635
v 0.3083064 0.02863646 -0.06455985
v 0.3157274 0.02863646 -0.06435677
v 0.3153015 0.02863646 -0.06424269
v 0.3037356 0.02863646 -0.06846407
v 0.3058609 0.02863646 -0.06633869
v 0.3073958 0.02863646 -0.06480381
v 0.3104653 0.02863646 -0.06398132
v 0.3134445 0.02863646 -0.06374505
v 0.3136239 0.02863646 -0.06379315
v 0.3023958 0.02863646 -0.03346404
v 0.3210561 0.02863646 -0.02846405
v 0.3178533 0.02863646 -0.02526137
v 0.3221014 0.02863646 -0.03236505
v 0.3223166 0.02863646 -0.03316841
v 0.3211126 0.02863646 -0.02867499
v 0.321181 0.02863646 -0.02893046
v 0.3212687 0.02863646 -0.02925757
v 0.3223958 0.02863646 -0.03346404
v 0.3073958 0.02863646 -0.0421243
v 0.3078233 0.02863646 -0.04223886
v 0.3135232 0.02863646 -0.02376613
v 0.3144868 0.02863646 -0.02402434
v 0.31297 0.02863646 -0.02361789
v 0.3123958 0.02863646 -0.02346405
v 0.316045 0.02863646 -0.02444187
v 0.3163539 0.02863646 -0.02452466
v 0.3157246 0.02863646 -0.02435598
v 0.313509 0.02863646 -0.02376232
v 0.3173958 0.02863646 -0.02480379
v 0.3171067 0.02863646 -0.0247263
v 0.3073958 0.02863646 -0.02480379
v 0.3048556 0.02863646 -0.02734402
v 0.3037356 0.02863646 -0.02846405
v 0.3090933 0.02863646 -0.02434894
v 0.309425 0.02863646 -0.02426007
v 0.3173958 0.02863646 -0.0421243
v 0.3182362 0.02863646 -0.04128388
v 0.3210561 0.02863646 -0.03846404
v 0.321726 0.02863646 -0.03596374
v 0.3184929 0.02863646 -0.04102722
v 0.318321 0.02863646 -0.04119912
v 0.3187118 0.02863646 -0.04080829
v 0.320731 0.02863646 -0.03878906
v 0.3097163 0.02863646 -0.02418199
v 0.3108849 0.02863646 -0.02386889
v 0.3069383 0.02863646 -0.04166678
v 0.3109664 0.02863646 -0.04308102
v 0.3101082 0.02863646 -0.04285106
v 0.3090671 0.02863646 -0.04257211
v 0.3086558 0.02863646 -0.0424619
v 0.3123958 0.02863646 -0.04346403
v 0.3126849 0.02863646 -0.04338655
v 0.3118217 0.02863646 -0.0433102
v 0.3100813 0.02863646 -0.04284391
v 0.3150754 0.02863646 -0.04274604
v 0.3140097 0.02863646 -0.0430316
v 0.3123747 0.02863646 -0.0434697
v 0.3038647 0.02863646 -0.02833495
v 0.3153667 0.02863646 -0.04266801
v 0.3073958 0.01863647 -0.02480379
v 0.3037356 0.01863647 -0.02846405
v 0.3023958 0.01863647 -0.03346404
v 0.3037356 0.01863647 -0.03846404
v 0.3073958 0.01863647 -0.0421243
v 0.3123958 0.01863647 -0.04346403
v 0.3173958 0.01863647 -0.0421243
v 0.3210561 0.01863647 -0.03846404
v 0.3223958 0.01863647 -0.03346404
v 0.3210561 0.01863647 -0.02846405
v 0.3173958 0.01863647 -0.02480379
v 0.3123958 0.01863647 -0.02346405
v 0.3064346 0.02863646 -0.04116306
v 0.3037356 0.02863646 -0.03846404
v 0.3029134 0.02863646 -0.03539571
v 0.1037356 0.02863646 -0.198464
v 0.1058544 0.02863646 -0.2005828
v 0.1073958 0.02863646 -0.2021243
v 0.107473 0.02863646 -0.202145
v 0.1062088 0.02863646 -0.2009372
v 0.1123958 0.02863646 -0.203464
v 0.1147389 0.02863646 -0.2028362
v 0.1223958 0.02863646 -0.193464
v 0.1212018 0.02863646 -0.1890077
v 0.1210561 0.02863646 -0.188464
v 0.1210561 0.02863646 -0.198464
v 0.1173958 0.02863646 -0.2021243
v 0.1073958 0.01863647 -0.1848038
v 0.1037356 0.01863647 -0.188464
v 0.1023958 0.01863647 -0.193464
v 0.1037356 0.01863647 -0.198464
v 0.1073958 0.01863647 -0.2021243
v 0.1123958 0.01863647 -0.203464
v 0.1173958 0.01863647 -0.2021243
v 0.1210561 0.01863647 -0.198464
v 0.1223958 0.01863647 -0.193464
v 0.1210561 0.01863647 -0.188464
v 0.1173958 0.01863647 -0.1848038
v 0.1123958 0.01863647 -0.183464
v 0.1173958 0.02863646 -0.1848038
v 0.1123958 0.02863646 -0.183464
v 0.1023958 0.02863646 -0.193464
v 0.10288 0.02863646 -0.191657
v 0.1027237 0.02863646 -0.1922404
v 0.1048875 0.02863646 -0.1873121
v 0.1073958 0.02863646 -0.1848038
v 0.1025086 0.02863646 -0.1930432
v 0.1024197 0.02863646 -0.1933748
v 0.1037356 0.02863646 -0.188464
v 0.1171776 0.02863646 -0.1621828
v 0.1145372 0.02863646 -0.1628903
v 0.1180659 0.02863646 -0.1614543
v 0.1179293 0.02863646 -0.1615908
v 0.1173958 0.02863646 -0.1621243
v 0.1202126 0.02863646 -0.1593076
v 0.1199319 0.02863646 -0.1595882
v 0.1193315 0.02863646 -0.1601886
v 0.1210561 0.02863646 -0.158464
v 0.1213879 0.02863646 -0.1572257
v 0.1037356 0.02863646 -0.158464
v 0.1048679 0.02863646 -0.1595964
v 0.1123958 0.02863646 -0.163464
v 0.1217014 0.02863646 -0.1560557
v 0.1214357 0.02863646 -0.1570472
v 0.1223958 0.02863646 -0.153464
v 0.1215647 0.02863646 -0.1503623
v 0.1073958 0.02863646 -0.1621243
v 0.1065556 0.02863646 -0.145644
v 0.1066901 0.02863646 -0.1455096
v 0.1210561 0.02863646 -0.1484641
v 0.1073958 0.01863647 -0.1448038
v 0.1037356 0.01863647 -0.1484641
v 0.1023958 0.01863647 -0.153464
v 0.1037356 0.01863647 -0.158464
v 0.1073958 0.01863647 -0.1621243
v 0.1123958 0.01863647 -0.163464
v 0.1173958 0.01863647 -0.1621243
v 0.1210561 0.01863647 -0.158464
v 0.1223958 0.01863647 -0.153464
v 0.1210561 0.01863647 -0.1484641
v 0.1173958 0.01863647 -0.1448038
v 0.1123958 0.01863647 -0.1434641
v 0.1123958 0.02863646 -0.1434641
v 0.1133063 0.02863646 -0.143708
v 0.1173958 0.02863646 -0.1448038
v 0.1032805 0.02863646 -0.1567656
v 0.1036102 0.02863646 -0.148932
v 0.1037356 0.02863646 -0.1484641
v 0.1048342 0.02863646 -0.1473654
v 0.1076811 0.02863646 -0.1447274
v 0.1074409 0.02863646 -0.1447917
v 0.1023958 0.02863646 -0.153464
v 0.1024163 0.02863646 -0.1533875
v 0.1073958 0.02863646 -0.1448038
v 0.1102894 0.02863646 -0.1440285
v 0.1099451 0.02863646 -0.1441207
v 0.1092119 0.02863646 -0.1443172
v 0.1113301 0.02863646 -0.1437496
v 0.1121952 0.02863646 -0.1435178
v 0.1132647 0.02863646 -0.1232312
v 0.1130833 0.02863646 -0.1232798
v 0.1073958 0.02863646 -0.1221243
v 0.1101649 0.02863646 -0.1228662
v 0.1107949 0.02863646 -0.123035
v 0.1123958 0.02863646 -0.123464
v 0.1148314 0.02863646 -0.1228114
v 0.1149593 0.02863646 -0.1227771
v 0.1210561 0.02863646 -0.118464
v 0.1214152 0.02863646 -0.1171237
v 0.1191174 0.02863646 -0.1204027
v 0.1174802 0.02863646 -0.1220399
v 0.1197183 0.02863646 -0.1198018
v 0.1165713 0.02863646 -0.1223452
v 0.1153276 0.02863646 -0.1226785
v 0.1173958 0.02863646 -0.1221243
v 0.1037356 0.02863646 -0.118464
v 0.1216349 0.02863646 -0.110624
v 0.1223418 0.02863646 -0.1132623
v 0.1210689 0.02863646 -0.108512
v 0.1216202 0.02863646 -0.1105693
v 0.1210561 0.02863646 -0.108464
v 0.1173958 0.02863646 -0.1048038
v 0.1223958 0.02863646 -0.113464
v 0.1220272 0.02863646 -0.1148399
v 0.1073958 0.01863647 -0.1048038
v 0.1037356 0.01863647 -0.108464
v 0.1023958 0.01863647 -0.113464
v 0.1037356 0.01863647 -0.118464
v 0.1073958 0.01863647 -0.1221243
v 0.1123958 0.01863647 -0.123464
v 0.1173958 0.01863647 -0.1221243
v 0.1210561 0.01863647 -0.118464
v 0.1223958 0.01863647 -0.113464
v 0.1210561 0.01863647 -0.108464
v 0.1173958 0.01863647 -0.1048038
v 0.1123958 0.01863647 -0.103464
v 0.1153958 0.02863646 -0.1042679
v 0.1126625 0.02863646 -0.1035355
v 0.1033244 0.02863646 -0.1169294
v 0.1023958 0.02863646 -0.113464
v 0.103196 0.02863646 -0.1104776
v 0.1031334 0.02863646 -0.1107115
v 0.10635 0.02863646 -0.1058495
v 0.1049846 0.02863646 -0.1072151
v 0.1093581 0.02863646 -0.104278
v 0.1082754 0.02863646 -0.1045681
v 0.1123958 0.02863646 -0.103464
v 0.1154518 0.02863646 -0.1042829
v 0.1026665 0.02863646 -0.1124537
v 0.1025517 0.02863646 -0.1128824
v 0.1036025 0.02863646 -0.1089608
v 0.1044548 0.02863646 -0.1077448
v 0.1037555 0.02863646 -0.1084441
v 0.1068512 0.02863646 -0.1053484
v 0.1073958 0.02863646 -0.1048038
v 0.102951 0.02863646 -0.1113919
v 0.1036506 0.02863646 -0.108781
v 0.1037356 0.02863646 -0.108464
v 0.1049142 0.02863646 -0.1072854
v 0.1173958 0.02863646 -0.02480379
v 0.1150157 0.02863646 -0.02416602
v 0.1195141 0.02863646 -0.04000601
v 0.1178222 0.02863646 -0.04169795
v 0.1210561 0.02863646 -0.03846404
v 0.1213132 0.02863646 -0.03750458
v 0.1214311 0.02863646 -0.03706458
v 0.1173958 0.02863646 -0.0421243
v 0.1200349 0.02863646 -0.03948525
v 0.1123958 0.02863646 -0.04346403
v 0.1135448 0.02863646 -0.04315618
v 0.1207345 0.02863646 -0.03878561
v 0.1202421 0.02863646 -0.039278
v 0.1145387 0.02863646 -0.04288986
v 0.1102303 0.02863646 -0.04288378
v 0.1100939 0.02863646 -0.04284725
v 0.1123958 0.02863646 -0.02346405
v 0.1148958 0.02863646 -0.0427942
v 0.1218692 0.02863646 -0.03542933
v 0.1220855 0.02863646 -0.03462216
v 0.1035899 0.02863646 -0.03792033
v 0.1033604 0.02863646 -0.03706393
v 0.1211285 0.02863646 -0.02873436
v 0.1218217 0.02863646 -0.03132126
v 0.1210561 0.02863646 -0.02846405
v 0.1052663 0.02863646 -0.02693334
v 0.1070957 0.02863646 -0.0251039
v 0.1089602 0.02863646 -0.02438465
v 0.1101207 0.02863646 -0.02407369
v 0.1105445 0.02863646 -0.02396008
v 0.1037356 0.02863646 -0.02846405
v 0.1073958 0.02863646 -0.02480379
v 0.1024227 0.02863646 -0.03336379
v 0.1030046 0.02863646 -0.03119221
v 0.1028571 0.02863646 -0.03518561
v 0.108124 0.02863646 -0.0246087
v 0.1086277 0.02863646 -0.0244737
v 0.1032036 0.02863646 -0.0304493
v 0.1079139 0.02863646 -0.02466497
v 0.1028248 0.02863646 -0.03506485
v 0.1223958 0.02863646 -0.03346404
v 0.1221242 0.02863646 -0.03447756
v 0.1032733 0.02863646 -0.03018925
v 0.1116459 0.02863646 -0.02366498
v 0.1122112 0.02863646 -0.02351353
v 0.1037356 0.02863646 -0.03846404
v 0.1023958 0.02863646 -0.03346404
v 0.1073958 0.01863647 -0.02480379
v 0.1037356 0.01863647 -0.02846405
v 0.1023958 0.01863647 -0.03346404
v 0.1037356 0.01863647 -0.03846404
v 0.1073958 0.01863647 -0.0421243
v 0.1123958 0.01863647 -0.04346403
v 0.1173958 0.01863647 -0.0421243
v 0.1210561 0.01863647 -0.03846404
v 0.1223958 0.01863647 -0.03346404
v 0.1210561 0.01863647 -0.02846405
v 0.1173958 0.01863647 -0.02480379
v 0.1123958 0.01863647 -0.02346405
v 0.108127 0.02863646 -0.04232022
v 0.1073958 0.02863646 -0.0421243
v 0.1218043 0.02863646 -0.07567164
v 0.1215027 0.02863646 -0.07679734
v 0.1218414 0.02863646 -0.07553312
v 0.1210561 0.02863646 -0.07846406
v 0.1213039 0.02863646 -0.07753912
v 0.1196186 0.02863646 -0.07990155
v 0.1173958 0.02863646 -0.08212432
v 0.1171672 0.02863646 -0.0821856
v 0.1139308 0.02863646 -0.08305278
v 0.1123958 0.02863646 -0.08346406
v 0.1110322 0.02863646 -0.08309868
v 0.1083882 0.02863646 -0.08239022
v 0.1213879 0.02863646 -0.07722554
v 0.1118809 0.02863646 -0.08332607
v 0.1073958 0.02863646 -0.08212432
v 0.121087 0.02863646 -0.06857941
v 0.1220304 0.02863646 -0.07210037
v 0.1210561 0.02863646 -0.06846407
v 0.1173958 0.02863646 -0.06480381
v 0.1037356 0.02863646 -0.07846406
v 0.1223958 0.02863646 -0.07346407
v 0.1221288 0.02863646 -0.07446072
v 0.1035868 0.02863646 -0.07790896
v 0.1073958 0.01863647 -0.06480381
v 0.1037356 0.01863647 -0.06846407
v 0.1023958 0.01863647 -0.07346407
v 0.1037356 0.01863647 -0.07846406
v 0.1073958 0.01863647 -0.08212432
v 0.1123958 0.01863647 -0.08346406
v 0.1173958 0.01863647 -0.08212432
v 0.1210561 0.01863647 -0.07846406
v 0.1223958 0.01863647 -0.07346407
v 0.1210561 0.01863647 -0.06846407
v 0.1173958 0.01863647 -0.06480381
v 0.1123958 0.01863647 -0.06346408
v 0.114115 0.02863646 -0.0639247
v 0.102551 0.02863646 -0.07404312
v 0.1023958 0.02863646 -0.07346407
v 0.1036847 0.02863646 -0.06865403
v 0.1027507 0.02863646 -0.07213959
v 0.1037356 0.02863646 -0.06846407
v 0.1062038 0.02863646 -0.06599578
v 0.1108494 0.02863646 -0.06387845
v 0.1095655 0.02863646 -0.06422243
v 0.1123958 0.02863646 -0.06346408
v 0.1028564 0.02863646 -0.07518312
v 0.1073958 0.02863646 -0.06480381
v 0.1089583 0.02863646 -0.06438515
v 0.1109923 0.02863646 -0.06384012
v 0.1026649 0.02863646 -0.07446823
v 0.1092141 0.02863646 -0.0643166
v 0.07739583 0.02863646 -0.02480379
v 0.07583404 0.02863646 -0.0243853
v 0.07501568 0.02863646 -0.02416602
v 0.07361016 0.02863646 -0.02378944
v 0.07239583 0.02863646 -0.02346405
v 0.07390548 0.02863646 -0.02386853
v 0.08184988 0.02863646 -0.03550157
v 0.08105609 0.02863646 -0.03846404
v 0.08033738 0.02863646 -0.03918275
v 0.07739583 0.02863646 -0.0421243
v 0.07728153 0.02863646 -0.04215494
v 0.07316329 0.02863646 -0.0432584
v 0.07239583 0.02863646 -0.04346403
v 0.06989583 0.02863646 -0.0427942
v 0.06739583 0.02863646 -0.0421243
v 0.06921402 0.02863646 -0.04261151
v 0.08189189 0.02863646 -0.03534475
v 0.06963835 0.02863646 -0.04272518
v 0.08194926 0.02863646 -0.03513065
v 0.08105609 0.02863646 -0.02846405
v 0.08154326 0.02863646 -0.03028223
v 0.08182166 0.02863646 -0.0313212
v 0.08239583 0.02863646 -0.03346404
v 0.08231426 0.02863646 -0.03315958
v 0.08219589 0.02863646 -0.03421029
v 0.08222828 0.02863646 -0.03283873
v 0.06739584 0.02863646 -0.02480379
v 0.07092264 0.02863646 -0.02385882
v 0.06373557 0.02863646 -0.02846405
v 0.06692258 0.02863646 -0.02527705
v 0.06254793 0.02863646 -0.03289643
v 0.06371537 0.02863646 -0.02853951
v 0.06317168 0.02863646 -0.03635958
v 0.06239583 0.02863646 -0.03346404
v 0.06373557 0.02863646 -0.03846404
v 0.07103224 0.02863646 -0.02382943
v 0.0633171 0.02863646 -0.03690228
v 0.06322592 0.02863646 -0.03656194
v 0.07118288 0.02863646 -0.02378908
v 0.06739584 0.01863647 -0.02480379
v 0.06373557 0.01863647 -0.02846405
v 0.06239583 0.01863647 -0.03346404
v 0.06373557 0.01863647 -0.03846404
v 0.06739583 0.01863647 -0.0421243
v 0.07239583 0.01863647 -0.04346403
v 0.07739583 0.01863647 -0.0421243
v 0.08105609 0.01863647 -0.03846404
v 0.08239583 0.01863647 -0.03346404
v 0.08105609 0.01863647 -0.02846405
v 0.07739583 0.01863647 -0.02480379
v 0.07239583 0.01863647 -0.02346405
v 0.07549765 0.02863646 -0.08263293
v 0.07395707 0.02863646 -0.08304575
v 0.07233605 0.02863646 -0.08344802
v 0.07194328 0.02863646 -0.08334282
v 0.07239583 0.02863646 -0.08346406
v 0.07355466 0.02863646 -0.08315358
v 0.06909765 0.02863646 -0.0825803
v 0.06849971 0.02863646 -0.08242008
v 0.06739583 0.02863646 -0.08212432
v 0.06847357 0.02863646 -0.08241311
v 0.07391818 0.02863646 -0.08305618
v 0.07065168 0.02863646 -0.0829967
v 0.07044374 0.02863646 -0.08294103
v 0.07000376 0.02863646 -0.08282313
v 0.07181882 0.02863646 -0.08330944
v 0.07128561 0.02863646 -0.08316657
v 0.07292927 0.02863646 -0.06360701
v 0.07639585 0.02863646 -0.06453589
v 0.07739583 0.02863646 -0.06480381
v 0.07647041 0.02863646 -0.06455585
v 0.07281297 0.02863646 -0.06357583
v 0.0793048 0.02863646 -0.08021536
v 0.07912944 0.02863646 -0.08039072
v 0.07739583 0.02863646 -0.08212432
v 0.078158 0.02863646 -0.08136216
v 0.07591757 0.02863646 -0.0825204
v 0.07851131 0.02863646 -0.08100888
v 0.07836092 0.02863646 -0.08115926
v 0.07888665 0.02863646 -0.08063349
v 0.0798533 0.02863646 -0.07966688
v 0.08000452 0.02863646 -0.07951567
v 0.08196061 0.02863646 -0.07508835
v 0.08178035 0.02863646 -0.07576105
v 0.08105609 0.02863646 -0.07846406
v 0.08135294 0.02863646 -0.07735619
v 0.08148669 0.02863646 -0.076857
v 0.080564 0.02863646 -0.07895616
v 0.08013302 0.02863646 -0.0793871
v 0.08089045 0.02863646 -0.0786297
v 0.08084711 0.02863646 -0.07867303
v 0.08012076 0.02863646 -0.07939938
v 0.0762805 0.02863646 -0.08242318
v 0.08163076 0.02863646 -0.07631937
v 0.07239583 0.02863646 -0.06346408
v 0.06373557 0.02863646 -0.06846407
v 0.0636538 0.02863646 -0.06876931
v 0.06322194 0.02863646 -0.07038102
v 0.06328695 0.02863646 -0.07013842
v 0.06329673 0.02863646 -0.07010189
v 0.06356399 0.02863646 -0.06910446
v 0.06254965 0.02863646 -0.07289001
v 0.06270999 0.02863646 -0.07229164
v 0.06239583 0.02863646 -0.07346407
v 0.0629804 0.02863646 -0.07564571
v 0.06373557 0.02863646 -0.07846406
v 0.06364518 0.02863646 -0.06880149
v 0.06296159 0.02863646 -0.07135263
v 0.06299889 0.02863646 -0.07121345
v 0.06288131 0.02863646 -0.07165226
v 0.0631102 0.02863646 -0.07079801
v 0.06320107 0.02863646 -0.07045886
v 0.06254454 0.02863646 -0.07290909
v 0.08135812 0.02863646 -0.06959125
v 0.08226971 0.02863646 -0.07299337
v 0.08105609 0.02863646 -0.06846407
v 0.08133814 0.02863646 -0.06951669
v 0.08231088 0.02863646 -0.07314703
v 0.06705757 0.02863646 -0.06514207
v 0.06725163 0.02863646 -0.06494805
v 0.06513509 0.02863646 -0.06706455
v 0.06640448 0.02863646 -0.06579515
v 0.06427811 0.02863646 -0.06792155
v 0.06447028 0.02863646 -0.06772938
v 0.06654091 0.02863646 -0.06565878
v 0.06664201 0.02863646 -0.06555763
v 0.06689435 0.02863646 -0.06530532
v 0.06739584 0.02863646 -0.06480381
v 0.0677308 0.02863646 -0.06471404
v 0.06798907 0.02863646 -0.06464484
v 0.07085099 0.02863646 -0.06387803
v 0.0713205 0.02863646 -0.0637522
v 0.06906987 0.02863646 -0.06435528
v 0.0697803 0.02863646 -0.06416491
v 0.07010912 0.02863646 -0.06407681
v 0.06811959 0.02863646 -0.06460986
v 0.06856044 0.02863646 -0.06449178
v 0.06885272 0.02863646 -0.06441346
v 0.06889766 0.02863646 -0.06440142
v 0.06810711 0.02863646 -0.06461325
v 0.06463517 0.02863646 -0.06756452
v 0.07046958 0.02863646 -0.06398019
v 0.08239583 0.02863646 -0.07346407
v 0.08218037 0.02863646 -0.07426819
v 0.06739584 0.01863647 -0.06480381
v 0.06373557 0.01863647 -0.06846407
v 0.06239583 0.01863647 -0.07346407
v 0.06373557 0.01863647 -0.07846406
v 0.06739583 0.01863647 -0.08212432
v 0.07239583 0.01863647 -0.08346406
v 0.07739583 0.01863647 -0.08212432
v 0.08105609 0.01863647 -0.07846406
v 0.08239583 0.01863647 -0.07346407
v 0.08105609 0.01863647 -0.06846407
v 0.07739583 0.01863647 -0.06480381
v 0.07239583 0.01863647 -0.06346408
v 0.07274403 0.02863646 -0.1035574
v 0.07239583 0.02863646 -0.1034641
v 0.07239583 0.02863646 -0.1234641
v 0.07295141 0.02863646 -0.1233152
v 0.07673194 0.02863646 -0.1223022
v 0.07489586 0.02863646 -0.1227942
v 0.07739583 0.02863646 -0.1221243
v 0.07899708 0.02863646 -0.1205231
v 0.06989586 0.02863646 -0.1227942
v 0.06953523 0.02863646 -0.1226976
v 0.07406643 0.02863646 -0.1230164
v 0.07325418 0.02863646 -0.1036941
v 0.08105608 0.02863646 -0.1084641
v 0.0796288 0.02863646 -0.1070368
v 0.07356633 0.02863646 -0.1037777
v 0.07684194 0.02863646 -0.1046554
v 0.07713071 0.02863646 -0.1047328
v 0.07739583 0.02863646 -0.1048038
v 0.07424501 0.02863646 -0.1039596
v 0.07420268 0.02863646 -0.1039482
v 0.06373557 0.02863646 -0.1184641
v 0.0632711 0.02863646 -0.1167307
v 0.06298225 0.02863646 -0.1156527
v 0.06239583 0.02863646 -0.1134641
v 0.08097894 0.02863646 -0.1185413
v 0.08028258 0.02863646 -0.1192376
v 0.06270999 0.02863646 -0.1122917
v 0.06308542 0.02863646 -0.1108905
v 0.06450908 0.02863646 -0.1076906
v 0.06562173 0.02863646 -0.106578
v 0.0630962 0.02863646 -0.1108503
v 0.06341839 0.02863646 -0.1096478
v 0.06739584 0.02863646 -0.1048038
v 0.06680674 0.02863646 -0.1053929
v 0.0685773 0.02863646 -0.1044873
v 0.07025005 0.02863646 -0.104039
v 0.06351355 0.02863646 -0.1092927
v 0.06630477 0.02863646 -0.1058949
v 0.08105608 0.02863646 -0.1184641
v 0.08119197 0.02863646 -0.117957
v 0.08145774 0.02863646 -0.1099631
v 0.08129727 0.02863646 -0.1175639
v 0.08239583 0.02863646 -0.1134641
v 0.08235904 0.02863646 -0.1133268
v 0.08198112 0.02863646 -0.1119164
v 0.08232567 0.02863646 -0.1137259
v 0.08152161 0.02863646 -0.1167267
v 0.08150779 0.02863646 -0.1167783
v 0.06270348 0.02863646 -0.1123159
v 0.06373557 0.02863646 -0.1084641
v 0.06805977 0.02863646 -0.1046259
v 0.06739584 0.01863647 -0.1048038
v 0.06373557 0.01863647 -0.1084641
v 0.06239583 0.01863647 -0.1134641
v 0.06373557 0.01863647 -0.1184641
v 0.06739583 0.01863647 -0.1221243
v 0.07239583 0.01863647 -0.1234641
v 0.07739583 0.01863647 -0.1221243
v 0.08105608 0.01863647 -0.1184641
v 0.08239583 0.01863647 -0.1134641
v 0.08105608 0.01863647 -0.1084641
v 0.07739583 0.01863647 -0.1048038
v 0.07239583 0.01863647 -0.1034641
v 0.06858519 0.02863646 -0.1224431
v 0.06739583 0.02863646 -0.1221243
v 0.06435318 0.02863646 -0.1190817
v 0.06862535 0.02863646 -0.1224538
v 0.06472375 0.02863646 -0.1194523
v 0.06735645 0.02863646 -0.1220849
v 0.06739583 0.02863646 -0.1621243
v 0.06911966 0.02863646 -0.1625862
v 0.06373557 0.02863646 -0.158464
v 0.06377517 0.02863646 -0.1585036
v 0.07135648 0.02863646 -0.1631856
v 0.06916025 0.02863646 -0.1625971
v 0.07489583 0.02863646 -0.1441339
v 0.07239583 0.02863646 -0.1434641
v 0.07191867 0.02863646 -0.1633362
v 0.07544361 0.02863646 -0.1442807
v 0.07573612 0.02863646 -0.1443591
v 0.07602258 0.02863646 -0.1444359
v 0.07619584 0.02863646 -0.1444822
v 0.07739583 0.02863646 -0.1448038
v 0.07891504 0.02863646 -0.146323
v 0.08089729 0.02863646 -0.1483053
v 0.08105608 0.02863646 -0.1484641
v 0.08098605 0.02863646 -0.148394
v 0.07888816 0.02863646 -0.1462961
v 0.06373557 0.02863646 -0.1484641
v 0.06312615 0.02863646 -0.1507385
v 0.06364588 0.02863646 -0.1581293
v 0.0638693 0.02863646 -0.1483303
v 0.06516083 0.02863646 -0.1470388
v 0.06382557 0.02863646 -0.1483741
v 0.08105608 0.02863646 -0.158464
v 0.08127811 0.02863646 -0.1576354
v 0.07239583 0.02863646 -0.163464
v 0.07605608 0.02863646 -0.1624833
v 0.06577062 0.02863646 -0.146429
v 0.08142317 0.02863646 -0.157094
v 0.08157971 0.02863646 -0.1565098
v 0.08150184 0.02863646 -0.1568004
v 0.08162721 0.02863646 -0.1563325
v 0.08213133 0.02863646 -0.1544512
v 0.08239583 0.02863646 -0.153464
v 0.0811632 0.02863646 -0.1488638
v 0.08110318 0.02863646 -0.1486398
v 0.0823665 0.02863646 -0.1535735
v 0.08236214 0.02863646 -0.1535898
v 0.06239583 0.02863646 -0.153464
v 0.07739583 0.02863646 -0.1621243
v 0.06739584 0.02863646 -0.1448038
v 0.06602222 0.02863646 -0.1461774
v 0.06739584 0.01863647 -0.1448038
v 0.06373557 0.01863647 -0.1484641
v 0.06239583 0.01863647 -0.153464
v 0.06373557 0.01863647 -0.158464
v 0.06739583 0.01863647 -0.1621243
v 0.07239583 0.01863647 -0.163464
v 0.07739583 0.01863647 -0.1621243
v 0.08105608 0.01863647 -0.158464
v 0.08239583 0.01863647 -0.153464
v 0.08105608 0.01863647 -0.1484641
v 0.07739583 0.01863647 -0.1448038
v 0.07239583 0.01863647 -0.1434641
v -0.01760417 -0.001363516 -0.223464
v -0.01760417 -0.001363516 -0.04346403
v -0.2976041 -0.001363516 -0.04346403
v -0.2976041 -0.001363516 -0.223464
v 0.1973958 0.02863646 -0.02480379
v 0.1964609 0.02863646 -0.02455327
v 0.1923958 0.02863646 -0.02346405
v 0.1837356 0.02863646 -0.03846404
v 0.1831693 0.02863646 -0.03635082
v 0.1825846 0.02863646 -0.03275964
v 0.182682 0.02863646 -0.03239617
v 0.1825313 0.02863646 -0.03396943
v 0.2010561 0.02863646 -0.02846405
v 0.1823958 0.02863646 -0.03346404
v 0.1873958 0.02863646 -0.02480379
v 0.1863645 0.02863646 -0.02583513
v 0.1838076 0.02863646 -0.02839205
v 0.1837356 0.02863646 -0.02846405
v 0.1873958 0.01863647 -0.02480379
v 0.1837356 0.01863647 -0.02846405
v 0.1823958 0.01863647 -0.03346404
v 0.1837356 0.01863647 -0.03846404
v 0.1873958 0.01863647 -0.0421243
v 0.1923958 0.01863647 -0.04346403
v 0.1973958 0.01863647 -0.0421243
v 0.2010561 0.01863647 -0.03846404
v 0.2023958 0.01863647 -0.03346404
v 0.2010561 0.01863647 -0.02846405
v 0.1973958 0.01863647 -0.02480379
v 0.1923958 0.01863647 -0.02346405
v 0.2023958 0.02863646 -0.03346404
v 0.2014655 0.02863646 -0.03693584
v 0.2017797 0.02863646 -0.03576347
v 0.1994194 0.02863646 -0.04010072
v 0.1973958 0.02863646 -0.0421243
v 0.1923958 0.02863646 -0.04346403
v 0.1874821 0.02863646 -0.04214743
v 0.1873958 0.02863646 -0.0421243
v 0.1847163 0.02863646 -0.03944483
v 0.2010561 0.02863646 -0.03846404
v 0.1857837 0.02863646 -0.04051211
v 0.2373958 0.02863646 -0.02480379
v 0.2366962 0.02863646 -0.02461633
v 0.2323958 0.02863646 -0.02346405
v 0.2410561 0.02863646 -0.02846405
v 0.2273958 0.02863646 -0.02480379
v 0.2238076 0.02863646 -0.02839205
v 0.2423958 0.02863646 -0.03346404
v 0.2321993 0.02863646 -0.02351674
v 0.2237356 0.02863646 -0.02846405
v 0.2226603 0.02863646 -0.03247693
v 0.2223958 0.02863646 -0.03346404
v 0.2237356 0.02863646 -0.03846404
v 0.2273958 0.01863647 -0.02480379
v 0.2237356 0.01863647 -0.02846405
v 0.2223958 0.01863647 -0.03346404
v 0.2237356 0.01863647 -0.03846404
v 0.2273958 0.01863647 -0.0421243
v 0.2323958 0.01863647 -0.04346403
v 0.2373958 0.01863647 -0.0421243
v 0.2410561 0.01863647 -0.03846404
v 0.2423958 0.01863647 -0.03346404
v 0.2410561 0.01863647 -0.02846405
v 0.2373958 0.01863647 -0.02480379
v 0.2323958 0.01863647 -0.02346405
v 0.2421508 0.02863646 -0.03437862
v 0.2410561 0.02863646 -0.03846404
v 0.2397725 0.02863646 -0.03974763
v 0.2402826 0.02863646 -0.03923753
v 0.2364351 0.02863646 -0.04238173
v 0.2323958 0.02863646 -0.04346403
v 0.2273958 0.02863646 -0.0421243
v 0.2373958 0.02863646 -0.0421243
v 0.2366133 0.02863646 -0.04233399
v 0.2728504 0.02863646 -0.02358589
v 0.2773958 0.02863646 -0.02480379
v 0.2804461 0.02863646 -0.02785406
v 0.2723958 0.02863646 -0.02346405
v 0.2810561 0.02863646 -0.02846405
v 0.2805787 0.02863646 -0.02798662
v 0.2823958 0.02863646 -0.03346404
v 0.2815959 0.02863646 -0.03047845
v 0.2637356 0.02863646 -0.02846405
v 0.2625846 0.02863646 -0.03275964
v 0.2700528 0.02863646 -0.02409187
v 0.2673958 0.02863646 -0.02480379
v 0.2623958 0.02863646 -0.03346404
v 0.2637356 0.02863646 -0.03846404
v 0.2684022 0.02863646 -0.02453414
v 0.2673958 0.01863647 -0.02480379
v 0.2637356 0.01863647 -0.02846405
v 0.2623958 0.01863647 -0.03346404
v 0.2637356 0.01863647 -0.03846404
v 0.2673958 0.01863647 -0.0421243
v 0.2723958 0.01863647 -0.04346403
v 0.2773958 0.01863647 -0.0421243
v 0.2810561 0.01863647 -0.03846404
v 0.2823958 0.01863647 -0.03346404
v 0.2810561 0.01863647 -0.02846405
v 0.2773958 0.01863647 -0.02480379
v 0.2723958 0.01863647 -0.02346405
v 0.2814555 0.02863646 -0.03697351
v 0.2802696 0.02863646 -0.03925058
v 0.2773958 0.02863646 -0.0421243
v 0.273294 0.02863646 -0.04322341
v 0.269214 0.02863646 -0.04261145
v 0.2673958 0.02863646 -0.0421243
v 0.2810561 0.02863646 -0.03846404
v 0.2803986 0.02863646 -0.03912154
v 0.2808661 0.02863646 -0.038654
v 0.2728892 0.02863646 -0.04333183
v 0.2723958 0.02863646 -0.04346403
v 0.2823958 0.02863646 -0.07346407
v 0.2814434 0.02863646 -0.06990966
v 0.2737594 0.02863646 -0.06382945
v 0.2773958 0.02863646 -0.06480381
v 0.279836 0.02863646 -0.06724396
v 0.2733958 0.02863646 -0.063732
v 0.2729514 0.02863646 -0.06361291
v 0.2799421 0.02863646 -0.06735006
v 0.280324 0.02863646 -0.06773201
v 0.2810561 0.02863646 -0.06846407
v 0.2807808 0.02863646 -0.06818876
v 0.2723958 0.02863646 -0.06346408
v 0.2804781 0.02863646 -0.06788614
v 0.2686194 0.02863646 -0.06447598
v 0.2701771 0.02863646 -0.06405857
v 0.2673959 0.02863646 -0.06480381
v 0.2660561 0.02863646 -0.06614354
v 0.2637356 0.02863646 -0.06846407
v 0.2624394 0.02863646 -0.07330129
v 0.2657846 0.02863646 -0.06641504
v 0.2623958 0.02863646 -0.07346407
v 0.27087 0.02863646 -0.0638729
v 0.2673959 0.01863647 -0.06480381
v 0.2637356 0.01863647 -0.06846407
v 0.2623958 0.01863647 -0.07346407
v 0.2637356 0.01863647 -0.07846406
v 0.2673959 0.01863647 -0.08212432
v 0.2723958 0.01863647 -0.08346406
v 0.2773958 0.01863647 -0.08212432
v 0.2810561 0.01863647 -0.07846406
v 0.2823958 0.01863647 -0.07346407
v 0.2810561 0.01863647 -0.06846407
v 0.2773958 0.01863647 -0.06480381
v 0.2723958 0.01863647 -0.06346408
v 0.2812376 0.02863646 -0.07778665
v 0.2796403 0.02863646 -0.07987985
v 0.2773958 0.02863646 -0.08212432
v 0.2741921 0.02863646 -0.08298275
v 0.2696181 0.02863646 -0.08271977
v 0.2710322 0.02863646 -0.08309868
v 0.2668999 0.02863646 -0.08162835
v 0.2637356 0.02863646 -0.07846406
v 0.2810561 0.02863646 -0.07846406
v 0.2797411 0.02863646 -0.07977906
v 0.2801062 0.02863646 -0.07941392
v 0.273876 0.02863646 -0.08306745
v 0.2723958 0.02863646 -0.08346406
v 0.2673959 0.02863646 -0.08212432
v 0.2805477 0.02863646 -0.07897243
v 0.2808163 0.02863646 -0.07870379
v 0.2734906 0.02863646 -0.08317074
v 0.2802546 0.02863646 -0.07926556
v 0.2730106 0.02863646 -0.08329937
v 0.2823958 0.02863646 -0.1134641
v 0.2812194 0.02863646 -0.1090734
v 0.2810561 0.02863646 -0.1084641
v 0.2804517 0.02863646 -0.1078598
v 0.2746685 0.02863646 -0.1040731
v 0.2773958 0.02863646 -0.1048038
v 0.2792259 0.02863646 -0.1066339
v 0.2743958 0.02863646 -0.104
v 0.2740625 0.02863646 -0.1039107
v 0.2793055 0.02863646 -0.1067135
v 0.279592 0.02863646 -0.107
v 0.2799345 0.02863646 -0.1073425
v 0.280141 0.02863646 -0.107549
v 0.2736458 0.02863646 -0.103799
v 0.2731101 0.02863646 -0.1036555
v 0.2797076 0.02863646 -0.1071155
v 0.280324 0.02863646 -0.107732
v 0.2723958 0.02863646 -0.1034641
v 0.2710568 0.02863646 -0.1038229
v 0.2719521 0.02863646 -0.103583
v 0.2689561 0.02863646 -0.1043858
v 0.2707773 0.02863646 -0.1038978
v 0.2673959 0.02863646 -0.1048038
v 0.2662969 0.02863646 -0.1059028
v 0.2685757 0.02863646 -0.1044877
v 0.2657819 0.02863646 -0.1064177
v 0.2637356 0.02863646 -0.1084641
v 0.2626928 0.02863646 -0.1123559
v 0.2656728 0.02863646 -0.1065268
v 0.2623958 0.02863646 -0.1134641
v 0.2673959 0.01863647 -0.1048038
v 0.2637356 0.01863647 -0.1084641
v 0.2623958 0.01863647 -0.1134641
v 0.2637356 0.01863647 -0.1184641
v 0.2673959 0.01863647 -0.1221243
v 0.2723958 0.01863647 -0.1234641
v 0.2773958 0.01863647 -0.1221243
v 0.2810561 0.01863647 -0.1184641
v 0.2823958 0.01863647 -0.1134641
v 0.2810561 0.01863647 -0.1084641
v 0.2773958 0.01863647 -0.1048038
v 0.2723958 0.01863647 -0.1034641
v 0.2810561 0.02863646 -0.1184641
v 0.280151 0.02863646 -0.1193692
v 0.2807313 0.02863646 -0.1187889
v 0.2728395 0.02863646 -0.1233452
v 0.2723958 0.02863646 -0.1234641
v 0.270253 0.02863646 -0.1228899
v 0.2718403 0.02863646 -0.1233152
v 0.2671993 0.02863646 -0.1219278
v 0.2637356 0.02863646 -0.1184641
v 0.2809041 0.02863646 -0.1186161
v 0.2790111 0.02863646 -0.1205091
v 0.2773958 0.02863646 -0.1221243
v 0.2750902 0.02863646 -0.1227421
v 0.2699181 0.02863646 -0.1228002
v 0.2678217 0.02863646 -0.1222385
v 0.2673959 0.02863646 -0.1221243
v 0.2790836 0.02863646 -0.1204366
v 0.2793464 0.02863646 -0.1201738
v 0.2748627 0.02863646 -0.1228031
v 0.2796641 0.02863646 -0.1198561
v 0.2798574 0.02863646 -0.1196628
v 0.2745855 0.02863646 -0.1228774
v 0.28003 0.02863646 -0.1194902
v 0.2794531 0.02863646 -0.120067
v 0.27424 0.02863646 -0.12297
v 0.2737976 0.02863646 -0.1230885
v 0.273211 0.02863646 -0.1232457
v 0.2410561 0.02863646 -0.06846407
v 0.2377889 0.02863646 -0.06519696
v 0.2373958 0.02863646 -0.06480381
v 0.2333032 0.02863646 -0.0637072
v 0.2323958 0.02863646 -0.06346408
v 0.2244311 0.02863646 -0.06776854
v 0.2248958 0.02863646 -0.06730381
v 0.2259823 0.02863646 -0.06621727
v 0.226125 0.02863646 -0.0660747
v 0.2237356 0.02863646 -0.06846407
v 0.2231261 0.02863646 -0.07073846
v 0.2223958 0.02863646 -0.07346407
v 0.2237356 0.02863646 -0.07846406
v 0.2423958 0.02863646 -0.07346407
v 0.2273958 0.02863646 -0.06480381
v 0.2265267 0.02863646 -0.06567296
v 0.2226648 0.02863646 -0.07246026
v 0.2410561 0.02863646 -0.07846406
v 0.2410691 0.02863646 -0.07841536
v 0.2316223 0.02863646 -0.06367132
v 0.2310395 0.02863646 -0.06382748
v 0.2273958 0.01863647 -0.06480381
v 0.2237356 0.01863647 -0.06846407
v 0.2223958 0.01863647 -0.07346407
v 0.2237356 0.01863647 -0.07846406
v 0.2273958 0.01863647 -0.08212432
v 0.2323958 0.01863647 -0.08346406
v 0.2373958 0.01863647 -0.08212432
v 0.2410561 0.01863647 -0.07846406
v 0.2423958 0.01863647 -0.07346407
v 0.2410561 0.01863647 -0.06846407
v 0.2373958 0.01863647 -0.06480381
v 0.2323958 0.01863647 -0.06346408
v 0.2423007 0.02863646 -0.07381889
v 0.2381402 0.02863646 -0.08137992
v 0.2408599 0.02863646 -0.07866022
v 0.2363863 0.02863646 -0.08239481
v 0.2323958 0.02863646 -0.08346406
v 0.2294595 0.02863646 -0.08267727
v 0.2300753 0.02863646 -0.08284232
v 0.2254307 0.02863646 -0.08015922
v 0.2375558 0.02863646 -0.08196434
v 0.2373958 0.02863646 -0.08212432
v 0.2314955 0.02863646 -0.08322284
v 0.2316799 0.02863646 -0.08327225
v 0.2273958 0.02863646 -0.08212432
v 0.1947972 0.02863646 -0.06410751
v 0.1923958 0.02863646 -0.06346408
v 0.1969092 0.02863646 -0.06467345
v 0.1973958 0.02863646 -0.06480381
v 0.1997088 0.02863646 -0.06711677
v 0.199836 0.02863646 -0.06724396
v 0.1983172 0.02863646 -0.06572512
v 0.2010561 0.02863646 -0.06846407
v 0.187475 0.02863646 -0.06478259
v 0.1906966 0.02863646 -0.0639194
v 0.1852442 0.02863646 -0.06695548
v 0.1871665 0.02863646 -0.06503311
v 0.1843775 0.02863646 -0.06782219
v 0.1825497 0.02863646 -0.07289001
v 0.18271 0.02863646 -0.07229164
v 0.1836419 0.02863646 -0.06881371
v 0.1836913 0.02863646 -0.06862947
v 0.1837356 0.02863646 -0.06846407
v 0.1823958 0.02863646 -0.07346407
v 0.1832269 0.02863646 -0.07656577
v 0.1832967 0.02863646 -0.07010189
v 0.1873958 0.02863646 -0.06480381
v 0.1837356 0.02863646 -0.07846406
v 0.1873958 0.01863647 -0.06480381
v 0.1837356 0.01863647 -0.06846407
v 0.1823958 0.01863647 -0.07346407
v 0.1837356 0.01863647 -0.07846406
v 0.1873958 0.01863647 -0.08212432
v 0.1923958 0.01863647 -0.08346406
v 0.1973958 0.01863647 -0.08212432
v 0.2010561 0.01863647 -0.07846406
v 0.2023958 0.01863647 -0.07346407
v 0.2010561 0.01863647 -0.06846407
v 0.1973958 0.01863647 -0.06480381
v 0.1923958 0.01863647 -0.06346408
v 0.2018712 0.02863646 -0.07150593
v 0.2017961 0.02863646 -0.07122591
v 0.20144 0.02863646 -0.07703122
v 0.2010561 0.02863646 -0.07846406
v 0.1994176 0.02863646 -0.08010253
v 0.1973958 0.02863646 -0.08212432
v 0.1945456 0.02863646 -0.08288804
v 0.1968945 0.02863646 -0.08225867
v 0.1884997 0.02863646 -0.08242008
v 0.1890976 0.02863646 -0.0825803
v 0.1873958 0.02863646 -0.08212432
v 0.2023958 0.02863646 -0.07346407
v 0.2020244 0.02863646 -0.07485023
v 0.2021621 0.02863646 -0.07433638
v 0.2005599 0.02863646 -0.07896033
v 0.1934747 0.02863646 -0.08317497
v 0.1923958 0.02863646 -0.08346406
v 0.2023147 0.02863646 -0.07376686
v 0.1925648 0.02863646 -0.08341876
v 0.19244 0.02863646 -0.08345225
v 0.1873958 0.02863646 -0.1221243
v 0.1881042 0.02863646 -0.1223142
v 0.1923958 0.02863646 -0.1234641
v 0.1928456 0.02863646 -0.1233436
v 0.1930598 0.02863646 -0.1232862
v 0.1890456 0.02863646 -0.1225664
v 0.1906513 0.02863646 -0.1229967
v 0.1969068 0.02863646 -0.1046728
v 0.1973958 0.02863646 -0.1048038
v 0.1992261 0.02863646 -0.1066341
v 0.1940625 0.02863646 -0.1039107
v 0.1938524 0.02863646 -0.1038544
v 0.1923958 0.02863646 -0.1034641
v 0.2008159 0.02863646 -0.1082239
v 0.2010561 0.02863646 -0.1084641
v 0.1835447 0.02863646 -0.1177517
v 0.1831857 0.02863646 -0.1164119
v 0.1837356 0.02863646 -0.1184641
v 0.1827645 0.02863646 -0.1120882
v 0.1829352 0.02863646 -0.1114511
v 0.1830066 0.02863646 -0.1111848
v 0.1828133 0.02863646 -0.115022
v 0.1879815 0.02863646 -0.1046469
v 0.1905634 0.02863646 -0.1039551
v 0.1823958 0.02863646 -0.1134641
v 0.1878499 0.02863646 -0.1046822
v 0.1867222 0.02863646 -0.1054775
v 0.1873958 0.02863646 -0.1048038
v 0.1857215 0.02863646 -0.1064781
v 0.186482 0.02863646 -0.1057176
v 0.1849856 0.02863646 -0.1072141
v 0.1837356 0.02863646 -0.1084641
v 0.1906879 0.02863646 -0.1039217
v 0.191263 0.02863646 -0.1037676
v 0.1906131 0.02863646 -0.1039418
v 0.1825195 0.02863646 -0.1130024
v 0.1843877 0.02863646 -0.107812
v 0.1873958 0.01863647 -0.1048038
v 0.1837356 0.01863647 -0.1084641
v 0.1823958 0.01863647 -0.1134641
v 0.1837356 0.01863647 -0.1184641
v 0.1873958 0.01863647 -0.1221243
v 0.1923958 0.01863647 -0.1234641
v 0.1973958 0.01863647 -0.1221243
v 0.2010561 0.01863647 -0.1184641
v 0.2023958 0.01863647 -0.1134641
v 0.2010561 0.01863647 -0.1084641
v 0.1973958 0.01863647 -0.1048038
v 0.1923958 0.01863647 -0.1034641
v 0.2021284 0.02863646 -0.1124661
v 0.201876 0.02863646 -0.1115241
v 0.2010732 0.02863646 -0.1184001
v 0.2012381 0.02863646 -0.1177849
v 0.1994549 0.02863646 -0.1200652
v 0.2010167 0.02863646 -0.1185034
v 0.2014778 0.02863646 -0.1100381
v 0.2023958 0.02863646 -0.1134641
v 0.2015672 0.02863646 -0.1165565
v 0.2018632 0.02863646 -0.115452
v 0.2010561 0.02863646 -0.1184641
v 0.1993761 0.02863646 -0.120144
v 0.2011129 0.02863646 -0.108676
v 0.2019065 0.02863646 -0.1152901
v 0.1991046 0.02863646 -0.1204155
v 0.1985186 0.02863646 -0.1210016
v 0.1960521 0.02863646 -0.1224844
v 0.1983097 0.02863646 -0.1212105
v 0.1976481 0.02863646 -0.121872
v 0.1973958 0.02863646 -0.1221243
v 0.1953032 0.02863646 -0.1442431
v 0.196219 0.02863646 -0.1444885
v 0.1973958 0.02863646 -0.1448038
v 0.2010561 0.02863646 -0.1484641
v 0.1991851 0.02863646 -0.146593
v 0.1925642 0.02863646 -0.1435092
v 0.1923958 0.02863646 -0.1434641
v 0.1928734 0.02863646 -0.143592
v 0.1835996 0.02863646 -0.1579566
v 0.1835064 0.02863646 -0.1576088
v 0.1837356 0.02863646 -0.158464
v 0.1873958 0.02863646 -0.1621243
v 0.1823958 0.02863646 -0.153464
v 0.1826849 0.02863646 -0.154543
v 0.1833171 0.02863646 -0.1569022
v 0.1863897 0.02863646 -0.14581
v 0.1866837 0.02863646 -0.1455159
v 0.1867304 0.02863646 -0.1454692
v 0.1847664 0.02863646 -0.1474333
v 0.1858683 0.02863646 -0.1463313
v 0.1837356 0.02863646 -0.1484641
v 0.1831563 0.02863646 -0.1506259
v 0.1836233 0.02863646 -0.1488832
v 0.1828994 0.02863646 -0.1515846
v 0.1827138 0.02863646 -0.1522772
v 0.1836925 0.02863646 -0.1486246
v 0.1825446 0.02863646 -0.1529088
v 0.1904533 0.02863646 -0.1439845
v 0.1907192 0.02863646 -0.1439133
v 0.189513 0.02863646 -0.1442365
v 0.1875707 0.02863646 -0.1447569
v 0.1888668 0.02863646 -0.1444096
v 0.1873958 0.02863646 -0.1448038
v 0.1873958 0.01863647 -0.1448038
v 0.1837356 0.01863647 -0.1484641
v 0.1823958 0.01863647 -0.153464
v 0.1837356 0.01863647 -0.158464
v 0.1873958 0.01863647 -0.1621243
v 0.1923958 0.01863647 -0.163464
v 0.1973958 0.01863647 -0.1621243
v 0.2010561 0.01863647 -0.158464
v 0.2023958 0.01863647 -0.153464
v 0.2010561 0.01863647 -0.1484641
v 0.1973958 0.01863647 -0.1448038
v 0.1923958 0.01863647 -0.1434641
v 0.2019384 0.02863646 -0.151757
v 0.2016255 0.02863646 -0.1505891
v 0.2015181 0.02863646 -0.1567399
v 0.2015839 0.02863646 -0.1564943
v 0.1995281 0.02863646 -0.159992
v 0.1998406 0.02863646 -0.1596796
v 0.1934627 0.02863646 -0.1631782
v 0.1923958 0.02863646 -0.163464
v 0.1881326 0.02863646 -0.1623217
v 0.1885141 0.02863646 -0.1624239
v 0.2012229 0.02863646 -0.1490865
v 0.2023958 0.02863646 -0.153464
v 0.2020069 0.02863646 -0.1549155
v 0.2022167 0.02863646 -0.1541325
v 0.201288 0.02863646 -0.1575987
v 0.1998793 0.02863646 -0.1596409
v 0.1990955 0.02863646 -0.1604246
v 0.1981811 0.02863646 -0.161339
v 0.1954657 0.02863646 -0.1626415
v 0.1969385 0.02863646 -0.1622469
v 0.189214 0.02863646 -0.1626115
v 0.2011436 0.02863646 -0.1487908
v 0.2022632 0.02863646 -0.1539589
v 0.2011322 0.02863646 -0.1581799
v 0.2010561 0.02863646 -0.158464
v 0.1973958 0.02863646 -0.1621243
v 0.1971531 0.02863646 -0.1621893
v 0.194635 0.02863646 -0.1628641
v 0.1940255 0.02863646 -0.1630274
v 0.1973958 0.02863646 -0.1848038
v 0.2010561 0.02863646 -0.1884641
v 0.1933959 0.02863646 -0.183732
v 0.1923958 0.02863646 -0.1834641
v 0.1934145 0.02863646 -0.183737
v 0.1946384 0.02863646 -0.184065
v 0.1837356 0.02863646 -0.1984641
v 0.1851838 0.02863646 -0.1999123
v 0.2023958 0.02863646 -0.1934641
v 0.2021883 0.02863646 -0.1926895
v 0.1923958 0.02863646 -0.2034641
v 0.1947389 0.02863646 -0.2028362
v 0.2019107 0.02863646 -0.1916535
v 0.2021843 0.02863646 -0.1926746
v 0.1828478 0.02863646 -0.1951509
v 0.2010561 0.02863646 -0.1984641
v 0.1837356 0.02863646 -0.1884641
v 0.1836307 0.02863646 -0.1888555
v 0.1873958 0.02863646 -0.2021243
v 0.1973958 0.02863646 -0.2021243
v 0.1873958 0.02863646 -0.1848038
v 0.1825846 0.02863646 -0.1927597
v 0.1823958 0.02863646 -0.1934641
v 0.1873958 0.01863647 -0.1848038
v 0.1837356 0.01863647 -0.1884641
v 0.1823958 0.01863647 -0.1934641
v 0.1837356 0.01863647 -0.1984641
v 0.1873958 0.01863647 -0.2021243
v 0.1923958 0.01863647 -0.2034641
v 0.1973958 0.01863647 -0.2021243
v 0.2010561 0.01863647 -0.1984641
v 0.2023958 0.01863647 -0.1934641
v 0.2010561 0.01863647 -0.1884641
v 0.1973958 0.01863647 -0.1848038
v 0.1923958 0.01863647 -0.1834641
v 0.2373182 0.02863646 -0.184783
v 0.2323958 0.02863646 -0.1834641
v 0.2373958 0.02863646 -0.1848038
v 0.2421122 0.02863646 -0.1945223
v 0.2420964 0.02863646 -0.1945816
v 0.2420863 0.02863646 -0.1946191
v 0.2307323 0.02863646 -0.2030183
v 0.2302643 0.02863646 -0.2028929
v 0.2280612 0.02863646 -0.2023026
v 0.2273958 0.02863646 -0.2021243
v 0.242081 0.02863646 -0.1946388
v 0.2354293 0.02863646 -0.2026512
v 0.2323958 0.02863646 -0.2034641
v 0.2310322 0.02863646 -0.2030987
v 0.2383665 0.02863646 -0.2011536
v 0.2380001 0.02863646 -0.2015201
v 0.2383818 0.02863646 -0.2011383
v 0.2378274 0.02863646 -0.2016927
v 0.2374624 0.02863646 -0.2020577
v 0.2373958 0.02863646 -0.2021243
v 0.2368242 0.02863646 -0.2022775
v 0.2362331 0.02863646 -0.2024359
v 0.2358998 0.02863646 -0.2025252
v 0.2356552 0.02863646 -0.2025907
v 0.2369103 0.02863646 -0.2022544
v 0.239324 0.02863646 -0.2001962
v 0.2392653 0.02863646 -0.2002548
v 0.239059 0.02863646 -0.2004611
v 0.2389182 0.02863646 -0.2006019
v 0.2388491 0.02863646 -0.200671
v 0.2417518 0.02863646 -0.1958674
v 0.2415513 0.02863646 -0.1966159
v 0.2420458 0.02863646 -0.1947704
v 0.2420626 0.02863646 -0.1947077
v 0.2370078 0.02863646 -0.2022283
v 0.2410561 0.02863646 -0.1984641
v 0.2413842 0.02863646 -0.1972393
v 0.2396973 0.02863646 -0.1998229
v 0.2414549 0.02863646 -0.1969757
v 0.2414026 0.02863646 -0.1971708
v 0.2423958 0.02863646 -0.1934641
v 0.2412237 0.02863646 -0.1890897
v 0.2421223 0.02863646 -0.194485
v 0.2412018 0.02863646 -0.1890078
v 0.2410561 0.02863646 -0.1884641
v 0.2322726 0.02863646 -0.1834971
v 0.2323483 0.02863646 -0.1834768
v 0.2322246 0.02863646 -0.18351
v 0.2230645 0.02863646 -0.1959598
v 0.2229511 0.02863646 -0.1955364
v 0.2235769 0.02863646 -0.197872
v 0.2237356 0.02863646 -0.1984641
v 0.2321994 0.02863646 -0.1835167
v 0.2223958 0.02863646 -0.1934641
v 0.2230532 0.02863646 -0.1910106
v 0.2228564 0.02863646 -0.1951831
v 0.2248617 0.02863646 -0.187338
v 0.2252097 0.02863646 -0.18699
v 0.225233 0.02863646 -0.1869666
v 0.2240476 0.02863646 -0.188152
v 0.2246002 0.02863646 -0.1875994
v 0.2237356 0.02863646 -0.1884641
v 0.2233591 0.02863646 -0.1898691
v 0.2235925 0.02863646 -0.1889977
v 0.2232306 0.02863646 -0.1903484
v 0.2231379 0.02863646 -0.1906947
v 0.2236272 0.02863646 -0.1888684
v 0.2265746 0.02863646 -0.185625
v 0.2266637 0.02863646 -0.1855359
v 0.2262613 0.02863646 -0.1859383
v 0.2259426 0.02863646 -0.1862571
v 0.2260475 0.02863646 -0.1861521
v 0.2304079 0.02863646 -0.1839968
v 0.2310738 0.02863646 -0.1838183
v 0.2320301 0.02863646 -0.1835621
v 0.2321108 0.02863646 -0.1835404
v 0.2236666 0.02863646 -0.1887214
v 0.2285338 0.02863646 -0.1844989
v 0.2295586 0.02863646 -0.1842243
v 0.2272306 0.02863646 -0.184969
v 0.2299212 0.02863646 -0.1841272
v 0.2296533 0.02863646 -0.1841989
v 0.2273958 0.02863646 -0.1848038
v 0.2273958 0.01863647 -0.1848038
v 0.2237356 0.01863647 -0.1884641
v 0.2223958 0.01863647 -0.1934641
v 0.2237356 0.01863647 -0.1984641
v 0.2273958 0.01863647 -0.2021243
v 0.2323958 0.01863647 -0.2034641
v 0.2373958 0.01863647 -0.2021243
v 0.2410561 0.01863647 -0.1984641
v 0.2423958 0.01863647 -0.1934641
v 0.2410561 0.01863647 -0.1884641
v 0.2373958 0.01863647 -0.1848038
v 0.2323958 0.01863647 -0.1834641
v 0.2733958 0.02863646 -0.143732
v 0.2737595 0.02863646 -0.1438294
v 0.2810561 0.02863646 -0.1484641
v 0.280834 0.02863646 -0.148242
v 0.2729514 0.02863646 -0.143613
v 0.2723958 0.02863646 -0.1434641
v 0.2800578 0.02863646 -0.1474658
v 0.2794331 0.02863646 -0.1468411
v 0.279836 0.02863646 -0.147244
v 0.2755776 0.02863646 -0.1443166
v 0.2773958 0.02863646 -0.1448038
v 0.2786159 0.02863646 -0.1460239
v 0.2753958 0.02863646 -0.1442679
v 0.2751736 0.02863646 -0.1442083
v 0.2786689 0.02863646 -0.1460769
v 0.2788599 0.02863646 -0.1462679
v 0.2790883 0.02863646 -0.1464963
v 0.2792259 0.02863646 -0.1466339
v 0.2748958 0.02863646 -0.144134
v 0.2745387 0.02863646 -0.1440382
v 0.278937 0.02863646 -0.1463449
v 0.279348 0.02863646 -0.146756
v 0.2740625 0.02863646 -0.1439106
v 0.2799544 0.02863646 -0.1473623
v 0.2637356 0.02863646 -0.1484641
v 0.263704 0.02863646 -0.1485817
v 0.2649947 0.02863646 -0.147205
v 0.2654016 0.02863646 -0.146798
v 0.2645387 0.02863646 -0.1476609
v 0.264945 0.02863646 -0.1472546
v 0.2655688 0.02863646 -0.1466308
v 0.2626779 0.02863646 -0.1524113
v 0.262815 0.02863646 -0.1518996
v 0.2625084 0.02863646 -0.1530438
v 0.2630252 0.02863646 -0.1511152
v 0.2634581 0.02863646 -0.1494996
v 0.263555 0.02863646 -0.1491379
v 0.2823958 0.02863646 -0.153464
v 0.2702408 0.02863646 -0.1440415
v 0.2714515 0.02863646 -0.1437171
v 0.2717079 0.02863646 -0.1436484
v 0.2695484 0.02863646 -0.144227
v 0.2698663 0.02863646 -0.1441418
v 0.2673958 0.02863646 -0.1448038
v 0.2671506 0.02863646 -0.145049
v 0.2694131 0.02863646 -0.1442633
v 0.2667103 0.02863646 -0.1454892
v 0.2623958 0.02863646 -0.153464
v 0.2673958 0.01863647 -0.1448038
v 0.2637356 0.01863647 -0.1484641
v 0.2623958 0.01863647 -0.153464
v 0.2637356 0.01863647 -0.158464
v 0.2673958 0.01863647 -0.1621243
v 0.2723958 0.01863647 -0.163464
v 0.2773958 0.01863647 -0.1621243
v 0.2810561 0.01863647 -0.158464
v 0.2823958 0.01863647 -0.153464
v 0.2810561 0.01863647 -0.1484641
v 0.2773958 0.01863647 -0.1448038
v 0.2723958 0.01863647 -0.1434641
v 0.2810561 0.02863646 -0.158464
v 0.280343 0.02863646 -0.1591772
v 0.2805524 0.02863646 -0.1589676
v 0.2728894 0.02863646 -0.1633318
v 0.2723958 0.02863646 -0.163464
v 0.2677737 0.02863646 -0.1622256
v 0.2673958 0.02863646 -0.1621243
v 0.265861 0.02863646 -0.1605894
v 0.2668599 0.02863646 -0.1615884
v 0.2637356 0.02863646 -0.158464
v 0.2796302 0.02863646 -0.1598899
v 0.2730838 0.02863646 -0.1632797
v 0.2679347 0.02863646 -0.1622687
v 0.2673202 0.02863646 -0.1620487
v 0.2639526 0.02863646 -0.1586811
v 0.264226 0.02863646 -0.1589545
v 0.2790777 0.02863646 -0.1604424
v 0.2794319 0.02863646 -0.1600882
v 0.2743436 0.02863646 -0.1629421
v 0.2746145 0.02863646 -0.1628695
v 0.2713958 0.02863646 -0.1631961
v 0.2716514 0.02863646 -0.1632645
v 0.2646334 0.02863646 -0.1593619
v 0.2654311 0.02863646 -0.1601596
v 0.2795374 0.02863646 -0.1599827
v 0.2783818 0.02863646 -0.1611383
v 0.2773958 0.02863646 -0.1621243
v 0.2759884 0.02863646 -0.1625014
v 0.2740143 0.02863646 -0.1630304
v 0.2736053 0.02863646 -0.16314
v 0.2712867 0.02863646 -0.1631669
v 0.2694136 0.02863646 -0.162665
v 0.2656024 0.02863646 -0.1603309
v 0.2784261 0.02863646 -0.161094
v 0.2785865 0.02863646 -0.1609336
v 0.2758495 0.02863646 -0.1625386
v 0.2690097 0.02863646 -0.1625567
v 0.2787804 0.02863646 -0.1607397
v 0.2788985 0.02863646 -0.1606217
v 0.2756802 0.02863646 -0.162584
v 0.2790038 0.02863646 -0.1605163
v 0.2786517 0.02863646 -0.1608684
v 0.2754694 0.02863646 -0.1626405
v 0.2751993 0.02863646 -0.1627128
v 0.2748412 0.02863646 -0.1628088
v 0.2337595 0.02863646 -0.1438294
v 0.2323958 0.02863646 -0.1434641
v 0.240337 0.02863646 -0.1591831
v 0.2395475 0.02863646 -0.1599726
v 0.2391915 0.02863646 -0.1603286
v 0.2380658 0.02863646 -0.1614543
v 0.2379293 0.02863646 -0.1615908
v 0.238891 0.02863646 -0.1606291
v 0.2388499 0.02863646 -0.1606702
v 0.2376796 0.02863646 -0.1618405
v 0.2388354 0.02863646 -0.1606847
v 0.2353814 0.02863646 -0.144264
v 0.2360965 0.02863646 -0.1444556
v 0.2348958 0.02863646 -0.144134
v 0.2405071 0.02863646 -0.159013
v 0.2373958 0.02863646 -0.1621243
v 0.2323958 0.02863646 -0.163464
v 0.2331724 0.02863646 -0.163256
v 0.2315892 0.02863646 -0.1632479
v 0.2314882 0.02863646 -0.1632209
v 0.2311383 0.02863646 -0.1631271
v 0.2303731 0.02863646 -0.1629221
v 0.230097 0.02863646 -0.1628481
v 0.2292109 0.02863646 -0.1626106
v 0.2288681 0.02863646 -0.1625188
v 0.2273958 0.02863646 -0.1621243
v 0.2276118 0.02863646 -0.1621822
v 0.2335287 0.02863646 -0.1631605
v 0.2332358 0.02863646 -0.163239
v 0.2332052 0.02863646 -0.1632471
v 0.2372967 0.02863646 -0.1621508
v 0.2364356 0.02863646 -0.1623816
v 0.2358802 0.02863646 -0.1625304
v 0.2357037 0.02863646 -0.1625777
v 0.2361533 0.02863646 -0.1624572
v 0.2355137 0.02863646 -0.1626286
v 0.2346157 0.02863646 -0.1628692
v 0.2341056 0.02863646 -0.1630059
v 0.2346898 0.02863646 -0.1628494
v 0.236398 0.02863646 -0.1623916
v 0.2410561 0.02863646 -0.158464
v 0.241252 0.02863646 -0.157733
v 0.2408232 0.02863646 -0.1586969
v 0.2302461 0.02863646 -0.1440401
v 0.2315828 0.02863646 -0.1436819
v 0.2296366 0.02863646 -0.1442034
v 0.2274409 0.02863646 -0.1447917
v 0.2276811 0.02863646 -0.1447273
v 0.2290478 0.02863646 -0.1443612
v 0.2291188 0.02863646 -0.1443421
v 0.2273958 0.02863646 -0.1448038
v 0.2271121 0.02863646 -0.1450876
v 0.2290227 0.02863646 -0.1443679
v 0.2415245 0.02863646 -0.1567159
v 0.2318681 0.02863646 -0.1436054
v 0.2267199 0.02863646 -0.1454797
v 0.2416441 0.02863646 -0.1562694
v 0.2230245 0.02863646 -0.1511176
v 0.2234119 0.02863646 -0.1496719
v 0.2228768 0.02863646 -0.1516691
v 0.2229022 0.02863646 -0.1515742
v 0.2226019 0.02863646 -0.1526951
v 0.2227894 0.02863646 -0.1519952
v 0.2223958 0.02863646 -0.153464
v 0.2225393 0.02863646 -0.1539995
v 0.2227011 0.02863646 -0.1546035
v 0.2225354 0.02863646 -0.1529432
v 0.223551 0.02863646 -0.1577754
v 0.2232676 0.02863646 -0.1567178
v 0.2237356 0.02863646 -0.158464
v 0.223437 0.02863646 -0.1495782
v 0.2235536 0.02863646 -0.1491432
v 0.2234249 0.02863646 -0.1496234
v 0.2258897 0.02863646 -0.1463099
v 0.2266632 0.02863646 -0.1455365
v 0.2252396 0.02863646 -0.1469599
v 0.2253958 0.02863646 -0.1468038
v 0.2256382 0.02863646 -0.1465614
v 0.225072 0.02863646 -0.1471276
v 0.2238434 0.02863646 -0.1483563
v 0.2242857 0.02863646 -0.147914
v 0.2237356 0.02863646 -0.1484641
v 0.2243501 0.02863646 -0.1478495
v 0.2258562 0.02863646 -0.1463434
v 0.2273958 0.01863647 -0.1448038
v 0.2237356 0.01863647 -0.1484641
v 0.2223958 0.01863647 -0.153464
v 0.2237356 0.01863647 -0.158464
v 0.2273958 0.01863647 -0.1621243
v 0.2323958 0.01863647 -0.163464
v 0.2373958 0.01863647 -0.1621243
v 0.2410561 0.01863647 -0.158464
v 0.2423958 0.01863647 -0.153464
v 0.2410561 0.01863647 -0.1484641
v 0.2373958 0.01863647 -0.1448038
v 0.2323958 0.01863647 -0.1434641
v 0.239226 0.02863646 -0.146634
v 0.2410561 0.02863646 -0.1484641
v 0.2421949 0.02863646 -0.1527141
v 0.2386159 0.02863646 -0.1460239
v 0.2385523 0.02863646 -0.1459603
v 0.2423958 0.02863646 -0.153464
v 0.2418239 0.02863646 -0.1555984
v 0.2371525 0.02863646 -0.1447386
v 0.2373958 0.02863646 -0.1448038
v 0.2378565 0.02863646 -0.1452645
v 0.2420976 0.02863646 -0.154577
v 0.2421621 0.02863646 -0.1543363
v 0.2380978 0.02863646 -0.1455058
v 0.2423441 0.02863646 -0.1536569
v 0.2423544 0.02863646 -0.1536185
v 0.2422335 0.02863646 -0.1540696
v 0.2422716 0.02863646 -0.1539278
v 0.2368752 0.02863646 -0.1046643
v 0.2373958 0.02863646 -0.1048038
v 0.2390178 0.02863646 -0.1064258
v 0.2392259 0.02863646 -0.1066339
v 0.2351308 0.02863646 -0.1041969
v 0.2329578 0.02863646 -0.1036146
v 0.2339531 0.02863646 -0.1038813
v 0.2323958 0.02863646 -0.103464
v 0.2410561 0.02863646 -0.108464
v 0.240028 0.02863646 -0.107436
v 0.2273958 0.02863646 -0.1221243
v 0.2290555 0.02863646 -0.122569
v 0.2247163 0.02863646 -0.1194447
v 0.2241589 0.02863646 -0.1188873
v 0.2237356 0.02863646 -0.118464
v 0.2263231 0.02863646 -0.1210516
v 0.2262393 0.02863646 -0.1209678
v 0.225323 0.02863646 -0.1200514
v 0.2256408 0.02863646 -0.1203693
v 0.2271266 0.02863646 -0.121855
v 0.2287491 0.02863646 -0.1044412
v 0.2292022 0.02863646 -0.1043198
v 0.2304227 0.02863646 -0.1039927
v 0.2309474 0.02863646 -0.1038521
v 0.2281512 0.02863646 -0.1046014
v 0.2256217 0.02863646 -0.1065779
v 0.2269313 0.02863646 -0.1052683
v 0.2302558 0.02863646 -0.1040374
v 0.2273958 0.02863646 -0.1048038
v 0.2245091 0.02863646 -0.1076905
v 0.2300774 0.02863646 -0.1040852
v 0.2226603 0.02863646 -0.1124769
v 0.2232898 0.02863646 -0.1101277
v 0.2234184 0.02863646 -0.1096478
v 0.2234952 0.02863646 -0.117567
v 0.2231694 0.02863646 -0.1163509
v 0.2224475 0.02863646 -0.1132712
v 0.2224636 0.02863646 -0.1132111
v 0.2228021 0.02863646 -0.1149804
v 0.2223958 0.02863646 -0.113464
v 0.2226043 0.02863646 -0.1142419
v 0.2226203 0.02863646 -0.1126264
v 0.2237356 0.02863646 -0.108464
v 0.2273958 0.01863647 -0.1048038
v 0.2237356 0.01863647 -0.108464
v 0.2223958 0.01863647 -0.113464
v 0.2237356 0.01863647 -0.118464
v 0.2273958 0.01863647 -0.1221243
v 0.2323958 0.01863647 -0.123464
v 0.2373958 0.01863647 -0.1221243
v 0.2410561 0.01863647 -0.118464
v 0.2423958 0.01863647 -0.113464
v 0.2410561 0.01863647 -0.108464
v 0.2373958 0.01863647 -0.1048038
v 0.2323958 0.01863647 -0.103464
v 0.2423958 0.02863646 -0.113464
v 0.2412657 0.02863646 -0.1176817
v 0.2414541 0.02863646 -0.1169786
v 0.2374511 0.02863646 -0.122069
v 0.2378066 0.02863646 -0.1217135
v 0.2360426 0.02863646 -0.1224869
v 0.2364278 0.02863646 -0.1223837
v 0.2418998 0.02863646 -0.1153153
v 0.2419589 0.02863646 -0.1150948
v 0.2410561 0.02863646 -0.118464
v 0.2391147 0.02863646 -0.1204054
v 0.2396848 0.02863646 -0.1198353
v 0.2373958 0.02863646 -0.1221243
v 0.2371718 0.02863646 -0.1221843
v 0.2355344 0.02863646 -0.1226231
v 0.2295352 0.02863646 -0.1226975
v 0.2421908 0.02863646 -0.1142291
v 0.2403707 0.02863646 -0.1191494
v 0.2387967 0.02863646 -0.1207235
v 0.2343877 0.02863646 -0.1229303
v 0.2329514 0.02863646 -0.1233152
v 0.2323958 0.02863646 -0.123464
v 0.2820227 0.02863646 -0.1920713
v 0.2823679 0.02863646 -0.19336
v 0.2823958 0.02863646 -0.193464
v 0.2818782 0.02863646 -0.1915323
v 0.2726133 0.02863646 -0.2034057
v 0.2725924 0.02863646 -0.2034113
v 0.2727051 0.02863646 -0.2033812
v 0.2723958 0.02863646 -0.203464
v 0.2724333 0.02863646 -0.203454
v 0.2724568 0.02863646 -0.2034476
v 0.2720368 0.02863646 -0.2033678
v 0.2714885 0.02863646 -0.2032209
v 0.271367 0.02863646 -0.2031883
v 0.2713334 0.02863646 -0.2031793
v 0.2711549 0.02863646 -0.2031315
v 0.2720753 0.02863646 -0.2033781
v 0.2737775 0.02863646 -0.2030938
v 0.273509 0.02863646 -0.2031657
v 0.2740466 0.02863646 -0.2030217
v 0.2739258 0.02863646 -0.203054
v 0.2739047 0.02863646 -0.2030597
v 0.2740982 0.02863646 -0.2030078
v 0.2730906 0.02863646 -0.2032778
v 0.2730231 0.02863646 -0.2032959
v 0.27297 0.02863646 -0.2033102
v 0.2733965 0.02863646 -0.2031958
v 0.2731925 0.02863646 -0.2032505
v 0.2734411 0.02863646 -0.2031839
v 0.2740625 0.02863646 -0.1839106
v 0.2744047 0.02863646 -0.1840023
v 0.2745387 0.02863646 -0.1840382
v 0.2733958 0.02863646 -0.1837319
v 0.2735662 0.02863646 -0.1837776
v 0.2733231 0.02863646 -0.1837125
v 0.2723958 0.02863646 -0.183464
v 0.2745794 0.02863646 -0.2028789
v 0.2744468 0.02863646 -0.2029144
v 0.2728815 0.02863646 -0.2033338
v 0.2753958 0.02863646 -0.1842678
v 0.2755776 0.02863646 -0.1843165
v 0.2791149 0.02863646 -0.1865229
v 0.2792259 0.02863646 -0.1866339
v 0.2810561 0.02863646 -0.188464
v 0.2800157 0.02863646 -0.1874236
v 0.2748958 0.02863646 -0.1841339
v 0.2751736 0.02863646 -0.1842083
v 0.2787268 0.02863646 -0.1861348
v 0.2784145 0.02863646 -0.1858224
v 0.2786159 0.02863646 -0.1860239
v 0.2764867 0.02863646 -0.1845601
v 0.2773958 0.02863646 -0.1848038
v 0.2780059 0.02863646 -0.1854138
v 0.2763958 0.02863646 -0.1845358
v 0.2762847 0.02863646 -0.184506
v 0.2780324 0.02863646 -0.1854403
v 0.2781278 0.02863646 -0.1855358
v 0.2782421 0.02863646 -0.18565
v 0.2783109 0.02863646 -0.1857188
v 0.2761458 0.02863646 -0.1844688
v 0.2759672 0.02863646 -0.184421
v 0.2781664 0.02863646 -0.1855743
v 0.2783719 0.02863646 -0.1857798
v 0.2757291 0.02863646 -0.1843572
v 0.2786751 0.02863646 -0.186083
v 0.2794874 0.02863646 -0.1868953
v 0.2658765 0.02863646 -0.200605
v 0.2652964 0.02863646 -0.2000249
v 0.2637356 0.02863646 -0.198464
v 0.2639855 0.02863646 -0.198714
v 0.2647163 0.02863646 -0.1994447
v 0.2645821 0.02863646 -0.1993106
v 0.265103 0.02863646 -0.1998315
v 0.2650829 0.02863646 -0.1998113
v 0.2648623 0.02863646 -0.1995908
v 0.2649388 0.02863646 -0.1996672
v 0.2651837 0.02863646 -0.1999122
v 0.2684354 0.02863646 -0.2024028
v 0.2683307 0.02863646 -0.2023748
v 0.2688344 0.02863646 -0.2025097
v 0.2687151 0.02863646 -0.2024778
v 0.2681918 0.02863646 -0.2023376
v 0.2678754 0.02863646 -0.2022528
v 0.2674729 0.02863646 -0.202145
v 0.2686965 0.02863646 -0.2024728
v 0.2673958 0.02863646 -0.2021243
v 0.2686363 0.02863646 -0.2024567
v 0.270578 0.02863646 -0.2029769
v 0.2662088 0.02863646 -0.2009372
v 0.2672684 0.02863646 -0.2019968
v 0.2700753 0.02863646 -0.2028422
v 0.26998 0.02863646 -0.2028167
v 0.2703235 0.02863646 -0.2029087
v 0.270295 0.02863646 -0.2029011
v 0.2698722 0.02863646 -0.2027878
v 0.2694452 0.02863646 -0.2026734
v 0.2692631 0.02863646 -0.2026246
v 0.2691602 0.02863646 -0.2025971
v 0.2705305 0.02863646 -0.2029642
v 0.2696608 0.02863646 -0.2027312
v 0.2704343 0.02863646 -0.2029384
v 0.2822877 0.02863646 -0.1938675
v 0.2811893 0.02863646 -0.1979667
v 0.2810561 0.02863646 -0.198464
v 0.2683565 0.02863646 -0.1845463
v 0.2683958 0.02863646 -0.1845358
v 0.2685685 0.02863646 -0.1844895
v 0.2677007 0.02863646 -0.1847221
v 0.268057 0.02863646 -0.1846266
v 0.2681014 0.02863646 -0.1846147
v 0.2666514 0.02863646 -0.1855482
v 0.2673958 0.02863646 -0.1848038
v 0.2664915 0.02863646 -0.1857081
v 0.2664477 0.02863646 -0.1857519
v 0.2662166 0.02863646 -0.185983
v 0.2674586 0.02863646 -0.1847869
v 0.2700813 0.02863646 -0.1840842
v 0.2705866 0.02863646 -0.1839488
v 0.2708658 0.02863646 -0.183874
v 0.2710931 0.02863646 -0.1838131
v 0.2708261 0.02863646 -0.1838847
v 0.2711903 0.02863646 -0.183787
v 0.269167 0.02863646 -0.1843292
v 0.2692941 0.02863646 -0.1842951
v 0.269067 0.02863646 -0.1843559
v 0.2694859 0.02863646 -0.1842438
v 0.2698697 0.02863646 -0.1841409
v 0.2699536 0.02863646 -0.1841184
v 0.2757652 0.02863646 -0.2025612
v 0.2755867 0.02863646 -0.202609
v 0.2758356 0.02863646 -0.2025423
v 0.2753304 0.02863646 -0.2026777
v 0.2752432 0.02863646 -0.2027011
v 0.2752061 0.02863646 -0.202711
v 0.2747388 0.02863646 -0.2028362
v 0.2720957 0.02863646 -0.1835444
v 0.2718462 0.02863646 -0.1836113
v 0.2689006 0.02863646 -0.1844006
v 0.2763894 0.02863646 -0.2023939
v 0.2762914 0.02863646 -0.2024201
v 0.278538 0.02863646 -0.2009821
v 0.2784622 0.02863646 -0.2010579
v 0.279936 0.02863646 -0.199584
v 0.2791052 0.02863646 -0.2004149
v 0.2761723 0.02863646 -0.2024521
v 0.2760243 0.02863646 -0.2024917
v 0.2782043 0.02863646 -0.2013158
v 0.2781326 0.02863646 -0.2013876
v 0.2780043 0.02863646 -0.2015157
v 0.2773958 0.02863646 -0.2021243
v 0.2768866 0.02863646 -0.2022607
v 0.2777526 0.02863646 -0.2017675
v 0.2768363 0.02863646 -0.2022742
v 0.2767751 0.02863646 -0.2022906
v 0.2778267 0.02863646 -0.2016934
v 0.2777686 0.02863646 -0.2017515
v 0.2779395 0.02863646 -0.2015806
v 0.2778968 0.02863646 -0.2016233
v 0.2766988 0.02863646 -0.202311
v 0.276601 0.02863646 -0.2023372
v 0.2778502 0.02863646 -0.2016698
v 0.2779776 0.02863646 -0.2015425
v 0.2764715 0.02863646 -0.2023719
v 0.2781707 0.02863646 -0.2013493
v 0.2787202 0.02863646 -0.2007999
v 0.2623958 0.02863646 -0.193464
v 0.2627643 0.02863646 -0.1948391
v 0.2636033 0.02863646 -0.1979703
v 0.2632548 0.02863646 -0.1966699
v 0.2631693 0.02863646 -0.1963508
v 0.2629205 0.02863646 -0.1954223
v 0.2629061 0.02863646 -0.1953686
v 0.263073 0.02863646 -0.1959913
v 0.2630211 0.02863646 -0.1957976
v 0.2628478 0.02863646 -0.1951509
v 0.2633261 0.02863646 -0.1899922
v 0.2633843 0.02863646 -0.189775
v 0.2635441 0.02863646 -0.1891784
v 0.2636143 0.02863646 -0.1889167
v 0.2632502 0.02863646 -0.1902754
v 0.26288 0.02863646 -0.191657
v 0.2630827 0.02863646 -0.1909004
v 0.2635333 0.02863646 -0.1892188
v 0.2628268 0.02863646 -0.1918556
v 0.2634985 0.02863646 -0.1893489
v 0.2654952 0.02863646 -0.1867044
v 0.2624251 0.02863646 -0.1933546
v 0.2625086 0.02863646 -0.1930432
v 0.2628036 0.02863646 -0.1919422
v 0.2647852 0.02863646 -0.1874144
v 0.2648958 0.02863646 -0.1873038
v 0.2651545 0.02863646 -0.1870451
v 0.2651885 0.02863646 -0.1870111
v 0.2646611 0.02863646 -0.1875385
v 0.2639807 0.02863646 -0.1882189
v 0.2641805 0.02863646 -0.1880191
v 0.2638693 0.02863646 -0.1883303
v 0.2637356 0.02863646 -0.188464
v 0.2654373 0.02863646 -0.1867622
v 0.2644209 0.02863646 -0.1877787
v 0.2653211 0.02863646 -0.1868785
v 0.280927 0.02863646 -0.1985931
v 0.03239584 0.02863646 0.05653596
v 0.03739583 0.02863646 0.05519623
v 0.03579178 0.02863646 0.03744593
v 0.035597 0.02863646 0.03739372
v 0.03503984 0.02863646 0.03724441
v 0.03441849 0.02863646 0.03707793
v 0.03514028 0.02863646 0.03727135
v 0.03239584 0.02863646 0.03653598
v 0.03382808 0.02863646 0.03691974
v 0.03988409 0.02863646 0.04036394
v 0.03958854 0.02863646 0.04006842
v 0.04105607 0.02863646 0.04153597
v 0.04129648 0.02863646 0.04243314
v 0.03529665 0.02863646 0.03731325
v 0.03780881 0.02863646 0.03828868
v 0.03739583 0.02863646 0.03787571
v 0.03772563 0.02863646 0.03820553
v 0.04105607 0.02863646 0.05153596
v 0.04239583 0.02863646 0.04653597
v 0.02353474 0.02863646 0.05078644
v 0.02357107 0.02863646 0.05092204
v 0.02330866 0.02863646 0.04994276
v 0.02342921 0.02863646 0.05039269
v 0.02344993 0.02863646 0.05046991
v 0.02289373 0.02863646 0.04839411
v 0.02319124 0.02863646 0.04950434
v 0.02739581 0.02863646 0.03787571
v 0.0254271 0.02863646 0.05322751
v 0.02561602 0.02863646 0.0534164
v 0.0263651 0.02863646 0.05416551
v 0.02674779 0.02863646 0.0545482
v 0.02347818 0.02863646 0.05057529
v 0.02428961 0.02863646 0.05208996
v 0.02402565 0.02863646 0.05182603
v 0.02423644 0.02863646 0.05203685
v 0.02739581 0.02863646 0.05519623
v 0.02239582 0.02863646 0.04653597
v 0.02305362 0.02863646 0.04408106
v 0.02373558 0.02863646 0.04153597
v 0.02373558 0.02863646 0.05153596
v 0.02739581 0.01863647 0.05519623
v 0.02373558 0.01863647 0.05153596
v 0.02239582 0.01863647 0.04653597
v 0.02373558 0.01863647 0.04153597
v 0.02739581 0.01863647 0.03787571
v 0.03239584 0.01863647 0.03653598
v 0.03739583 0.01863647 0.03787571
v 0.04105607 0.01863647 0.04153597
v 0.04239583 0.01863647 0.04653597
v 0.04105607 0.01863647 0.05153596
v 0.03739583 0.01863647 0.05519623
v 0.03239584 0.01863647 0.05653596
v 0.07239583 0.02863646 0.05653596
v 0.07739583 0.02863646 0.05519623
v 0.08105609 0.02863646 0.05153596
v 0.07239583 0.02863646 0.03653598
v 0.07739583 0.02863646 0.03787571
v 0.07993603 0.02863646 0.04041591
v 0.08239583 0.02863646 0.04653597
v 0.06373557 0.02863646 0.04153597
v 0.06537542 0.02863646 0.03989613
v 0.06739583 0.02863646 0.03787571
v 0.08105609 0.02863646 0.04153597
v 0.06239583 0.02863646 0.04653597
v 0.06373557 0.02863646 0.05153596
v 0.06739584 0.02863646 0.05519623
v 0.06739584 0.01863647 0.05519623
v 0.06373557 0.01863647 0.05153596
v 0.06239583 0.01863647 0.04653597
v 0.06373557 0.01863647 0.04153597
v 0.06739583 0.01863647 0.03787571
v 0.07239583 0.01863647 0.03653598
v 0.07739583 0.01863647 0.03787571
v 0.08105609 0.01863647 0.04153597
v 0.08239583 0.01863647 0.04653597
v 0.08105609 0.01863647 0.05153596
v 0.07739583 0.01863647 0.05519623
v 0.07239583 0.01863647 0.05653596
v 0.1123958 0.02863646 0.05653596
v 0.1173958 0.02863646 0.05519623
v 0.1210561 0.02863646 0.05153596
v 0.1073958 0.02863646 0.05519623
v 0.1069055 0.02863646 0.05470586
v 0.1023958 0.02863646 0.04653597
v 0.1037356 0.02863646 0.04153597
v 0.1061458 0.02863646 0.03912571
v 0.1223958 0.02863646 0.04653597
v 0.1037356 0.02863646 0.05153596
v 0.1073958 0.02863646 0.03787571
v 0.1092481 0.02863646 0.03737938
v 0.1123958 0.02863646 0.03653598
v 0.1130657 0.02863646 0.03671548
v 0.1173958 0.02863646 0.03787571
v 0.1073958 0.01863647 0.05519623
v 0.1037356 0.01863647 0.05153596
v 0.1023958 0.01863647 0.04653597
v 0.1037356 0.01863647 0.04153597
v 0.1073958 0.01863647 0.03787571
v 0.1123958 0.01863647 0.03653598
v 0.1173958 0.01863647 0.03787571
v 0.1210561 0.01863647 0.04153597
v 0.1223958 0.01863647 0.04653597
v 0.1210561 0.01863647 0.05153596
v 0.1173958 0.01863647 0.05519623
v 0.1123958 0.01863647 0.05653596
v 0.1210561 0.02863646 0.04153597
v 0.1576136 0.02863646 0.05497846
v 0.1602436 0.02863646 0.05234843
v 0.1610561 0.02863646 0.04153597
v 0.1617653 0.02863646 0.04418287
v 0.1610561 0.02863646 0.05153596
v 0.1573958 0.02863646 0.03787571
v 0.1583327 0.02863646 0.03881255
v 0.1524851 0.02863646 0.05651209
v 0.1523958 0.02863646 0.05653596
v 0.1546673 0.02863646 0.05592731
v 0.1573958 0.02863646 0.05519623
v 0.1423958 0.02863646 0.04653597
v 0.143193 0.02863646 0.04356071
v 0.1523958 0.02863646 0.03653598
v 0.1530658 0.02863646 0.03671548
v 0.1437356 0.02863646 0.04153597
v 0.1451654 0.02863646 0.04010621
v 0.1623958 0.02863646 0.04653597
v 0.1561129 0.02863646 0.03753194
v 0.145277 0.02863646 0.05307737
v 0.1469055 0.02863646 0.05470586
v 0.1473958 0.02863646 0.05519623
v 0.1437356 0.02863646 0.05153596
v 0.1434575 0.02863646 0.05049807
v 0.1427548 0.02863646 0.0478757
v 0.1426726 0.02863646 0.0475688
v 0.1494971 0.02863646 0.03731266
v 0.1473958 0.02863646 0.03787571
v 0.1477872 0.02863646 0.03777081
v 0.1473958 0.01863647 0.05519623
v 0.1437356 0.01863647 0.05153596
v 0.1423958 0.01863647 0.04653597
v 0.1437356 0.01863647 0.04153597
v 0.1473958 0.01863647 0.03787571
v 0.1523958 0.01863647 0.03653598
v 0.1573958 0.01863647 0.03787571
v 0.1610561 0.01863647 0.04153597
v 0.1623958 0.01863647 0.04653597
v 0.1610561 0.01863647 0.05153596
v 0.1573958 0.01863647 0.05519623
v 0.1523958 0.01863647 0.05653596
v 0.2023958 0.02863646 0.04653597
v 0.2016381 0.02863646 0.04936403
v 0.1973958 0.02863646 0.05519623
v 0.194857 0.02863646 0.05587649
v 0.2010561 0.02863646 0.04153597
v 0.2022927 0.02863646 0.04615083
v 0.1923958 0.02863646 0.05653596
v 0.1873958 0.02863646 0.03787571
v 0.1892481 0.02863646 0.03737941
v 0.1823958 0.02863646 0.04653597
v 0.1833164 0.02863646 0.04310033
v 0.2010561 0.02863646 0.05153596
v 0.1923958 0.02863646 0.03653598
v 0.1954976 0.02863646 0.03736708
v 0.1973958 0.02863646 0.03787571
v 0.1837356 0.02863646 0.05153596
v 0.1829878 0.02863646 0.0487453
v 0.1873958 0.02863646 0.05519623
v 0.1845555 0.02863646 0.05235589
v 0.1861997 0.02863646 0.03907183
v 0.1894803 0.02863646 0.03731719
v 0.1837356 0.02863646 0.04153597
v 0.1851654 0.02863646 0.04010618
v 0.1873958 0.01863647 0.05519623
v 0.1837356 0.01863647 0.05153596
v 0.1823958 0.01863647 0.04653597
v 0.1837356 0.01863647 0.04153597
v 0.1873958 0.01863647 0.03787571
v 0.1923958 0.01863647 0.03653598
v 0.1973958 0.01863647 0.03787571
v 0.2010561 0.01863647 0.04153597
v 0.2023958 0.01863647 0.04653597
v 0.2010561 0.01863647 0.05153596
v 0.1973958 0.01863647 0.05519623
v 0.1923958 0.01863647 0.05653596
v 0.238274 0.02863646 0.05431798
v 0.2404853 0.02863646 0.05210677
v 0.2323958 0.02863646 0.05653596
v 0.2373958 0.02863646 0.05519623
v 0.2410561 0.02863646 0.05153596
v 0.2423958 0.02863646 0.04653597
v 0.2419309 0.02863646 0.04827112
v 0.2237356 0.02863646 0.04153597
v 0.22577 0.02863646 0.03950158
v 0.2237356 0.02863646 0.05153596
v 0.2235864 0.02863646 0.05097908
v 0.2223958 0.02863646 0.04653597
v 0.2233164 0.02863646 0.04310036
v 0.2273958 0.02863646 0.03787571
v 0.2373958 0.02863646 0.03787571
v 0.2405657 0.02863646 0.04104558
v 0.2410561 0.02863646 0.04153597
v 0.223558 0.02863646 0.04219887
v 0.2292118 0.02863646 0.05568281
v 0.2273958 0.02863646 0.05519623
v 0.2296824 0.02863646 0.03726307
v 0.2323958 0.02863646 0.03653598
v 0.2273958 0.01863647 0.05519623
v 0.2237356 0.01863647 0.05153596
v 0.2223958 0.01863647 0.04653597
v 0.2237356 0.01863647 0.04153597
v 0.2273958 0.01863647 0.03787571
v 0.2323958 0.01863647 0.03653598
v 0.2373958 0.01863647 0.03787571
v 0.2410561 0.01863647 0.04153597
v 0.2423958 0.01863647 0.04653597
v 0.2410561 0.01863647 0.05153596
v 0.2373958 0.01863647 0.05519623
v 0.2323958 0.01863647 0.05653596
v 0.2736575 0.02863646 0.05619791
v 0.2723958 0.02863646 0.05653596
v 0.2773958 0.02863646 0.05519623
v 0.2775027 0.02863646 0.05508932
v 0.2795781 0.02863646 0.05301386
v 0.2810561 0.02863646 0.05153596
v 0.2637356 0.02863646 0.05153596
v 0.263265 0.02863646 0.04977962
v 0.2630275 0.02863646 0.04417843
v 0.2623958 0.02863646 0.04653597
v 0.2637356 0.02863646 0.04153597
v 0.2649856 0.02863646 0.04028597
v 0.2673958 0.02863646 0.03787571
v 0.267455 0.02863646 0.03785986
v 0.2723958 0.02863646 0.03653598
v 0.275756 0.02863646 0.03743631
v 0.2823958 0.02863646 0.04653597
v 0.2673958 0.02863646 0.05519623
v 0.2685924 0.02863646 0.05551681
v 0.265056 0.02863646 0.04021558
v 0.2773958 0.02863646 0.03787571
v 0.2790357 0.02863646 0.03951558
v 0.2810561 0.02863646 0.04153597
v 0.2673958 0.01863647 0.05519623
v 0.2637356 0.01863647 0.05153596
v 0.2623958 0.01863647 0.04653597
v 0.2637356 0.01863647 0.04153597
v 0.2673958 0.01863647 0.03787571
v 0.2723958 0.01863647 0.03653598
v 0.2773958 0.01863647 0.03787571
v 0.2810561 0.01863647 0.04153597
v 0.2823958 0.01863647 0.04653597
v 0.2810561 0.01863647 0.05153596
v 0.2773958 0.01863647 0.05519623
v 0.2723958 0.01863647 0.05653596
v 0.3023958 0.02863646 0.04653594
v 0.3028417 0.02863646 0.0448719
v 0.3123958 0.02863646 0.05653593
v 0.3173958 0.02863646 0.0551962
v 0.3223958 0.02863646 0.04653594
v 0.3212521 0.02863646 0.05080429
v 0.3073958 0.02863646 0.0551962
v 0.3067881 0.02863646 0.0545885
v 0.3037356 0.02863646 0.05153593
v 0.3210561 0.02863646 0.05153593
v 0.3036307 0.02863646 0.04192734
v 0.3123958 0.02863646 0.03653595
v 0.3127548 0.02863646 0.03663215
v 0.3173958 0.02863646 0.03787568
v 0.3205657 0.02863646 0.04104558
v 0.3210561 0.02863646 0.04153594
v 0.3085067 0.02863646 0.05549386
v 0.315756 0.02863646 0.03743628
v 0.3073958 0.02863646 0.03787568
v 0.3160844 0.02863646 0.03752431
v 0.3037356 0.02863646 0.04153594
v 0.3073958 0.01863647 0.0551962
v 0.3037356 0.01863647 0.05153593
v 0.3023958 0.01863647 0.04653594
v 0.3037356 0.01863647 0.04153594
v 0.3073958 0.01863647 0.03787568
v 0.3123958 0.01863647 0.03653595
v 0.3173958 0.01863647 0.03787568
v 0.3210561 0.01863647 0.04153594
v 0.3223958 0.01863647 0.04653594
v 0.3210561 0.01863647 0.05153593
v 0.3173958 0.01863647 0.0551962
v 0.3123958 0.01863647 0.05653593
v -0.1648959 -0.05136359 0.07653594
v -0.1648959 -0.05136359 0.1537777
v -0.1648959 0.02863634 0.1537777
v -0.1648959 0.02863634 0.07653594
v -0.2376042 -0.05136359 0.07653594
v -0.2376042 0.02863634 0.07653594
v -0.2376042 0.02863634 0.1537777
v -0.2376042 -0.05136359 0.1537777
v -0.20125 0.02863634 0.1450742
v -0.1879335 0.02863634 0.1423258
v -0.1750698 0.02863634 0.1240956
v -0.1765632 0.02863634 0.1293526
v -0.2259368 0.02863634 0.1293526
v -0.2174307 0.02863634 0.1402752
v -0.1765632 0.02863634 0.1064775
v -0.1760335 0.02863634 0.1083422
v -0.1865287 0.02863634 0.1417346
v -0.1750698 0.02863634 0.1117346
v -0.2145665 0.02863634 0.1423258
v -0.2159713 0.02863634 0.1417346
v -0.2274303 0.02863634 0.1240956
v -0.2259368 0.02863634 0.1064775
v -0.22343 0.02863634 0.1032585
v -0.2145665 0.02863634 0.09350437
v -0.2159713 0.02863634 0.09409553
v -0.1879335 0.02863634 0.09350437
v -0.20125 0.02863634 0.09075591
v -0.1850694 0.02863634 0.1402752
v -0.2274303 0.02863634 0.1225921
v -0.2274303 0.02863634 0.1117346
v -0.2174307 0.02863634 0.09555492
v -0.2064334 0.02863634 0.09182572
v -0.1865287 0.02863634 0.09409553
v -0.1850694 0.02863634 0.09555486
v -0.1769795 0.02363658 0.1086445
v -0.1769795 0.02363658 0.1271856
v -0.1854781 0.01311707 0.1179151
v -0.2105205 0.01436603 0.132915
v -0.2255205 0.02363658 0.1271856
v -0.2170219 0.01311707 0.1179151
v -0.20125 0.008636594 0.1179151
v -0.1919795 0.01436603 0.132915
v -0.20125 0.02286458 0.1434346
v -0.2105205 0.01436603 0.1029151
v -0.1919795 0.01436603 0.1029151
v -0.20125 0.02286458 0.09239554
v -0.2255205 0.02363658 0.1086445
v -0.08760417 -0.05136347 0.07653594
v -0.08760417 -0.05136347 0.1537777
v -0.08760417 0.02863646 0.1537777
v -0.08760417 0.02863646 0.07653594
v -0.1603125 -0.05136347 0.07653594
v -0.1603125 0.02863646 0.07653594
v -0.1603125 0.02863646 0.1537777
v -0.1603125 -0.05136347 0.1537777
v -0.1239583 0.02863646 0.1450742
v -0.1106418 0.02863646 0.1423258
v -0.09777808 0.02863646 0.1240956
v -0.09927151 0.02863646 0.1293526
v -0.1486451 0.02863646 0.1293526
v -0.140139 0.02863646 0.1402752
v -0.09927151 0.02863646 0.1064775
v -0.09874177 0.02863646 0.1083422
v -0.109237 0.02863646 0.1417346
v -0.09777808 0.02863646 0.1117346
v -0.1372748 0.02863646 0.1423258
v -0.1386796 0.02863646 0.1417346
v -0.1501386 0.02863646 0.1240956
v -0.1486451 0.02863646 0.1064775
v -0.1461383 0.02863646 0.1032585
v -0.1372748 0.02863646 0.09350437
v -0.1386796 0.02863646 0.09409553
v -0.1106418 0.02863646 0.09350437
v -0.1239583 0.02863646 0.09075591
v -0.1077777 0.02863646 0.1402752
v -0.1501386 0.02863646 0.1225921
v -0.1501386 0.02863646 0.1117346
v -0.140139 0.02863646 0.09555492
v -0.1291417 0.02863646 0.09182572
v -0.109237 0.02863646 0.09409553
v -0.1077777 0.02863646 0.09555486
v -0.09968781 0.0236367 0.1086445
v -0.09968781 0.0236367 0.1271856
v -0.1081864 0.01311719 0.1179151
v -0.1332288 0.01436615 0.132915
v -0.1482288 0.0236367 0.1271856
v -0.1397302 0.01311719 0.1179151
v -0.1239583 0.008636713 0.1179151
v -0.1146878 0.01436615 0.132915
v -0.1239583 0.0228647 0.1434346
v -0.1332288 0.01436615 0.1029151
v -0.1146878 0.01436615 0.1029151
v -0.1239583 0.0228647 0.09239554
v -0.1482288 0.0236367 0.1086445
v -0.007604167 -0.05136359 0.07653594
v -0.007604167 -0.05136359 0.1537777
v -0.007604167 0.02863634 0.1537777
v -0.007604167 0.02863634 0.07653594
v -0.08031248 -0.05136359 0.07653594
v -0.08031248 0.02863634 0.07653594
v -0.08031248 0.02863634 0.1537777
v -0.08031248 -0.05136359 0.1537777
v -0.04395832 0.02863634 0.1450742
v -0.03064184 0.02863634 0.1423258
v -0.01777808 0.02863634 0.1240956
v -0.01927151 0.02863634 0.1293526
v -0.06864513 0.02863634 0.1293526
v -0.06013899 0.02863634 0.1402752
v -0.01927151 0.02863634 0.1064775
v -0.01874177 0.02863634 0.1083422
v -0.02923705 0.02863634 0.1417346
v -0.01777808 0.02863634 0.1117346
v -0.0572748 0.02863634 0.1423258
v -0.0586796 0.02863634 0.1417346
v -0.07013856 0.02863634 0.1240956
v -0.06864513 0.02863634 0.1064775
v -0.06613828 0.02863634 0.1032585
v -0.0572748 0.02863634 0.09350437
v -0.0586796 0.02863634 0.09409553
v -0.03064184 0.02863634 0.09350437
v -0.04395832 0.02863634 0.09075591
v -0.02777769 0.02863634 0.1402752
v -0.07013856 0.02863634 0.1225921
v -0.07013856 0.02863634 0.1117346
v -0.06013899 0.02863634 0.09555492
v -0.04914166 0.02863634 0.09182572
v -0.02923705 0.02863634 0.09409553
v -0.02777769 0.02863634 0.09555486
v -0.01968782 0.02363658 0.1086445
v -0.01968782 0.02363658 0.1271856
v -0.0281864 0.01311707 0.1179151
v -0.05322884 0.01436603 0.132915
v -0.06822883 0.02363658 0.1271856
v -0.05973025 0.01311707 0.1179151
v -0.04395832 0.008636594 0.1179151
v -0.0346878 0.01436603 0.132915
v -0.04395832 0.02286458 0.1434346
v -0.05322884 0.01436603 0.1029151
v -0.0346878 0.01436603 0.1029151
v -0.04395832 0.02286458 0.09239554
v -0.06822883 0.02363658 0.1086445
v -0.2476042 -0.0213635 -0.333464
v -0.2476042 -0.0213635 -0.2734641
v -0.2476042 0.03863645 -0.2734641
v -0.2476042 0.03863645 -0.333464
v -0.3076042 -0.0213635 -0.333464
v -0.3076042 0.03863645 -0.333464
v -0.3076042 0.03863645 -0.2734641
v -0.3076042 -0.0213635 -0.2734641
v 0.2923958 -0.0213635 -0.3334641
v 0.2923958 -0.0213635 -0.2734641
v 0.2923958 0.03863645 -0.2734641
v 0.2923958 0.03863645 -0.3334641
v 0.2323958 -0.0213635 -0.3334641
v 0.2323958 0.03863645 -0.3334641
v 0.2323958 0.03863645 -0.2734641
v 0.2323958 -0.0213635 -0.2734641
v -0.001484126 -0.03136337 -0.2407984
v -0.001484126 -0.03136337 0.01387027
v -0.001484126 0.02863657 0.01387027
v -0.001484126 0.02863657 -0.2407984
v -0.3137242 -0.03136337 -0.2407984
v -0.3137242 0.02863657 -0.2407984
v -0.3137242 0.02863657 0.01387027
v -0.3137242 -0.03136337 0.01387027
v -0.02760422 0.02863646 -0.2234641
v -0.02760422 0.02863646 -0.04346415
v -0.3076042 0.02863646 -0.2234641
v -0.3076042 0.02863646 -0.04346415
v -0.01760417 0.02863646 -0.223464
v -0.01760417 0.02863526 -0.04346403
v -0.2976042 0.02863526 -0.04346403
v -0.2976042 0.02863646 -0.223464
v -0.01760417 -0.001363516 -0.04346403
v -0.2976042 -0.001363516 -0.04346403
v -0.2976042 -0.001363516 -0.223464
v -0.01760417 -0.001363516 -0.223464
v 0.2923958 0.03863645 0.1365359
v 0.3023958 0.03863645 0.1338564
v 0.3023958 0.01863647 0.1338564
v 0.2923958 0.01863647 0.1365359
v 0.3097163 0.03863645 0.1265359
v 0.3097163 0.01863647 0.1265359
v 0.3123958 0.03863645 0.1165359
v 0.3123958 0.01863647 0.1165359
v 0.3097163 0.03863645 0.1065359
v 0.3097163 0.01863647 0.1065359
v 0.3023958 0.03863645 0.09921542
v 0.3023958 0.01863647 0.09921542
v 0.2923958 0.03863645 0.09653592
v 0.2923958 0.01863647 0.09653592
v 0.2823958 0.03863645 0.09921542
v 0.2823958 0.01863647 0.09921542
v 0.2750753 0.03863645 0.1065359
v 0.2750753 0.01863647 0.1065359
v 0.2723958 0.03863645 0.1165359
v 0.2723958 0.01863647 0.1165359
v 0.2750753 0.03863645 0.1265359
v 0.2750753 0.01863647 0.1265359
v 0.2823958 0.03863645 0.1338564
v 0.2823958 0.01863647 0.1338564
v 0.2923958 0.04863644 0.126536
v 0.2973958 0.04863644 0.1251962
v 0.2973958 0.02863646 0.1251962
v 0.2923958 0.02863646 0.126536
v 0.3010561 0.04863644 0.121536
v 0.3010561 0.02863646 0.121536
v 0.3023958 0.04863644 0.116536
v 0.3023958 0.02863646 0.116536
v 0.3010561 0.04863644 0.111536
v 0.3010561 0.02863646 0.111536
v 0.2973958 0.04863644 0.1078757
v 0.2973958 0.02863646 0.1078757
v 0.2923958 0.04863644 0.106536
v 0.2923958 0.02863646 0.106536
v 0.2873958 0.04863644 0.1078757
v 0.2873958 0.02863646 0.1078757
v 0.2837356 0.04863644 0.111536
v 0.2837356 0.02863646 0.111536
v 0.2823958 0.04863644 0.116536
v 0.2823958 0.02863646 0.116536
v 0.2837356 0.04863644 0.121536
v 0.2837356 0.02863646 0.121536
v 0.2873958 0.04863644 0.1251962
v 0.2873958 0.02863646 0.1251962
v 0.2423958 0.03863645 0.126536
v 0.2473958 0.03863645 0.1251962
v 0.2473958 0.01863647 0.1251962
v 0.2423958 0.01863647 0.126536
v 0.2510561 0.03863645 0.121536
v 0.2510561 0.01863647 0.121536
v 0.2523958 0.03863645 0.116536
v 0.2523958 0.01863647 0.116536
v 0.2510561 0.03863645 0.111536
v 0.2510561 0.01863647 0.111536
v 0.2473958 0.03863645 0.1078757
v 0.2473958 0.01863647 0.1078757
v 0.2423958 0.03863645 0.106536
v 0.2423958 0.01863647 0.106536
v 0.2373958 0.03863645 0.1078757
v 0.2373958 0.01863647 0.1078757
v 0.2337356 0.03863645 0.111536
v 0.2337356 0.01863647 0.111536
v 0.2323958 0.03863645 0.116536
v 0.2323958 0.01863647 0.116536
v 0.2337356 0.03863645 0.121536
v 0.2337356 0.01863647 0.121536
v 0.2373958 0.03863645 0.1251962
v 0.2373958 0.01863647 0.1251962
vn 1 0 0
vn -1 0 0
vn 0 -1 0
vn 0 0 -1
vn 0 0 1
vn 0 1 0
vn 0 1 0
vn 0 1 0
vn 0 1 0
vn 0 1 0
vn 0 1 0
vn 0 1 0
vn 0 1 0
vn 0 1 0
vn 0 1 0
vn 0 1 0
vn 0 1 0
vn 0 1 0
vn 0 1 0
vn 0 1 0
vn 0 1 0
vn 0 1 0
vn 0 1 0
vn 0 1 0
vn 0 1 0
vn 0 1 0
vn 0 1 0
vn 0 1 0
vn 0 1 0
vn 0 1 0
vn 0 1 0
vn 0 1 0
vn 0 1 0
vn -0.7778668 0.6284292 0
vn 0.5831299 0.7487838 -0.3150912
vn 0.2680354 0.9435228 -0.1947352
vn 0 0.7778689 -0.6284267
vn -0.2680354 0.9435228 -0.1947352
vn 0 0.9341733 -0.3568195
vn 0.2680354 0.9435228 0.1947352
vn -0.2680354 0.9435228 0.1947352
vn 0 0.7778689 0.6284267
vn 0 0.9341734 0.3568195
vn 0.5831299 0.7487838 0.3150912
vn 0.7778668 0.6284292 0
vn -0.5831299 0.7487838 -0.3150911
vn -0.5831299 0.7487838 0.3150911
vn -0.194739 0.2680344 -0.9435223
vn -0.9435221 0.1947388 -0.2680354
vn -0.9435221 0.1947388 0.2680353
vn -0.9341722 0.3568226 0
vn -0.194739 0.2680344 0.9435223
vn 0.7487837 0.3150936 -0.5831287
vn 0.3150949 0.5831292 -0.7487827
vn 0.5773512 0.5773502 -0.5773496
vn 0.3150949 0.5831292 0.7487827
vn 0.7487836 0.3150936 0.5831287
vn 0.5773511 0.5773502 0.5773495
vn 0.943522 0.1947389 0.2680353
vn 0.943522 0.1947389 -0.2680353
vn 0.9341721 0.3568228 0
vn 0.194739 0.2680344 -0.9435223
vn -0.3150949 0.5831292 -0.7487828
vn -0.7487837 0.3150935 -0.5831288
vn -0.5773511 0.5773502 -0.5773496
vn -0.3150949 0.5831292 0.7487828
vn -0.7487836 0.3150935 0.5831288
vn -0.5773511 0.5773502 0.5773497
vn 0.194739 0.2680344 0.9435223
vn -0.9435221 0.1947388 0.2680353
vn 0.7487836 0.3150936 0.5831287
vn 0.9341721 0.3568228 0
vn 0.194739 0.2680344 0.9435223
vn 1 0 0
vn -1 0 0
vn 0 0 -1
vn 0 0 -1
vn -1 0 0
vn 0 0 1
vn 1 0 0
vn 0 -1 0
vn 0 0 1
vn 0 -4.262497E-06 1
vn 0 1 0
vn -2.84166E-06 0 1
vn -1 0 0
vn 1 0 0
vn -2.388478E-07 -2.005696E-06 1
vn 7.10416E-07 -5.328122E-06 1
vn 0 1 0
vn 0 1 0
vn 0 0 1
vn 0 0 1
vn 0 1 0
vn 0 1 0
vn 0 1 0
vn 0 1 0
vn 0 1 0
vn 0 1 0
vn 0 1 0
vn 0 1 0
vn 0 1 0
vn 0 1 0
vn 0 1 0
vn -1 0 0
vn 1 0 0
vn 0 0 1
vn 0 0 -1
vn 1 0 0
vn 0 0 1
vn 0 0 -1
vn 0 0 -1
vn 0 0 -1
vn 0 1 0
vn 0 1 0
vn 0 1 0
vn 0 1 0
vn 0 1 0
vn 0 1 0
vn 0 1 0
vn 0 1 0
vn 0 1 0
vn 0 1 0
vn 0 1 0
vn 0 1 0
vn 0 1 0
vn -0.2588132 0 -0.9659274
vn -0.7071096 0 -0.707104
vn -0.9659239 0 -0.2588262
vn -0.9659237 0 0.2588269
vn -0.7071096 0 0.707104
vn -0.2588132 0 0.9659274
vn 0.258818 9.852911E-08 0.9659261
vn 0.7071081 1.464919E-06 0.7071054
vn 0.9659237 8.324441E-07 0.2588269
vn 0.9659239 -3.656929E-06 -0.2588262
vn 0.7071081 0 -0.7071054
vn 0.258818 0 -0.9659261
vn 0.2588178 0 0.9659261
vn 0.7071038 0 0.7071097
vn 0.9659261 3.691658E-06 0.2588179
vn 0.9659216 0 -0.2588346
vn 0.9658968 0 0.2589276
vn 0 1 0
vn 0 1 0
vn 0 1 0
vn 0 1 0
vn 0 1 0
vn 0 1 0
vn 0 1 0
vn 0 1 0
vn 0 1 0
vn 0 1 0
vn 0 1 0
vn 0 1 0
vn 0 1 0
vn 0 1 0
vn 0 1 0
vn 0 1 0
vn 0 1 0
vn 0 1 0
vn 0 1 0
vn 0 1 0
vn 0 1 0
vn 0 1 0
vn -0.2588153 0 -0.9659268
vn -0.7071088 0 -0.7071047
vn -0.965926 0 -0.2588185
vn -0.9659258 0 0.2588192
vn -0.7071099 5.669179E-07 0.7071037
vn -0.2588153 1.567854E-06 0.9659268
vn 0.258817 0 0.9659264
vn 0.7071061 1.055782E-06 0.7071075
vn 0.9659261 7.527505E-08 0.2588179
vn 0.9659263 0 -0.2588173
vn 0.7071061 -1.323152E-06 -0.7071075
vn 0.258817 0 -0.9659264
vn -0.707114 0 0.7070996
vn -0.7071049 0 0.7071086
vn -0.258819 0 0.9659258
vn 0.7071044 -1.005719E-07 0.7071093
vn 0.9659261 0 0.2588182
vn 0.9659231 0 -0.2588289
vn 0.7071012 0 -0.7071124
vn 0.7071047 0 0.7071088
vn 0.9659153 -1.91351E-05 -0.2588581
vn 0.9659283 2.743125E-06 -0.2588098
vn 0 1 0
vn 0 1 0
vn 0 1 0
vn 0 1 0
vn 0 1 0
vn 0 1 0
vn 0 1 0
vn 0 1 0
vn 0 1 0
vn 0 1 0
vn 0 1 0
vn 0 1 0
vn 0 1 0
vn 0 1 0
vn 0 1 0
vn 0 1 0
vn 0 1 0
vn 0 1 0
vn 0 1 0
vn 0 1 0
vn -0.2588158 0 -0.9659267
vn -0.7071078 0 -0.7071058
vn -0.9659258 0 -0.2588192
vn -0.9659256 0 0.2588198
vn -0.7071068 -2.5117E-07 0.7071068
vn -0.2588158 0 0.9659267
vn 0.2588163 0 0.9659265
vn 0.7071075 -5.534434E-07 0.7071061
vn 0.9659253 -4.371506E-07 0.258821
vn 0.965926 -5.662762E-07 -0.2588185
vn 0.7071075 -1.690888E-06 -0.7071061
vn 0.2588163 0 -0.9659265
vn -0.7071062 0 0.7071074
vn -0.7071774 0 0.7070362
vn 0.7071122 2.537702E-06 0.7071014
vn 0.9659259 0 0.2588186
vn 0.9659266 0 0.2588159
vn 0.9659241 2.107039E-06 -0.2588254
vn 0.7071012 0 -0.7071124
vn 0.7070863 0 0.7071273
vn 0.9659309 0 -0.2587999
vn 0 1 0
vn 0 1 0
vn 0 1 0
vn 0 1 0
vn 0 1 0
vn 0 1 0
vn 0 1 0
vn 0 1 0
vn 0 1 0
vn 0 1 0
vn 0 1 0
vn 0 1 0
vn 0 1 0
vn 0 1 0
vn 0 1 0
vn 0 1 0
vn 0 1 0
vn 0 1 0
vn 0 1 0
vn 0 1 0
vn 0 1 0
vn -0.2588153 0 -0.9659268
vn -0.7071093 0 -0.7071043
vn -0.9659258 0 -0.2588193
vn -0.9659256 0 0.25882
vn -0.7071093 0 0.7071043
vn -0.2588094 2.964149E-06 0.9659284
vn 0.258816 0 0.9659266
vn 0.7071066 7.36685E-07 0.707107
vn 0.9659263 -1.555318E-06 0.2588174
vn 0.9659265 7.388385E-07 -0.2588166
vn 0.7071066 -2.052033E-07 -0.707107
vn 0.258816 0 -0.9659266
vn -0.2588563 0 0.9659159
vn -0.2588103 0 0.9659282
vn 0.7070991 0 0.7071145
vn 0.9659521 0 0.2587209
vn 0.9659263 0 0.2588174
vn 0.965914 1.203261E-05 0.2588632
vn 0.9659253 2.425517E-06 -0.258821
vn 0.7071058 0 -0.7071077
vn 0.9659331 0 -0.2587917
vn 0 1 0
vn 0 1 0
vn 0 1 0
vn 0 1 0
vn 0 1 0
vn 0 1 0
vn 0 1 0
vn 0 1 0
vn 0 1 0
vn 0 1 0
vn 0 1 0
vn 0 1 0
vn 0 1 0
vn 0 1 0
vn 0 1 0
vn 0 1 0
vn 0 1 0
vn 0 1 0
vn 0 1 0
vn 0 1 0
vn -0.2588178 0 -0.9659262
vn -0.7071066 0 -0.707107
vn -0.9659258 0 -0.2588195
vn -0.9659255 0 0.2588202
vn -0.7071066 0 0.707107
vn -0.2588178 5.346005E-07 0.9659262
vn 0.2588149 0 0.9659269
vn 0.7071052 1.311611E-06 0.7071083
vn 0.9659255 -8.988629E-07 0.2588202
vn 0.9659258 -1.047281E-06 -0.2588195
vn 0.7071065 -1.822199E-07 -0.707107
vn 0.2588149 0 -0.9659269
vn -0.2588188 0 0.9659259
vn 0.7071019 0 0.7071116
vn 0.707123 0 0.7070906
vn 0.9659264 0 0.2588169
vn 0.9659236 1.901835E-06 -0.258827
vn 0.7071058 0 -0.7071077
vn 0.9659298 0 -0.2588041
vn 0 1 0
vn 0 1 0
vn 0 1 0
vn 0 1 0
vn 0 1 0
vn 0 1 0
vn 0 1 0
vn 0 1 0
vn 0 1 0
vn 0 1 0
vn 0 1 0
vn 0 1 0
vn 0 1 0
vn 0 1 0
vn 0 1 0
vn 0 1 0
vn 0 1 0
vn 0 1 0
vn -0.2588162 0 -0.9659266
vn -0.7071068 0 -0.7071068
vn -0.9659249 0 -0.2588224
vn -0.9659247 0 0.2588231
vn -0.7071068 0 0.7071068
vn -0.2588162 0 0.9659266
vn 0.2588163 0 0.9659265
vn 0.7071068 -2.26053E-06 0.7071068
vn 0.9659263 -2.542091E-08 0.2588173
vn 0.9659265 2.454363E-06 -0.2588166
vn 0.7071068 -2.26053E-06 -0.7071068
vn 0.2588163 0 -0.9659265
vn 0.7071108 0 0.7071028
vn 0.9659263 0 0.2588172
vn 0.9659274 1.095775E-06 -0.2588131
vn 0.7070984 0 -0.7071152
vn 0.9659309 0 -0.2587999
vn 0 1 0
vn 0 1 0
vn 0 1 0
vn 0 1 0
vn 0 1 0
vn 0 1 0
vn 0 1 0
vn 0 1 0
vn 0 1 0
vn 0 1 0
vn 0 1 0
vn 0 1 0
vn 0 1 0
vn -0.258815 0 -0.9659269
vn -0.7071061 0 -0.7071075
vn -0.9659253 -5.714216E-06 -0.2588211
vn -0.9659251 -3.298347E-06 0.2588218
vn -0.7071061 1.858965E-07 0.7071075
vn -0.258815 0 0.9659269
vn 0.2588177 1.910567E-06 0.9659262
vn 0.7071068 0 0.7071068
vn 0.9659247 1.981845E-06 0.2588231
vn 0.9659249 -1.167803E-06 -0.2588224
vn 0.7071068 0 -0.7071068
vn 0.2588177 2.539565E-06 -0.9659262
vn -0.9659345 0 -0.2587867
vn -0.9659202 0 0.2588402
vn -0.7071068 0 0.7071068
vn 0.2588127 0 0.9659275
vn 0.9659277 0 0.258812
vn 0.9659221 -2.789679E-06 0.258833
vn 0.9659243 0 -0.2588249
vn 0.7071266 0 -0.7070869
vn 0.2588374 0 -0.9659209
vn 0 1 0
vn 0 1 0
vn 0 1 0
vn 0 1 0
vn 0 1 0
vn 0 1 0
vn 0 1 0
vn 0 1 0
vn 0 1 0
vn 0 1 0
vn 0 1 0
vn 0 1 0
vn 0 1 0
vn 0 1 0
vn 0 1 0
vn 0 1 0
vn 0 1 0
vn -0.2588167 0 -0.9659265
vn -0.7071054 0 -0.7071081
vn -0.965928 0 -0.2588109
vn -0.9659278 4.089535E-06 0.2588115
vn -0.7071054 0 0.7071081
vn -0.2588167 0 0.9659265
vn 0.258816 0 0.9659266
vn 0.7071068 -1.00468E-06 0.7071068
vn 0.9659265 -1.458016E-06 0.2588167
vn 0.9659266 0 -0.258816
vn 0.7071068 0 -0.7071068
vn 0.258816 0 -0.9659266
vn -0.9659327 0 0.2587931
vn 0.7071093 0 0.7071043
vn 0.9659291 3.378305E-06 0.2588069
vn 0.965924 0 0.2588262
vn 0 1 0
vn 0 1 0
vn 0 1 0
vn 0 1 0
vn 0 1 0
vn 0 1 0
vn 0 1 0
vn 0 1 0
vn 0 1 0
vn 0 1 0
vn 0 1 0
vn 0 1 0
vn 0 1 0
vn 0 1 0
vn 0 1 0
vn 0 1 0
vn 0 1 0
vn 0 1 0
vn 0 1 0
vn -0.2588159 0 -0.9659266
vn -0.7071068 0 -0.7071068
vn -0.9659238 1.282994E-06 -0.2588266
vn -0.9659238 0 0.2588266
vn -0.7071075 0 0.7071061
vn -0.2588146 3.082909E-06 0.965927
vn 0.258818 2.955093E-07 0.9659261
vn 0.7071089 -9.302836E-07 0.7071047
vn 0.9659238 0 0.2588266
vn 0.9659224 3.192943E-06 -0.258832
vn 0.7071081 9.901293E-07 -0.7071054
vn 0.2588086 1.86701E-06 -0.9659286
vn -0.9659179 0 -0.2588486
vn -0.2588663 -1.447216E-05 0.9659132
vn 0.258817 0 0.9659264
vn 0.7071106 0 0.707103
vn 0.9659259 0 -0.258819
vn 0.9659197 0 -0.2588417
vn 0.7071108 0 -0.7071028
vn 0.2588225 -1.647462E-06 -0.9659249
vn 0.2588461 0 -0.9659186
vn -0.2588156 0 0.9659268
vn 0.2587276 0 -0.9659503
vn 0 1 0
vn 0 1 0
vn 0 1 0
vn 0 1 0
vn 0 1 0
vn 0 1 0
vn 0 1 0
vn 0 1 0
vn 0 1 0
vn 0 1 0
vn 0 1 0
vn 0 1 0
vn -0.258816 0 -0.9659266
vn -0.7071081 0 -0.7071054
vn -0.9659259 -8.302471E-07 -0.2588189
vn -0.9659259 0 0.2588189
vn -0.7071075 0 0.7071061
vn -0.258816 -1.307244E-07 0.9659266
vn 0.2588163 6.138168E-07 0.9659265
vn 0.7071075 2.371704E-07 0.7071061
vn 0.9659262 0 0.2588176
vn 0.9659262 5.370304E-07 -0.2588176
vn 0.7071068 0 -0.7071068
vn 0.258817 0 -0.9659264
vn -0.9659297 0 -0.2588046
vn -0.2588156 0 0.9659268
vn 0.2588131 0 0.9659274
vn 0.7071068 0 0.7071068
vn 0.9659251 2.3973E-06 -0.2588216
vn 0.7071033 0 -0.7071103
vn 0.7071134 1.439672E-06 -0.7071002
vn 0.9659278 0 -0.2588116
vn 0 1 0
vn 0 1 0
vn 0 1 0
vn 0 1 0
vn 0 1 0
vn 0 1 0
vn 0 1 0
vn 0 1 0
vn 0 1 0
vn 0 1 0
vn 0 1 0
vn 0 1 0
vn 0 1 0
vn 0 1 0
vn 0 1 0
vn 0 1 0
vn 0 1 0
vn 0 1 0
vn 0 1 0
vn 0 1 0
vn 0 1 0
vn 0 1 0
vn 0 1 0
vn 0 1 0
vn 0 1 0
vn 0 1 0
vn -0.2588153 0 -0.9659268
vn -0.7071071 0 -0.7071064
vn -0.9659238 0 -0.2588266
vn -0.9659237 1.595212E-06 0.2588267
vn -0.7071071 0 0.7071064
vn -0.2588159 4.198336E-06 0.9659266
vn 0.2588193 -4.073646E-07 0.9659258
vn 0.7071085 4.117236E-06 0.707105
vn 0.9659237 0 0.2588267
vn 0.9659234 -6.249241E-07 -0.2588282
vn 0.7070964 4.686533E-06 -0.7071171
vn 0.2588083 2.808592E-06 -0.9659287
vn -0.258818 0 -0.9659261
vn -0.9659278 0 0.2588117
vn -0.2588463 -8.074436E-06 0.9659185
vn -0.2588191 -3.375939E-07 0.9659258
vn 0.2588105 -4.226038E-06 0.9659281
vn 0.707039 -4.056397E-05 0.7071745
vn 0.7071106 3.073137E-06 0.707103
vn 0.9659226 0 -0.2588313
vn 0.965922 0 -0.2588332
vn 0.9659408 1.364141E-05 -0.2587632
vn 0.7071093 7.560253E-07 -0.7071043
vn 0.707146 9.722282E-06 -0.7070675
vn 0.2588228 0 -0.9659248
vn 0.2588206 0 -0.9659255
vn -0.2588166 0 0.9659265
vn 0.2588232 0 0.9659247
vn 0.7070897 0 0.7071238
vn 0.7071129 0 -0.7071006
vn 0.7070761 0 -0.7071375
vn 0 1 0
vn 0 1 0
vn 0 1 0
vn 0 1 0
vn 0 1 0
vn 0 1 0
vn 0 1 0
vn 0 1 0
vn 0 1 0
vn 0 1 0
vn 0 1 0
vn 0 1 0
vn 0 1 0
vn 0 1 0
vn 0 1 0
vn 0 1 0
vn 0 1 0
vn 0 1 0
vn 0 1 0
vn 0 1 0
vn 0 1 0
vn 0 1 0
vn 0 1 0
vn 0 1 0
vn 0 1 0
vn 0 1 0
vn 0 1 0
vn 0 1 0
vn 0 1 0
vn 0 1 0
vn 0 1 0
vn 0 1 0
vn 0 1 0
vn 0 1 0
vn -0.2589521 6.967834E-05 -0.9658902
vn -0.7071476 1.452735E-05 -0.707066
vn -0.9659238 0 -0.2588266
vn -0.9659423 -1.447999E-05 0.2587574
vn -0.7075838 -6.467823E-06 0.7066294
vn -0.2588153 7.426906E-07 0.9659268
vn 0.2585261 -0.0001202948 0.9660043
vn 0.7071153 5.98555E-06 0.7070983
vn 0.9659238 1.506505E-06 0.2588266
vn 0.9659238 -1.503863E-06 -0.2588266
vn 0.7070915 1.150636E-05 -0.7071221
vn 0.2587815 3.543709E-06 -0.9659359
vn -0.2588103 0 -0.9659281
vn -0.2588577 0 -0.9659155
vn -0.707105 1.561986E-06 -0.7071086
vn -0.7071053 0 -0.7071081
vn -0.9659237 0 0.2588269
vn -0.9659197 -8.98967E-07 0.2588418
vn -0.7071159 0 0.7070977
vn -0.7071011 0 0.7071124
vn -0.2588253 -4.257934E-06 0.9659242
vn 0.2588223 0 0.9659249
vn 0.2588498 0 0.9659176
vn 0.7070877 0 0.7071259
vn 0.7071189 0 0.7070946
vn 0.9659228 0 0.2588304
vn 0.9659248 0 -0.2588228
vn 0.7071083 5.574665E-06 -0.7071053
vn 0.707094 0 -0.7071196
vn 0.2588164 0 -0.9659265
vn 0.2588155 -2.751289E-06 -0.9659268
vn -0.7070909 0 -0.7071227
vn -0.9659169 0 0.2588523
vn -0.9659268 2.702142E-06 0.2588154
vn -0.2587819 6.729308E-06 0.9659358
vn 0.9659265 -2.287509E-07 -0.2588166
vn 0.9659212 2.509673E-06 -0.2588364
vn 0.7071592 0 -0.7070543
vn 0.7071243 2.324284E-06 -0.7070893
vn 0.25883 0 -0.9659229
vn -0.2588287 0 0.9659232
vn 0 1 0
vn 0 1 0
vn 0 1 0
vn 0 1 0
vn 0 1 0
vn 0 1 0
vn 0 1 0
vn 0 1 0
vn 0 1 0
vn 0 1 0
vn 0 1 0
vn 0 1 0
vn 0 1 0
vn 0 1 0
vn 0 1 0
vn 0 1 0
vn 0 1 0
vn 0 1 0
vn 0 1 0
vn 0 1 0
vn 0 1 0
vn 0 1 0
vn 0 1 0
vn 0 1 0
vn 0 1 0
vn 0 1 0
vn 0 1 0
vn 0 1 0
vn 0 1 0
vn 0 1 0
vn 0 1 0
vn 0 1 0
vn 0 1 0
vn 0 1 0
vn 0 1 0
vn 0 1 0
vn 0 1 0
vn 0 1 0
vn 0 1 0
vn 0 1 0
vn -0.2588166 0 -0.9659265
vn -0.7071071 0 -0.7071064
vn -0.9659252 0 -0.2588215
vn -0.9659252 -3.352689E-08 0.2588215
vn -0.707107 4.313672E-06 0.7071066
vn -0.2588878 -2.330304E-05 0.9659074
vn 0.2588374 2.148695E-06 0.9659209
vn 0.7071083 1.01075E-06 0.7071052
vn 0.9659238 0 0.2588266
vn 0.9659359 -6.956266E-06 -0.2587814
vn 0.7070355 4.217786E-05 -0.7071781
vn 0.2588041 6.878267E-06 -0.9659298
vn -0.2588106 0 -0.9659281
vn -0.9659251 0 0.2588217
vn -0.7072828 -7.959033E-05 0.7069306
vn -0.7071229 -7.267532E-06 0.7070907
vn -0.2588236 -3.359728E-06 0.9659246
vn -0.2587958 -1.850606E-06 0.965932
vn 0.2586016 0 0.965984
vn 0.2586796 4.877804E-05 0.9659632
vn 0.7071074 5.580609E-07 0.7071062
vn 0.9658964 0 -0.258929
vn 0.965922 1.406375E-06 -0.2588335
vn 0.7071068 -3.01404E-06 -0.7071068
vn 0.7071259 0 -0.7070877
vn 0.7073363 1.937209E-05 -0.7068771
vn 0.2588894 -1.000088E-05 -0.965907
vn 0.2587764 0 -0.9659373
vn -0.7071001 0 0.7071134
vn -0.2587505 0 0.9659442
vn -0.2588049 0 0.9659296
vn -0.258865 5.521928E-06 0.9659135
vn 0.2588476 -1.434071E-05 0.9659181
vn 0.2588131 0 0.9659274
vn 0.7071012 0 0.7071124
vn 0.9659017 0 -0.2589093
vn 0.707102 -8.5335E-07 -0.7071115
vn 0.7070715 2.040109E-05 -0.7071422
vn 0.2587344 3.476346E-06 -0.9659485
vn 0.2588984 -2.870707E-05 -0.9659046
vn 0.2588169 -9.946472E-07 -0.9659264
vn 0.2587781 1.617808E-05 0.9659367
vn 0.2589005 -3.29759E-05 0.9659041
vn 0.7070752 0 -0.7071385
vn 0.7072166 -5.720636E-05 -0.7069969
vn 0.7071068 -3.01404E-06 -0.7071068
vn 0.2590605 -5.479148E-06 -0.9658611
vn 0.2587077 0 -0.9659557
vn 0 1 0
vn 0 1 0
vn 0 1 0
vn 0 1 0
vn 0 1 0
vn 0 1 0
vn 0 1 0
vn 0 1 0
vn 0 1 0
vn 0 1 0
vn 0 1 0
vn 0 1 0
vn 0 1 0
vn 0 1 0
vn 0 1 0
vn 0 1 0
vn 0 1 0
vn 0 1 0
vn 0 1 0
vn 0 1 0
vn 0 1 0
vn 0 1 0
vn 0 1 0
vn -0.2588056 -4.208018E-06 -0.9659294
vn -0.7071102 0 -0.7071033
vn -0.9659238 1.886832E-07 -0.2588266
vn -0.9659247 -4.256554E-07 0.2588231
vn -0.7071068 -5.0234E-07 0.7071068
vn -0.2588139 0 0.9659272
vn 0.2588319 3.748564E-06 0.9659224
vn 0.7071081 0 0.7071054
vn 0.9659238 0 0.2588266
vn 0.9659238 4.192702E-06 -0.2588266
vn 0.7071089 -1.420788E-06 -0.7071047
vn 0.258815 -1.484086E-06 -0.9659269
vn -0.2588242 0 -0.9659244
vn -0.258805 0 -0.9659296
vn -0.9659232 -9.161328E-07 -0.258829
vn -0.9659221 0 0.2588332
vn -0.9659199 0 0.2588414
vn -0.7071055 0 0.707108
vn -0.7071191 0 0.7070945
vn 0.2588102 0 0.9659283
vn 0.2587562 0 0.9659427
vn 0.9658722 4.266962E-05 -0.2590194
vn 0.7069268 0 -0.7072868
vn 0.2587957 0 -0.9659321
vn 0.2588237 0 -0.9659246
vn 0.2588223 -2.291369E-07 -0.9659249
vn -0.9659474 0 -0.2587385
vn 0.2589352 -2.713258E-05 0.9658946
vn 0.2588106 -1.589902E-06 0.9659281
vn 0.9659287 0 -0.2588083
vn 0.9659618 -5.68109E-05 -0.2586848
vn 0.9659284 -6.148124E-06 -0.2588095
vn 0.7071068 -2.5117E-06 -0.7071068
vn 0.7071115 -3.237366E-06 -0.7071021
vn 0 1 0
vn 0 1 0
vn 0 1 0
vn 0 1 0
vn 0 1 0
vn 0 1 0
vn 0 1 0
vn 0 1 0
vn 0 1 0
vn 0 1 0
vn 0 1 0
vn 0 1 0
vn 0 1 0
vn -0.2588109 -4.018779E-06 -0.965928
vn -0.7071095 -2.009352E-06 -0.707104
vn -0.9659238 4.096754E-07 -0.2588266
vn -0.9659256 0 0.2588201
vn -0.7071068 4.01872E-06 0.7071068
vn -0.2588173 2.744838E-06 0.9659263
vn 0.2588166 1.273899E-06 0.9659265
vn 0.7071081 2.009356E-06 0.7071054
vn 0.9659238 7.497797E-07 0.2588266
vn 0.9659238 -6.176048E-07 -0.2588266
vn 0.7071109 -4.018696E-06 -0.7071027
vn 0.2588102 -2.744843E-06 -0.9659282
vn -0.9659293 1.273967E-06 -0.2588061
vn 0.965924 1.152291E-06 0.2588257
vn 0.9659223 2.13252E-06 -0.258832
vn 0.965923 7.355074E-07 0.2588298
vn 0.965925 0 -0.2588222
vn 0 1 0
vn 0 1 0
vn 0 1 0
vn -0.258816 0 -0.9659266
vn -0.7071075 0 -0.7071061
vn -0.9659259 3.016028E-07 -0.2588189
vn -0.9659259 1.311132E-06 0.2588189
vn -0.7071081 0 0.7071054
vn -0.258816 -2.325957E-06 0.9659266
vn 0.2588193 1.426972E-06 0.9659258
vn 0.7071081 0 0.7071054
vn 0.9659239 -2.653134E-06 0.2588262
vn 0.9659243 1.822935E-06 -0.2588249
vn 0.7071061 2.442918E-06 -0.7071075
vn 0.258817 0 -0.9659264
vn -0.9659252 0 -0.2588215
vn -0.9659281 0 0.2588108
vn -0.2588113 0 0.9659279
vn 0.2588862 1.465179E-05 0.9659079
vn 0.2588179 0 0.9659261
vn 0.9659268 0 0.2588154
vn 0.9659259 1.632971E-06 0.258819
vn 0.9659269 9.093927E-07 -0.2588149
vn 0.9659256 0 -0.2588198
vn 0.7071134 -2.197162E-06 -0.7071002
vn 0.2587975 2.488647E-07 0.9659317
vn 0.9660718 0 0.2582738
vn 0.9659349 0 -0.2587849
vn 0.7070355 0 -0.707178
vn 0.2587951 0 0.9659322
vn 0 1 0
vn 0 1 0
vn 0 1 0
vn 0 1 0
vn 0 1 0
vn 0 1 0
vn 0 1 0
vn 0 1 0
vn 0 1 0
vn 0 1 0
vn -0.2588158 0 -0.9659267
vn -0.7071071 0 -0.7071065
vn -0.9659261 -3.792397E-07 -0.2588182
vn -0.9659261 0 0.2588182
vn -0.7071071 0 0.7071065
vn -0.2588171 0 0.9659263
vn 0.2588176 0 0.9659262
vn 0.7071068 1.50702E-06 0.7071068
vn 0.9659262 3.18207E-07 0.2588176
vn 0.9659262 -1.377809E-06 -0.2588176
vn 0.7071068 0 -0.7071068
vn 0.2588163 0 -0.9659265
vn -0.9659263 0 -0.2588171
vn 0.707103 0 0.7071105
vn 0.9659248 -2.375964E-06 0.258823
vn 0.9659247 0 -0.2588231
vn 0.9659284 0 0.2588095
vn 0 1 0
vn 0 1 0
vn 0 1 0
vn 0 1 0
vn 0 1 0
vn 0 1 0
vn 0 1 0
vn 0 1 0
vn 0 1 0
vn -0.2588112 0 -0.9659279
vn -0.7071093 0 -0.7071043
vn -0.9659256 0 -0.2588199
vn -0.9659268 6.963072E-07 0.2588158
vn -0.7071065 0 0.707107
vn -0.2588176 0 0.9659262
vn 0.2588169 0 0.9659264
vn 0.7071073 -5.455437E-07 0.7071062
vn 0.9659264 2.005559E-06 0.2588169
vn 0.9659253 0 -0.258821
vn 0.7071092 0 -0.7071044
vn 0.2588109 0 -0.965928
vn -0.9659287 0 0.2588083
vn 0.7071086 0 0.7071049
vn 0.9659248 -1.052827E-06 0.258823
vn 0.9659263 0 0.258817
vn 0 1 0
vn 0 1 0
vn 0 1 0
vn 0 1 0
vn 0 1 0
vn 0 1 0
vn 0 1 0
vn 0 1 0
vn 0 1 0
vn -0.2588215 0 -0.9659252
vn -0.7071107 0 -0.7071028
vn -0.9659249 0 -0.2588223
vn -0.9659261 1.982156E-06 0.2588181
vn -0.707108 0 0.7071056
vn -0.2588176 0 0.9659262
vn 0.2588169 0 0.9659264
vn 0.707108 -1.426697E-07 0.7071056
vn 0.965926 6.089506E-07 0.2588185
vn 0.9659249 0 -0.2588226
vn 0.7071093 0 -0.7071043
vn 0.2588215 0 -0.9659252
vn -0.9659274 0 0.2588129
vn 0.7071083 0 0.7071052
vn 0.9659246 -1.91855E-06 0.2588235
vn 0.9659276 0 0.2588127
vn 0 1 0
vn 0 1 0
vn 0 1 0
vn 0 1 0
vn 0 1 0
vn 0 1 0
vn 0 1 0
vn 0 1 0
vn 0 1 0
vn 0 1 0
vn -0.2588169 0 -0.9659264
vn -0.7071079 0 -0.7071057
vn -0.9659256 -1.489635E-06 -0.2588197
vn -0.9659256 0 0.2588197
vn -0.7071086 0 0.707105
vn -0.2588156 -5.386535E-07 0.9659268
vn 0.258816 0 0.9659266
vn 0.707108 0 0.7071056
vn 0.9659261 4.600155E-07 0.2588182
vn 0.9659261 -2.457443E-07 -0.2588182
vn 0.7071066 0 -0.707107
vn 0.2588176 0 -0.9659262
vn -0.9659325 0 -0.2587941
vn -0.2588138 0 0.9659272
vn 0.9659257 0 0.2588195
vn 0.9659259 0 -0.2588189
vn 0 1 0
vn 0 1 0
vn 0 1 0
vn 0 1 0
vn 0 1 0
vn 0 1 0
vn 0 1 0
vn 0 1 0
vn 0 1 0
vn -0.2588166 -7.629707E-07 -0.9659265
vn -0.7071083 0 -0.7071053
vn -0.9659256 1.166856E-07 -0.2588197
vn -0.9659256 0 0.2588198
vn -0.7071083 -9.47013E-07 0.7071053
vn -0.2588173 0 0.9659263
vn 0.2588173 0 0.9659263
vn 0.7071077 1.989696E-07 0.7071059
vn 0.9659261 0 0.2588184
vn 0.9659261 2.316267E-07 -0.2588182
vn 0.7071068 1.75819E-06 -0.7071068
vn 0.258817 0 -0.9659263
vn -0.2588226 0 -0.9659249
vn -0.9658109 -0.0001463241 -0.2592476
vn -0.9659274 7.100114E-07 -0.2588132
vn -0.7070879 0 0.7071257
vn 0.7071073 0 0.7071062
vn 0.9659262 0 0.2588176
vn 0.9659277 -2.29765E-06 0.2588118
vn 0.9659264 0 -0.2588167
vn 0.7071179 0 -0.7070957
vn -0.2578803 -0.000201956 -0.9661769
vn -0.2588289 5.149463E-06 -0.9659232
vn -0.9659251 0 -0.2588218
vn 0 1 0
vn 0 1 0
vn 0 1 0
vn 0 1 0
vn 0 1 0
vn 0 1 0
vn -0.2588163 -2.839206E-06 -0.9659265
vn -0.7071081 0 -0.7071054
vn -0.9659252 -1.211692E-08 -0.2588215
vn -0.9659263 -1.385453E-06 0.258817
vn -0.7070997 1.985002E-06 0.7071139
vn -0.2588134 1.06213E-06 0.9659273
vn 0.2588166 2.717419E-06 0.9659265
vn 0.7071075 0 0.7071061
vn 0.9659261 4.452788E-07 0.2588182
vn 0.9659256 8.510621E-07 -0.2588198
vn 0.7071038 2.569549E-06 -0.7071097
vn 0.2587667 3.194931E-06 -0.9659398
vn -0.2588263 1.876621E-06 -0.9659239
vn -0.9659253 0 -0.2588213
vn -0.9659302 -4.337082E-06 -0.258803
vn -0.9659104 2.791162E-05 0.2588766
vn -0.707114 0 0.7070996
vn -0.7071135 0 0.7071001
vn -0.2588423 0 0.9659196
vn -0.2588203 1.226904E-06 0.9659255
vn 0.2588009 0 0.9659306
vn 0.9659266 0 0.2588158
vn 0.9659239 -3.077694E-06 0.2588263
vn 0.9659285 -1.538371E-06 -0.2588091
vn 0.9659253 0 -0.2588211
vn 0.7071112 0 -0.7071024
vn 0.7070971 0 -0.7071164
vn 0.2588207 0 -0.9659254
vn 0.2588614 1.503954E-05 -0.9659145
vn -0.2588217 0 -0.9659251
vn -0.9659261 0 -0.2588184
vn -0.9659259 9.13622E-08 0.2588187
vn -0.2588085 0 0.9659287
vn 0.9659225 0 -0.2588314
vn 0.2588237 0 -0.9659246
vn -0.9659261 0 0.2588178
vn 0 1 0
vn 0 1 0
vn 0 1 0
vn 0 1 0
vn 0 1 0
vn 0 1 0
vn 0 1 0
vn 0 1 0
vn -0.2588166 3.005948E-07 -0.9659265
vn -0.7071075 2.575539E-06 -0.707106
vn -0.965926 0 -0.2588184
vn -0.965925 1.337046E-06 0.2588219
vn -0.7071074 1.83027E-06 0.7071062
vn -0.2588241 -5.519555E-06 0.9659245
vn 0.258817 1.250149E-06 0.9659264
vn 0.7071075 0 0.7071061
vn 0.965924 -1.460951E-06 0.2588262
vn 0.9659259 3.160952E-07 -0.2588186
vn 0.7071149 -2.338375E-06 -0.7070987
vn 0.258817 1.861628E-06 -0.9659263
vn -0.2588154 0 -0.9659268
vn -0.7071031 0 -0.7071105
vn -0.9659262 0 -0.2588181
vn -0.9659273 -1.521771E-06 -0.2588135
vn -0.9659315 0 0.2587979
vn -0.9659256 0 0.2588202
vn -0.7071099 2.952978E-07 0.7071037
vn -0.2587817 4.820538E-06 0.9659358
vn -0.2588446 0 0.965919
vn 0.2588143 0 0.9659271
vn 0.9659368 0 0.2587783
vn 0.9659259 0 0.2588188
vn 0.9659252 9.454023E-07 -0.2588213
vn 0.9659253 0 -0.2588211
vn 0.7070943 2.352837E-06 -0.7071193
vn 0.7071378 1.188972E-05 -0.7070758
vn 0.2588312 0 -0.9659225
vn -0.7071104 0 0.7071031
vn -0.2588129 0 0.9659275
vn 0.9659288 0 -0.2588078
vn 0.7071291 0 -0.7070844
vn 0.7071005 0 -0.7071131
vn 0 1 0
vn 0 1 0
vn 0 1 0
vn 0 1 0
vn 0 1 0
vn 0 1 0
vn 0 1 0
vn 0 1 0
vn 0 1 0
vn 0 1 0
vn 0 1 0
vn 0 1 0
vn 0 1 0
vn 0 1 0
vn 0 1 0
vn -0.258816 0 -0.9659266
vn -0.7071079 0 -0.7071056
vn -0.965926 -5.105224E-07 -0.2588184
vn -0.965926 -1.649454E-07 0.2588184
vn -0.7071072 0 0.7071064
vn -0.258852 -7.007539E-06 0.965917
vn 0.2588166 1.964853E-07 0.9659265
vn 0.7071073 0 0.7071062
vn 0.9659261 -8.224108E-07 0.2588182
vn 0.9659261 7.346779E-07 -0.2588182
vn 0.7070719 9.939425E-06 -0.7071416
vn 0.2588164 1.533705E-06 -0.9659265
vn -0.9659263 0 -0.2588173
vn -0.9659259 0 0.2588188
vn -0.2588017 1.165716E-06 0.9659305
vn -0.2588144 0 0.9659271
vn 0.2588108 0 0.965928
vn 0.9659271 0 0.2588142
vn 0.9659343 -9.696232E-06 -0.2587873
vn 0.7071113 0 -0.7071024
vn 0.7071201 3.423599E-06 -0.7070935
vn 0.2588228 0 -0.9659248
vn -0.2588168 0 0.9659264
vn 0.9659261 0 -0.2588179
vn 0.7071086 0 -0.7071049
vn 0.707105 -7.431993E-07 -0.7071086
vn 0 1 0
vn 0 1 0
vn 0 1 0
vn 0 1 0
vn 0 1 0
vn 0 1 0
vn 0 1 0
vn 0 1 0
vn -0.2588165 0 -0.9659265
vn -0.7071061 0 -0.7071075
vn -0.9659259 0 -0.2588189
vn -0.9659259 -7.415135E-07 0.2588189
vn -0.7071061 -8.419248E-07 0.7071075
vn -0.2588178 0 0.9659262
vn 0.2588183 0 0.9659261
vn 0.707105 1.567314E-06 0.7071085
vn 0.9659257 -7.322792E-07 0.2588195
vn 0.9659257 0 -0.2588195
vn 0.707105 0 -0.7071085
vn 0.258817 0 -0.9659264
vn -0.9659245 0 0.258824
vn -0.7071025 0 0.707111
vn 0.7071012 0 0.7071124
vn 0.9659268 0 0.2588153
vn 0 1 0
vn 0 1 0
vn 0 1 0
vn 0 1 0
vn 0 1 0
vn 0 1 0
vn 0 1 0
vn 0 1 0
vn 0 1 0
vn -0.2588163 0 -0.9659265
vn -0.7071061 0 -0.7071075
vn -0.9659252 0 -0.2588215
vn -0.9659252 0 0.2588215
vn -0.7071061 2.03095E-06 0.7071075
vn -0.2588176 0 0.9659262
vn 0.2588176 0 0.9659262
vn 0.7071068 2.5117E-06 0.7071068
vn 0.9659262 0 0.2588176
vn 0.9659262 0 -0.2588176
vn 0.7071068 -2.00936E-06 -0.7071068
vn 0.2588163 0 -0.9659265
vn -0.7071707 0 0.7070429
vn 0.7070812 0 0.7071324
vn 0.7071036 0 -0.7071099
vn 0 1 0
vn 0 1 0
vn 0 1 0
vn 0 1 0
vn 0 1 0
vn 0 1 0
vn 0 1 0
vn 0 1 0
vn 0 1 0
vn -0.2588167 0 -0.9659265
vn -0.7071054 0 -0.7071081
vn -0.9659279 0 -0.2588112
vn -0.9659279 0 0.2588112
vn -0.7071054 1.196286E-07 0.7071081
vn -0.2588179 1.328934E-06 0.9659261
vn 0.2588173 0 0.9659263
vn 0.7071068 4.52106E-06 0.7071068
vn 0.9659238 0 0.2588266
vn 0.9659238 0 -0.2588266
vn 0.7071068 -2.5117E-06 -0.7071068
vn 0.258816 0 -0.9659266
vn -0.7071056 0 0.7071079
vn -0.258822 0 0.965925
vn 0.7070607 0 0.7071528
vn 0.7071028 0 -0.7071108
vn 0 1 0
vn 0 1 0
vn 0 1 0
vn 0 1 0
vn 0 1 0
vn 0 1 0
vn 0 1 0
vn 0 1 0
vn 0 1 0
vn 0 1 0
vn 0 1 0
vn 0 1 0
vn 0 1 0
vn 0 1 0
vn 0 1 0
vn -0.2588167 0 -0.9659265
vn -0.7071061 -1.517555E-06 -0.7071075
vn -0.9659252 2.968579E-06 -0.2588215
vn -0.9659252 0 0.2588215
vn -0.7071054 -6.9725E-07 0.7071081
vn -0.2588167 4.540716E-06 0.9659265
vn 0.258816 0 0.9659266
vn 0.7071068 0 0.7071068
vn 0.9659265 -1.957075E-07 0.2588163
vn 0.9659265 0 -0.2588163
vn 0.7071075 0 -0.7071061
vn 0.258816 0 -0.9659266
vn -0.7072049 0 -0.7070086
vn -0.9659206 0 -0.2588385
vn -0.7071068 -1.00468E-06 0.7071068
vn -0.2588246 0 0.9659243
vn -0.2593197 -0.0001205806 0.9657915
vn 0.9659268 0 0.2588153
vn -0.7070987 0 0.7071148
vn 0 1 0
vn 0 1 0
vn 0 1 0
vn 0 1 0
vn 0 1 0
vn 0 1 0
vn 0 1 0
vn 0 1 0
vn 0 1 0
vn 0 1 0
vn 0 1 0
vn 0 1 0
vn 0 1 0
vn 0 1 0
vn 0 1 0
vn 0 1 0
vn 0 1 0
vn 0 1 0
vn 0 1 0
vn 0 1 0
vn 0 1 0
vn -0.2588173 0 -0.9659263
vn -0.707103 -1.706834E-06 -0.7071106
vn -0.9659279 4.072184E-06 -0.2588112
vn -0.9659279 0 0.2588114
vn -0.707103 -3.675607E-06 0.7071106
vn -0.2588179 3.486779E-06 0.9659261
vn 0.2588179 1.839221E-07 0.9659261
vn 0.7071058 0 0.7071078
vn 0.9659252 0 0.2588216
vn 0.9659252 0 -0.2588215
vn 0.7071058 2.229282E-06 -0.7071078
vn 0.2588162 3.105105E-06 -0.9659266
vn -0.2588186 0 -0.965926
vn -0.7071173 0 -0.7070963
vn -0.9658388 -0.0001036931 -0.2591437
vn -0.7070804 1.393748E-06 0.7071332
vn -0.7073514 -1.034031E-05 0.7068619
vn -0.2588192 0 0.9659258
vn -0.258897 -1.617131E-05 0.965905
vn 0.2588122 -2.663335E-06 0.9659277
vn 0.7071106 0 -0.707103
vn 0.2588255 0 -0.9659241
vn 0.2587605 -6.425197E-06 -0.9659415
vn -0.9659305 0 -0.2588016
vn -0.7069346 0 0.7072789
vn 0.2588572 1.764603E-05 0.9659156
vn 0.2588182 2.368875E-06 0.9659261
vn 0.2588172 0 -0.9659263
vn 0.2588035 0 0.96593
vn 0 1 0
vn 0 1 0
vn 0 1 0
vn 0 1 0
vn 0 1 0
vn 0 1 0
vn 0 1 0
vn 0 1 0
vn 0 1 0
vn 0 1 0
vn 0 1 0
vn 0 1 0
vn 0 1 0
vn 0 1 0
vn 0 1 0
vn 0 1 0
vn 0 1 0
vn 0 1 0
vn 0 1 0
vn 0 1 0
vn 0 1 0
vn 0 1 0
vn 0 1 0
vn 0 1 0
vn 0 1 0
vn 0 1 0
vn 0 1 0
vn 0 1 0
vn 0 1 0
vn -0.2588174 -1.464636E-07 -0.9659262
vn -0.707105 1.983398E-06 -0.7071086
vn -0.9659279 4.639581E-07 -0.2588112
vn -0.9659279 0 0.2588112
vn -0.7071028 7.854886E-07 0.7071107
vn -0.2586905 4.382075E-05 0.9659603
vn 0.2588173 5.170439E-07 0.9659263
vn 0.7071056 1.11116E-07 0.707108
vn 0.9659252 0 0.2588215
vn 0.9659252 0 -0.2588215
vn 0.7071052 -1.836464E-06 -0.7071084
vn 0.2587986 6.037322E-06 -0.9659313
vn -0.2588296 6.276322E-06 -0.965923
vn -0.2587764 -7.5649E-06 -0.9659373
vn -0.7070921 -1.195108E-06 -0.7071214
vn -0.7071432 3.731934E-06 -0.7070704
vn -0.707107 0 -0.7071065
vn -0.9659277 0 -0.2588122
vn -0.9659289 0 0.2588078
vn -0.7071124 -6.050142E-06 0.707101
vn -0.258779 1.519598E-05 0.9659365
vn -0.2589404 -3.502034E-05 0.9658933
vn -0.2588189 0 0.9659259
vn 0.2587672 -2.089948E-05 0.9659398
vn 0.7071054 0 0.7071082
vn 0.7071018 0 -0.7071118
vn 0.7071459 0 -0.7070677
vn 0.2588142 0 -0.9659271
vn 0.258909 0 -0.9659018
vn -0.2588232 0 -0.9659247
vn -0.7070333 0 -0.7071803
vn -0.7070855 0 0.7071281
vn -0.2587847 6.614461E-06 0.965935
vn 0.2588349 5.674913E-06 0.9659216
vn 0.258807 -4.260793E-07 0.965929
vn -0.2588255 0 0.9659241
vn 0.2588107 0 0.965928
vn 0 1 0
vn 0 1 0
vn 0 1 0
vn 0 1 0
vn 0 1 0
vn 0 1 0
vn 0 1 0
vn 0 1 0
vn 0 1 0
vn 0 1 0
vn 0 1 0
vn 0 1 0
vn 0 1 0
vn 0 1 0
vn 0 1 0
vn 0 1 0
vn 0 1 0
vn 0 1 0
vn 0 1 0
vn 0 1 0
vn 0 1 0
vn 0 1 0
vn 0 1 0
vn 0 1 0
vn 0 1 0
vn 0 1 0
vn 0 1 0
vn 0 1 0
vn 0 1 0
vn 0 1 0
vn 0 1 0
vn 0 1 0
vn 0 1 0
vn 0 1 0
vn 0 1 0
vn -0.2588173 0 -0.9659263
vn -0.707103 -1.65275E-06 -0.7071106
vn -0.9659279 -3.600642E-06 -0.2588112
vn -0.9659279 0 0.2588112
vn -0.7071046 8.049931E-07 0.707109
vn -0.2588465 -3.827994E-06 0.9659185
vn 0.25881 -4.7883E-06 0.9659283
vn 0.7071056 4.159476E-06 0.707108
vn 0.9659252 3.29691E-06 0.2588215
vn 0.9659252 0 -0.2588215
vn 0.7070921 8.427321E-06 -0.7071215
vn 0.2588945 -9.115461E-06 -0.9659056
vn -0.2587989 1.359993E-07 -0.9659312
vn -0.7071155 6.343527E-06 -0.7070979
vn -0.9659427 0 -0.2587558
vn -0.7071011 2.287863E-06 0.7071124
vn -0.7070894 0 0.7071242
vn -0.2587551 8.489967E-06 0.965943
vn -0.2588073 0 0.965929
vn -0.2588075 2.352088E-08 0.965929
vn 0.2587945 -2.563822E-06 0.9659324
vn 0.2588029 0 0.9659301
vn 0.7070941 -2.844848E-06 0.7071193
vn 0.7070046 -4.008101E-05 0.7072091
vn 0.9659224 -1.566057E-06 0.2588316
vn 0.9659273 0 -0.2588137
vn 0.7071765 -2.840307E-05 -0.707037
vn 0.7071068 0 -0.7071068
vn 0.2588011 0 -0.9659306
vn 0.2588055 0 -0.9659295
vn 0.258826 4.239608E-06 -0.965924
vn -0.2585928 9.516892E-05 -0.9659864
vn -0.2584928 5.487975E-05 -0.9660131
vn -0.7070149 -3.47879E-05 -0.7071987
vn -0.7071015 -3.420269E-06 -0.7071121
vn -0.7071071 0 0.7071065
vn -0.2588389 0 0.9659205
vn 0.2588543 1.716963E-06 0.9659163
vn 0.258772 -1.819216E-05 0.9659384
vn 0.7071111 0 0.7071024
vn 0.9659557 0 0.2587074
vn 0.7071098 0 -0.7071038
vn -0.258828 -6.381618E-06 -0.9659234
vn -0.2589311 -4.806252E-05 -0.9658958
vn -0.2588347 0 -0.9659216
vn -0.7071171 0 -0.7070965
vn 0.258821 0 0.9659253
vn 0.2588184 3.411762E-07 0.965926
vn 0.2589568 4.410928E-05 0.9658889
vn 0 1 0
vn 0 1 0
vn 0 1 0
vn 0 1 0
vn 0 1 0
vn 0 1 0
vn 0 1 0
vn 0 1 0
vn 0 1 0
vn 0 1 0
vn 0 1 0
vn 0 1 0
vn 0 1 0
vn 0 1 0
vn 0 1 0
vn 0 1 0
vn 0 1 0
vn 0 1 0
vn 0 1 0
vn 0 1 0
vn 0 1 0
vn 0 1 0
vn 0 1 0
vn 0 1 0
vn 0 1 0
vn 0 1 0
vn 0 1 0
vn 0 1 0
vn 0 1 0
vn 0 1 0
vn 0 1 0
vn 0 1 0
vn 0 1 0
vn 0 1 0
vn 0 1 0
vn 0 1 0
vn 0 1 0
vn 0 1 0
vn 0 1 0
vn 0 1 0
vn 0 1 0
vn 0 1 0
vn 0 1 0
vn 0 1 0
vn 0 1 0
vn 0 1 0
vn 0 1 0
vn 0 1 0
vn 0 1 0
vn 0 1 0
vn 0 1 0
vn 0 1 0
vn -0.2588282 2.474212E-06 -0.9659234
vn -0.7071061 -3.579176E-06 -0.7071075
vn -0.965922 -5.339306E-06 -0.2588331
vn -0.9659265 -5.06952E-06 0.2588163
vn -0.7071054 2.716559E-07 0.7071081
vn -0.2588173 -2.532058E-06 0.9659263
vn 0.2588166 1.775316E-06 0.9659265
vn 0.7071068 -5.0234E-07 0.7071068
vn 0.9659238 -3.250681E-06 0.2588266
vn 0.9659238 0 -0.2588266
vn 0.7071075 -2.665417E-06 -0.7071061
vn 0.2588305 -2.726512E-06 -0.9659228
vn -0.2588058 0 -0.9659294
vn -0.2588597 -8.53335E-06 -0.9659149
vn -0.7071452 0 -0.7070684
vn -0.9659491 3.365025E-06 -0.2587325
vn -0.9659531 0 -0.2587171
vn -0.9659215 0 0.2588352
vn -0.7071068 -5.0234E-07 0.7071068
vn -0.7070922 7.490206E-06 0.7071214
vn -0.2587936 9.457383E-06 0.9659326
vn -0.2588404 -7.529949E-06 0.9659202
vn 0.2588245 9.067718E-07 0.9659243
vn 0.7071117 4.562714E-07 0.7071018
vn 0.9659265 0 0.2588167
vn 0.7070966 -2.405461E-07 -0.7071169
vn 0.2588156 0 -0.9659268
vn 0.2588483 1.073532E-05 -0.9659179
vn 0.2588024 -2.443489E-06 -0.9659303
vn -0.2588218 9.849574E-07 -0.9659251
vn -0.2583513 -5.514378E-05 -0.966051
vn -0.2588966 -1.388235E-05 -0.965905
vn -0.2588126 1.176587E-06 -0.9659275
vn -0.2588753 0 -0.9659107
vn -0.258748 3.946296E-06 -0.9659449
vn -0.9659091 0 -0.2588813
vn -0.9659237 -2.830642E-06 -0.2588271
vn -0.9659349 7.22475E-07 -0.2587854
vn -0.7071182 -5.881403E-06 0.7070953
vn -0.2588263 0 0.965924
vn -0.2586976 2.797145E-05 0.9659584
vn 0.2588192 9.234077E-08 0.9659258
vn 0.2588328 5.815805E-06 0.9659221
vn 0.2587891 -1.171355E-05 0.9659339
vn 0.7071068 0 0.7071068
vn 0.7070874 0 -0.7071263
vn 0.2588175 0 -0.9659262
vn -0.7071068 -5.0234E-07 0.7071068
vn 0.2771395 0.001130344 0.9608291
vn 0.2588436 9.667726E-06 0.9659192
vn 0.257424 -0.0003424281 0.9662985
vn -0.707099 0 0.7071145
vn -0.2585307 0 0.9660031
vn 0 1 0
vn 0 1 0
vn 0 1 0
vn 0 1 0
vn 0 1 0
vn 0 1 0
vn 0 1 0
vn 0 1 0
vn 0 1 0
vn 0 1 0
vn 0 1 0
vn 0 1 0
vn 0 1 0
vn -0.2588171 0 -0.9659263
vn -0.7071078 0 -0.7071058
vn -0.9659257 -2.211272E-08 -0.2588195
vn -0.9659257 0 0.2588195
vn -0.7071085 0 0.707105
vn -0.2588158 -3.576724E-07 0.9659267
vn 0.2588163 1.493428E-06 0.9659265
vn 0.7071075 -2.300144E-06 0.7071061
vn 0.9659262 0 0.2588176
vn 0.9659127 8.10647E-06 -0.2588682
vn 0.7071068 -1.00468E-06 -0.7071068
vn 0.2588176 0 -0.9659262
vn -0.9659258 0 -0.2588191
vn -0.2588146 0 0.9659271
vn 0.2588135 0 0.9659273
vn 0.7071139 -3.267941E-07 0.7070997
vn 0.9659294 -1.376942E-07 -0.2588053
vn 0.9659293 -1.032044E-07 -0.2588061
vn 0.9659275 0 -0.2588127
vn 0.7071024 0 -0.7071111
vn 0.7071152 0 0.7070983
vn 0.9659265 0 -0.2588169
vn 0 1 0
vn 0 1 0
vn 0 1 0
vn 0 1 0
vn 0 1 0
vn 0 1 0
vn 0 1 0
vn 0 1 0
vn 0 1 0
vn 0 1 0
vn 0 1 0
vn 0 1 0
vn 0 1 0
vn 0 1 0
vn 0 1 0
vn 0 1 0
vn 0 1 0
vn 0 1 0
vn 0 1 0
vn 0 1 0
vn -0.2588165 0 -0.9659265
vn -0.7071081 0 -0.7071054
vn -0.9659257 4.733517E-07 -0.2588195
vn -0.9659257 3.29607E-07 0.2588197
vn -0.7069872 7.378178E-05 0.7072263
vn -0.2588219 2.102094E-07 0.965925
vn 0.2588176 0 0.9659262
vn 0.7071071 -7.769999E-08 0.7071064
vn 0.9659262 0 0.2588178
vn 0.9659262 -1.263993E-06 -0.2588176
vn 0.7071017 1.373284E-06 -0.7071119
vn 0.258678 1.910584E-06 -0.9659635
vn -0.2588178 0 -0.9659262
vn -0.965925 0 -0.2588218
vn -0.9659247 1.748848E-06 0.2588232
vn -0.9659272 -1.867828E-06 0.2588138
vn -0.7070665 7.296992E-06 0.7071471
vn -0.7071257 0 0.707088
vn -0.2588309 0 0.9659227
vn -0.2588097 0 0.9659283
vn 0.7071073 0 0.7071063
vn 0.9659252 0 0.2588215
vn 0.9659249 1.138107E-06 -0.2588226
vn 0.7071079 0 -0.7071056
vn 0.7071228 0 -0.7070908
vn 0.7070881 -4.897036E-06 -0.7071255
vn 0.2590732 0 -0.9658577
vn 0.2588931 1.866541E-05 -0.9659059
vn -0.9659254 0 0.2588205
vn -0.7071097 0 0.7071038
vn -0.7071214 -5.049882E-06 0.7070921
vn -0.7071157 -3.08029E-06 0.7070978
vn 0.9659621 0 -0.2586838
vn 0.258808 -3.714872E-06 -0.9659289
vn 0.2588273 2.873214E-06 -0.9659237
vn 0.258803 -1.695053E-06 -0.9659302
vn 0.2587994 -2.106985E-06 -0.9659311
vn 0.2588974 0 -0.9659048
vn 0 1 0
vn 0 1 0
vn 0 1 0
vn 0 1 0
vn 0 1 0
vn 0 1 0
vn 0 1 0
vn 0 1 0
vn 0 1 0
vn 0 1 0
vn 0 1 0
vn 0 1 0
vn 0 1 0
vn 0 1 0
vn 0 1 0
vn 0 1 0
vn 0 1 0
vn 0 1 0
vn 0 1 0
vn 0 1 0
vn 0 1 0
vn 0 1 0
vn 0 1 0
vn 0 1 0
vn 0 1 0
vn 0 1 0
vn -0.2588122 -1.019157E-06 -0.9659277
vn -0.7071081 0 -0.7071055
vn -0.9659256 -1.280978E-08 -0.2588198
vn -0.9659257 -8.047479E-07 0.2588195
vn -0.7071114 -1.407658E-06 0.7071022
vn -0.2587317 3.622231E-05 0.9659492
vn 0.258817 -9.785562E-07 0.9659263
vn 0.707107 0 0.7071066
vn 0.9659262 -7.290987E-08 0.2588176
vn 0.9659377 -1.287389E-05 -0.2587746
vn 0.7071186 -4.747385E-06 -0.7070949
vn 0.258797 1.892696E-06 -0.9659318
vn -0.2588478 0 -0.9659182
vn -0.2588053 0 -0.9659295
vn -0.2592703 -9.689679E-05 -0.9658048
vn -0.9659902 5.578932E-05 -0.2585788
vn -0.9659235 -3.76974E-07 -0.2588277
vn -0.9659271 0 -0.2588144
vn -0.9659242 1.363918E-06 0.2588251
vn -0.7071246 -6.511518E-06 0.707089
vn -0.7070472 0 0.7071664
vn -0.2588196 -2.696811E-06 0.9659257
vn -0.2588567 0 0.9659157
vn 0.2587982 -5.477279E-06 0.9659314
vn 0.9659263 0 0.2588171
vn 0.9659287 -5.449041E-07 -0.2588081
vn 0.9659235 -1.203E-06 -0.2588274
vn 0.7071146 -3.766443E-07 -0.7070989
vn 0.707085 -3.297859E-06 -0.7071285
vn 0.258817 0 -0.9659263
vn 0.2588242 0 -0.9659244
vn -0.9659432 0 -0.2587543
vn -0.9659266 0 0.2588158
vn -0.7071002 0 0.7071133
vn -0.2586628 4.038413E-05 0.9659677
vn 0.2588301 0 0.9659229
vn 0.9659264 0 -0.2588168
vn 0.9659256 7.434509E-07 -0.25882
vn 0.9659247 1.421631E-06 -0.258823
vn 0.965941 2.238824E-06 -0.2587628
vn 0.70702 0 -0.7071935
vn 0.7070935 2.670612E-06 -0.7071201
vn 0.707013 2.162341E-05 -0.7072005
vn 0.7071152 0 -0.7070982
vn -0.258774 1.136229E-05 0.9659379
vn -0.2588173 1.745253E-06 0.9659263
vn 0.9659232 0 -0.2588287
vn -0.2588371 0 0.965921
vn 0 1 0
vn 0 1 0
vn 0 1 0
vn 0 1 0
vn 0 1 0
vn 0 1 0
vn 0 1 0
vn 0 1 0
vn 0 1 0
vn 0 1 0
vn 0 1 0
vn 0 1 0
vn 0 1 0
vn 0 1 0
vn 0 1 0
vn 0 1 0
vn 0 1 0
vn 0 1 0
vn 0 1 0
vn 0 1 0
vn 0 1 0
vn 0 1 0
vn 0 1 0
vn 0 1 0
vn 0 1 0
vn 0 1 0
vn 0 1 0
vn 0 1 0
vn 0 1 0
vn 0 1 0
vn 0 1 0
vn 0 1 0
vn 0 1 0
vn 0 1 0
vn 0 1 0
vn 0 1 0
vn 0 1 0
vn 0 1 0
vn 0 1 0
vn 0 1 0
vn 0 1 0
vn 0 1 0
vn 0 1 0
vn 0 1 0
vn 0 1 0
vn 0 1 0
vn 0 1 0
vn 0 1 0
vn -0.2588158 9.411264E-07 -0.9659267
vn -0.7071085 0 -0.707105
vn -0.9659273 1.397387E-06 -0.2588135
vn -0.9659257 -4.927652E-07 0.2588195
vn -0.7071031 1.395698E-06 0.7071105
vn -0.2588165 1.049156E-06 0.9659265
vn 0.258817 -6.648617E-07 0.9659263
vn 0.7071068 0 0.7071068
vn 0.9659258 -1.020306E-06 0.258819
vn 0.965925 9.260674E-07 -0.2588223
vn 0.707115 -4.028944E-06 -0.7070986
vn 0.2588199 -3.776248E-06 -0.9659256
vn -0.2588125 0 -0.9659276
vn -0.9659144 0 -0.2588617
vn -0.9659252 0 -0.2588215
vn -0.9659227 4.332961E-06 0.2588307
vn -0.707114 -1.979951E-06 0.7070995
vn -0.7071274 0 0.7070861
vn -0.2588283 -3.861277E-06 0.9659233
vn 0.2588269 3.84729E-06 0.9659238
vn 0.9659305 0 0.2588015
vn 0.9659269 -1.874811E-06 0.2588148
vn 0.965948 0 -0.2587361
vn 0.9659207 -6.208837E-06 -0.2588381
vn 0.7071019 0 -0.7071117
vn 0.7070901 0 -0.7071235
vn 0.2586862 1.864062E-05 -0.9659614
vn 0.2588902 -8.290209E-06 -0.9659068
vn 0.2589363 2.652122E-05 -0.9658944
vn -0.9659269 -1.785892E-06 0.2588148
vn -0.7070764 5.685702E-06 0.7071371
vn -0.7071196 -1.322505E-06 0.7070941
vn -0.258722 2.870488E-05 0.9659519
vn 0.2587805 -7.577854E-06 0.9659362
vn 0.9659201 2.808645E-06 0.2588402
vn 0.9659294 7.209291E-07 -0.2588055
vn 0.2586952 6.922892E-06 -0.965959
vn 0.2587998 -5.508408E-07 -0.965931
vn -0.9659207 3.083242E-06 0.2588379
vn -0.707099 0 0.7071146
vn -0.2588291 0 0.9659231
vn 0.2588131 0 0.9659274
vn 0.9659246 0 0.2588239
vn 0.9659284 0 -0.2588094
vn 0.25882 0 -0.9659256
vn 0.2588117 4.06581E-07 -0.9659278
vn -0.9659567 -1.358202E-05 0.2587037
vn 0.2587912 0 -0.9659333
vn -0.9659233 0 0.2588287
vn 0 1 0
vn 0 1 0
vn 0 1 0
vn 0 1 0
vn 0 1 0
vn 0 1 0
vn 0 1 0
vn 0 1 0
vn 0 1 0
vn 0 1 0
vn 0 1 0
vn 0 1 0
vn 0 1 0
vn 0 1 0
vn 0 1 0
vn 0 1 0
vn 0 1 0
vn 0 1 0
vn 0 1 0
vn 0 1 0
vn 0 1 0
vn 0 1 0
vn 0 1 0
vn 0 1 0
vn 0 1 0
vn -0.2588165 1.095275E-06 -0.9659265
vn -0.7071081 0 -0.7071054
vn -0.9659249 -1.4888E-07 -0.2588225
vn -0.9659228 3.555492E-06 0.2588303
vn -0.707108 2.292044E-06 0.7071056
vn -0.2588164 1.419704E-06 0.9659265
vn 0.2588157 -4.845832E-07 0.9659267
vn 0.707107 0 0.7071066
vn 0.9659262 2.802409E-07 0.2588176
vn 0.9659262 1.442491E-07 -0.2588176
vn 0.7071071 0 -0.7071064
vn 0.2587885 8.168736E-06 -0.965934
vn -0.2588105 0 -0.9659281
vn -0.9659281 0 -0.2588104
vn -0.9659275 0 -0.2588127
vn -0.9659218 4.456998E-06 0.2588341
vn -0.9659247 0 0.2588233
vn -0.7071159 0 0.7070976
vn -0.2588743 0 0.965911
vn -0.2588089 0 0.9659286
vn 0.2587977 -3.121635E-06 0.9659316
vn 0.2588192 0 0.9659258
vn 0.9659246 -1.500223E-06 0.2588233
vn 0.9659265 0 -0.2588166
vn 0.9659243 0 -0.2588249
vn 0.7071015 0 -0.7071121
vn 0.2588116 0 -0.9659279
vn 0.2590401 3.46264E-05 -0.9658666
vn -0.9659287 -1.224973E-06 0.2588085
vn -0.9659279 1.141385E-06 0.2588115
vn -0.9659281 1.256654E-06 0.2588106
vn 0.2588542 0 0.9659164
vn 0.9659314 0 0.2587981
vn 0.9659243 -3.180064E-06 0.2588249
vn 0.9659283 3.147597E-06 0.2588101
vn 0.2588089 3.421916E-06 -0.9659286
vn 0.2589176 -1.775387E-05 -0.9658994
vn 0.2588099 0 -0.9659283
vn -0.9659256 0 0.2588199
vn 0 1 0
vn 0 1 0
vn 0 1 0
vn 0 1 0
vn 0 1 0
vn 0 1 0
vn 0 1 0
vn 0 1 0
vn 0 1 0
vn 0 1 0
vn 0 1 0
vn 0 1 0
vn 0 1 0
vn 0 1 0
vn 0 1 0
vn 0 1 0
vn 0 1 0
vn 0 1 0
vn 0 1 0
vn 0 1 0
vn 0 1 0
vn 0 1 0
vn 0 1 0
vn 0 1 0
vn 0 1 0
vn 0 1 0
vn 0 1 0
vn 0 1 0
vn 0 1 0
vn 0 1 0
vn 0 1 0
vn 0 1 0
vn 0 1 0
vn 0 1 0
vn 0 1 0
vn 0 1 0
vn 0 1 0
vn 0 1 0
vn 0 1 0
vn 0 1 0
vn 0 1 0
vn 0 1 0
vn 0 1 0
vn -0.258816 6.815026E-07 -0.9659266
vn -0.7071081 0 -0.7071054
vn -0.9659243 -1.690877E-06 -0.258825
vn -0.9659259 4.481678E-07 0.2588189
vn -0.7071075 4.03703E-07 0.7071061
vn -0.2588151 1.213199E-06 0.9659268
vn 0.2588166 0 0.9659265
vn 0.7071075 0 0.7071061
vn 0.9659259 3.179387E-07 0.2588189
vn 0.9659255 -6.668611E-09 -0.2588204
vn 0.7071075 0 -0.7071061
vn 0.2588163 0 -0.9659265
vn -0.2588258 4.292115E-06 -0.9659241
vn -0.9659266 0 -0.2588163
vn -0.9659342 0 -0.2587875
vn -0.9659446 -1.476759E-05 0.2587492
vn -0.7071103 0 0.7071033
vn -0.2589141 0 0.9659004
vn -0.2588103 0 0.9659281
vn 0.258832 0 0.9659224
vn 0.9659111 -1.210123E-05 0.2588739
vn 0.9659355 6.415808E-06 0.2587831
vn 0.9659255 0 -0.2588205
vn 0.9659521 0 -0.2587209
vn 0.7071121 0 -0.7071015
vn 0.2590146 2.856214E-05 -0.9658734
vn -0.2588171 0 -0.9659263
vn -0.9659261 6.089766E-08 -0.2588184
vn -0.9659187 1.902589E-06 -0.2588458
vn -0.9659193 4.223197E-06 0.2588434
vn 0.2589297 -2.703449E-05 0.9658961
vn 0.2587536 1.528657E-05 0.9659434
vn 0.9659252 0 0.2588215
vn 0.2587513 -9.925172E-06 -0.965944
vn -0.2588277 4.843047E-06 -0.9659235
vn -0.2587183 -1.286861E-05 -0.9659529
vn -0.9659228 1.914358E-06 0.2588305
vn 0.2588276 0 -0.9659235
vn -0.9659292 0 0.2588066
vn 0 1 0
vn 0 1 0
vn 0 1 0
vn 0 1 0
vn 0 1 0
vn 0 1 0
vn 0 1 0
vn 0 1 0
vn 0 1 0
vn 0 1 0
vn 0 1 0
vn 0 1 0
vn 0 1 0
vn 0 1 0
vn 0 1 0
vn 0 1 0
vn 0 1 0
vn 0 1 0
vn 0 1 0
vn 0 1 0
vn 0 1 0
vn 0 1 0
vn 0 1 0
vn 0 1 0
vn 0 1 0
vn 0 1 0
vn 0 1 0
vn 0 1 0
vn 0 1 0
vn 0 1 0
vn 0 1 0
vn 0 1 0
vn 0 1 0
vn 0 1 0
vn 0 1 0
vn 0 1 0
vn 0 1 0
vn 0 1 0
vn 0 1 0
vn 0 1 0
vn 0 1 0
vn 0 1 0
vn 0 1 0
vn 0 1 0
vn 0 1 0
vn 0 1 0
vn 0 1 0
vn 0 1 0
vn 0 1 0
vn 0 1 0
vn 0 1 0
vn 0 1 0
vn 0 1 0
vn 0 1 0
vn 0 1 0
vn 0 1 0
vn 0 1 0
vn 0 1 0
vn 0 1 0
vn 0 1 0
vn 0 1 0
vn 0 1 0
vn 0 1 0
vn 0 1 0
vn 0 1 0
vn 0 1 0
vn 0 1 0
vn 0 1 0
vn 0 1 0
vn 0 1 0
vn 0 1 0
vn 0 1 0
vn 0 1 0
vn 0 1 0
vn 0 1 0
vn 0 1 0
vn 0 1 0
vn 0 1 0
vn 0 1 0
vn 0 1 0
vn 0 1 0
vn 0 1 0
vn 0 1 0
vn 0 1 0
vn 0 1 0
vn 0 1 0
vn 0 1 0
vn 0 1 0
vn 0 1 0
vn 0 1 0
vn 0 1 0
vn 0 1 0
vn 0 1 0
vn 0 1 0
vn 0 1 0
vn 0 1 0
vn -0.2588216 3.328555E-07 -0.9659251
vn -0.7071078 0 -0.7071058
vn -0.9659266 8.1662E-07 -0.2588163
vn -0.9659241 1.5793E-06 0.2588256
vn -0.7070889 7.401206E-06 0.7071247
vn -0.258833 -3.812822E-06 0.9659221
vn 0.2587233 -2.128493E-06 0.9659515
vn 0.7071077 0 0.7071059
vn 0.9659259 5.508341E-07 0.2588189
vn 0.9659259 -4.785436E-07 -0.2588189
vn 0.7070226 5.665623E-05 -0.7071909
vn 0.2587928 2.107623E-06 -0.9659329
vn -0.2588963 4.602692E-06 -0.9659051
vn -0.2588059 0 -0.9659294
vn -0.2587223 8.292434E-06 -0.9659517
vn -0.9659119 -5.793174E-06 -0.258871
vn -0.9659215 3.975519E-07 -0.2588354
vn -0.9659241 1.525441E-06 0.2588253
vn -0.9659256 0 0.2588198
vn -0.7070919 6.343046E-06 0.7071217
vn -0.7071075 0 0.7071059
vn -0.2588499 -7.247763E-06 0.9659176
vn -0.2588005 0 0.9659308
vn 0.2590554 0 0.9658625
vn 0.2588219 -2.768384E-06 0.965925
vn 0.9659255 0 0.2588207
vn 0.9659244 1.230593E-06 -0.2588245
vn 0.7071097 -5.795765E-07 -0.7071038
vn 0.7072026 0 -0.707011
vn 0.2588515 0 -0.9659172
vn 0.25886 5.180681E-06 -0.9659148
vn -0.2587934 0 -0.9659327
vn -0.9659256 0 -0.2588197
vn -0.9659246 0 -0.2588237
vn -0.9659289 0 0.2588076
vn -0.9659261 1.678969E-07 0.2588184
vn -0.7071026 3.761784E-06 0.7071109
vn -0.7070943 -5.339875E-07 0.7071193
vn -0.7070572 -7.673111E-06 0.7071563
vn -0.2587449 9.385943E-06 0.9659457
vn -0.2591065 5.056108E-05 0.9658487
vn -0.2587842 -2.025296E-06 0.9659352
vn 0.2586234 6.560941E-05 0.9659783
vn 0.2588235 0 0.9659247
vn 0.2577689 0.0001218018 0.9662066
vn 0.9659228 4.347875E-07 -0.2588302
vn 0.965982 -7.543877E-05 -0.2586093
vn 0.9659242 2.282763E-06 -0.258825
vn 0.7071199 -2.674086E-06 -0.7070937
vn 0.7069502 8.45496E-05 -0.7072633
vn 0.7073055 -0.0001147537 -0.706908
vn 0.2588444 7.006138E-06 -0.965919
vn 0.2588151 0 -0.9659269
vn -0.9659264 5.213483E-07 0.2588168
vn -0.965926 1.740124E-07 0.2588183
vn -0.7070747 4.033857E-06 0.7071388
vn -0.7071519 1.233682E-05 0.7070616
vn -0.7070861 -7.299699E-06 0.7071275
vn -0.2588234 0 0.9659247
vn 0.2590401 -0.0001063695 0.9658666
vn 0.2588197 -1.875592E-06 0.9659256
vn 0.2588349 -8.21615E-06 0.9659216
vn 0.2588314 -2.369202E-06 0.9659225
vn 0.2588534 -8.512135E-06 0.9659166
vn 0.9658636 1.400855E-05 -0.2590508
vn 0.9659167 7.430555E-06 -0.2588531
vn 0.9659761 -9.487402E-05 -0.2586313
vn 0.9659215 7.094165E-06 -0.2588353
vn 0.7070953 0 -0.7071184
vn 0.7071319 -6.779928E-06 -0.7070817
vn 0.7070611 5.961783E-06 -0.7071525
vn 0.7070521 3.257769E-05 -0.7071615
vn 0.7071914 -5.547288E-05 -0.7070221
vn 0.2587233 -4.07607E-05 -0.9659514
vn 0.2587841 -9.904971E-06 -0.9659352
vn -0.7071334 -1.740331E-06 0.7070802
vn -0.7070343 2.399967E-06 0.7071792
vn -0.707772 -0.0001247397 0.706441
vn -0.7072418 -2.550797E-05 0.7069718
vn 0.9659268 0 -0.2588153
vn 0.9659283 -2.352316E-06 -0.2588099
vn 0.9659273 -1.67174E-06 -0.2588134
vn 0.9659322 -6.501485E-06 -0.2587954
vn 0.9659296 -3.845005E-06 -0.2588047
vn 0.965883 5.234844E-05 -0.2589791
vn 0 0 0
vn 0.2585491 -0.0001259348 -0.9659981
vn 0.2588308 3.377245E-06 -0.9659227
vn 0.2588124 -3.588123E-06 -0.9659276
vn 0.2587686 -2.000639E-05 -0.9659393
vn 0.2587325 -1.593765E-05 -0.965949
vn 0.2589036 1.93791E-05 -0.9659032
vn -0.7071068 0 0.7071068
vn 0 1 0
vn 0 1 0
vn 0 1 0
vn 0 1 0
vn 0 1 0
vn 0 1 0
vn 0 1 0
vn 0 1 0
vn 0 1 0
vn 0 1 0
vn 0 1 0
vn 0 1 0
vn 0 1 0
vn 0 1 0
vn 0 1 0
vn 0 1 0
vn 0 1 0
vn 0 1 0
vn 0 1 0
vn 0 1 0
vn 0 1 0
vn 0 1 0
vn 0 1 0
vn 0 1 0
vn 0 1 0
vn 0 1 0
vn 0 1 0
vn 0 1 0
vn 0 1 0
vn 0 1 0
vn 0 1 0
vn 0 1 0
vn 0 1 0
vn 0 1 0
vn 0 1 0
vn 0 1 0
vn 0 1 0
vn 0 1 0
vn 0 1 0
vn 0 1 0
vn 0 1 0
vn 0 1 0
vn 0 1 0
vn 0 1 0
vn 0 1 0
vn 0 1 0
vn 0 1 0
vn 0 1 0
vn 0 1 0
vn 0 1 0
vn 0 1 0
vn 0 1 0
vn -0.2588167 0 -0.9659265
vn -0.7071084 8.534203E-07 -0.7071052
vn -0.9659255 0 -0.2588202
vn -0.9659255 1.297382E-06 0.2588202
vn -0.7071085 -1.711129E-06 0.707105
vn -0.2588166 3.079924E-06 0.9659265
vn 0.2588166 2.02454E-06 0.9659265
vn 0.7071078 1.128706E-06 0.7071058
vn 0.9659259 0 0.2588189
vn 0.9659293 -2.625979E-06 -0.2588058
vn 0.707105 -4.697685E-07 -0.7071087
vn 0.2588279 -2.465299E-06 -0.9659234
vn -0.2588912 -3.537496E-05 -0.9659064
vn -0.7071065 0 -0.7071071
vn -0.9659345 0 -0.2587868
vn -0.9659351 -1.59054E-05 0.2587845
vn -0.7071058 -6.023785E-07 0.7071078
vn -0.7070789 3.571057E-06 0.7071347
vn -0.25882 -3.07636E-06 0.9659256
vn 0.2580641 -0.0003052848 0.9661278
vn 0.2588023 -6.998696E-06 0.9659303
vn 0.7071017 -2.591133E-06 0.7071119
vn 0.9659267 -3.951237E-07 0.2588156
vn 0.9659253 0 -0.2588212
vn 0.9658536 3.2876E-05 -0.2590883
vn 0.9658497 -7.285669E-05 -0.2591028
vn 0.9659268 6.302982E-07 -0.2588155
vn 0.7071019 0 -0.7071117
vn 0.7070917 0 -0.7071218
vn 0.2588456 0 -0.9659187
vn 0.2587608 6.036337E-06 -0.9659414
vn 0.2588132 0 -0.9659274
vn -0.2587706 1.813691E-05 -0.9659388
vn -0.9659261 -2.996983E-07 -0.2588182
vn -0.9659247 5.364087E-07 -0.2588232
vn -0.9659264 -9.135649E-07 0.2588168
vn -0.7073101 0 0.7069033
vn -0.2587767 0 0.9659372
vn -0.2588413 -8.782735E-06 0.9659199
vn -0.2588423 -9.158861E-06 0.9659196
vn 0.2589406 3.539147E-05 0.9658932
vn 0.7071037 -1.531446E-06 0.7071099
vn 0.9659263 0 0.2588173
vn 0.9659334 3.775345E-06 -0.2587907
vn 0.7071244 3.855595E-06 -0.7070891
vn 0.7071167 2.15644E-06 -0.7070969
vn -0.2587916 1.755067E-06 -0.9659332
vn -0.9659177 0 0.2588494
vn -0.9659461 -2.652284E-05 0.2587436
vn -0.9659227 4.528486E-06 0.258831
vn 0.2588085 0 0.9659286
vn 0.707298 0 0.7069154
vn 0.965922 0 -0.2588332
vn -0.2588112 5.908108E-07 -0.965928
vn -0.2588533 0 -0.9659166
vn -0.2597351 -0.0003114782 -0.9656799
vn -0.2587632 2.121748E-05 -0.9659408
vn 0 1 0
vn 0 1 0
vn 0 1 0
vn 0 1 0
vn 0 1 0
vn 0 1 0
vn 0 1 0
vn 0 1 0
vn 0 1 0
vn 0 1 0
vn 0 1 0
vn 0 1 0
vn 0 1 0
vn 0 1 0
vn 0 1 0
vn 0 1 0
vn 0 1 0
vn 0 1 0
vn 0 1 0
vn 0 1 0
vn 0 1 0
vn 0 1 0
vn 0 1 0
vn 0 1 0
vn 0 1 0
vn 0 1 0
vn 0 1 0
vn 0 1 0
vn 0 1 0
vn 0 1 0
vn 0 1 0
vn 0 1 0
vn 0 1 0
vn 0 1 0
vn 0 1 0
vn 0 1 0
vn 0 1 0
vn 0 1 0
vn 0 1 0
vn 0 1 0
vn 0 1 0
vn 0 1 0
vn 0 1 0
vn 0 1 0
vn 0 1 0
vn 0 1 0
vn 0 1 0
vn -0.258817 0 -0.9659263
vn -0.7071106 2.159663E-06 -0.707103
vn -0.9659255 -1.653028E-07 -0.2588201
vn -0.9659255 -3.383507E-07 0.2588203
vn -0.7071078 0 0.7071058
vn -0.2588176 1.761557E-06 0.9659262
vn 0.2588173 -1.82481E-06 0.9659263
vn 0.7071078 -1.264E-06 0.7071058
vn 0.9659258 0 0.258819
vn 0.9659259 -7.004148E-07 -0.2588189
vn 0.7071009 2.416582E-06 -0.7071126
vn 0.258817 0 -0.9659263
vn -0.2588655 -1.017743E-05 -0.9659134
vn -0.7071068 1.00468E-06 -0.7071068
vn -0.7071606 0 -0.707053
vn -0.7070785 1.149872E-06 -0.7071351
vn -0.9659232 0 -0.2588288
vn -0.9659292 4.191701E-07 -0.2588065
vn -0.965925 4.68818E-07 0.2588221
vn -0.2588299 0 0.9659229
vn 0.2594824 0.000231752 0.9657478
vn 0.2588192 1.731394E-06 0.9659258
vn 0.7071096 0 0.707104
vn 0.9659261 0 0.2588182
vn 0.9659253 0 -0.2588213
vn 0.7073078 -3.115418E-06 -0.7069058
vn 0.7070903 -6.862586E-06 -0.7071233
vn -0.2588291 -2.566336E-06 -0.9659231
vn -0.2588634 -8.666163E-06 -0.965914
vn -0.7071034 0 -0.7071102
vn -0.965927 -2.48518E-06 0.2588145
vn -0.9659238 1.817942E-06 0.2588266
vn 0.2587914 -1.361919E-06 0.9659332
vn 0.7071347 0 -0.7070789
vn 0.707115 0 -0.7070985
vn 0.7070918 -6.37446E-06 -0.7071217
vn -0.2585513 3.727019E-05 -0.9659976
vn -0.965937 -1.41485E-05 0.2587777
vn 0.258818 0 0.9659261
vn -0.2588411 0 -0.96592
vn -0.9659238 8.946441E-07 0.2588266
vn -0.9659251 3.829186E-07 0.2588218
vn -0.9658982 1.737718E-06 0.2589223
vn -0.9659379 0 0.2587742
vn 0 1 0
vn 0 1 0
vn 0 1 0
vn 0 1 0
vn 0 1 0
vn 0 1 0
vn 0 1 0
vn 0 1 0
vn 0 1 0
vn 0 1 0
vn 0 1 0
vn 0 1 0
vn 0 1 0
vn 0 1 0
vn 0 1 0
vn 0 1 0
vn 0 1 0
vn 0 1 0
vn 0 1 0
vn 0 1 0
vn 0 1 0
vn 0 1 0
vn -0.2588163 2.832547E-07 -0.9659265
vn -0.7071087 0 -0.7071049
vn -0.9659257 0 -0.2588195
vn -0.9659238 1.507835E-06 0.2588268
vn -0.707108 -1.523355E-06 0.7071056
vn -0.258817 0 0.9659263
vn 0.2588163 1.763208E-06 0.9659266
vn 0.707108 1.773803E-06 0.7071056
vn 0.9659256 0 0.2588198
vn 0.9659339 -2.872451E-06 -0.2587889
vn 0.7071072 -3.510831E-07 -0.7071063
vn 0.2588164 0 -0.9659265
vn -0.2588157 0 -0.9659267
vn -0.9659254 0 0.2588207
vn -0.9659277 0 0.2588122
vn -0.7071033 0 0.7071102
vn 0.2588129 0 0.9659275
vn 0.7070959 -4.702504E-06 0.7071176
vn 0.9659267 -6.90485E-07 0.2588156
vn 0.9659238 0 -0.258827
vn 0.9659252 0 -0.2588214
vn 0.7071087 -1.158559E-06 -0.7071048
vn 0.7071105 0 0.7071031
vn 0.9659234 0 0.2588284
vn 0.7070283 0 -0.7071853
vn 0 1 0
vn 0 1 0
vn 0 1 0
vn 0 1 0
vn 0 1 0
vn 0 1 0
vn 0 1 0
vn 0 1 0
vn 0 1 0
vn 0 1 0
vn 0 1 0
vn 0 1 0
vn -0.2588162 -3.544637E-07 -0.9659266
vn -0.7071075 0 -0.7071061
vn -0.9659255 0 -0.2588201
vn -0.9659255 9.628822E-07 0.2588201
vn -0.7071314 -5.315805E-06 0.7070822
vn -0.2588168 1.762646E-06 0.9659265
vn 0.2588171 0 0.9659263
vn 0.7071064 0 0.7071071
vn 0.9659257 0 0.2588195
vn 0.9659257 2.376879E-07 -0.2588195
vn 0.7071071 -1.260791E-06 -0.7071065
vn 0.2588165 -1.546891E-06 -0.9659265
vn -0.2588169 0 -0.9659265
vn -0.9659281 0 0.2588103
vn -0.7070971 0 0.7071165
vn -0.7071047 0 0.7071089
vn -0.258849 -1.555997E-06 0.9659178
vn 0.9659263 0 -0.2588173
vn 0.7070196 0 -0.707194
vn 0.2588135 0 -0.9659273
vn -0.2588305 0 0.9659228
vn 0 1 0
vn 0 1 0
vn 0 1 0
vn 0 1 0
vn 0 1 0
vn 0 1 0
vn 0 1 0
vn 0 1 0
vn 0 1 0
vn 0 1 0
vn 0 1 0
vn 0 1 0
vn 0 1 0
vn 0 1 0
vn 0 1 0
vn -0.2588163 -3.431049E-06 -0.9659265
vn -0.7071068 0 -0.7071068
vn -0.9659252 1.17697E-06 -0.2588215
vn -0.9659252 0 0.2588215
vn -0.7071061 2.117304E-06 0.7071075
vn -0.258817 0 0.9659263
vn 0.258817 -2.869604E-06 0.9659263
vn 0.7071068 0 0.7071068
vn 0.9659262 0 0.2588176
vn 0.9659262 2.358409E-07 -0.2588176
vn 0.7071075 0 -0.7071061
vn 0.2588163 -9.638982E-07 -0.9659265
vn -0.2588868 0 -0.9659076
vn -0.7071278 0 -0.7070858
vn -0.7069552 1.647946E-05 -0.7072583
vn -0.9659237 0 -0.2588269
vn -0.9659269 0 0.2588149
vn -0.7071263 -1.05244E-06 0.7070873
vn -0.7071283 -1.31877E-06 0.7070853
vn -0.2587287 -4.910081E-06 0.9659501
vn 0.2588254 0 0.9659241
vn 0.9659271 0 -0.2588145
vn 0.2588147 -5.024886E-07 -0.965927
vn -0.7070935 0 0.70712
vn -0.2588216 0 0.9659252
vn 0.25881 0 -0.9659282
vn 0 1 0
vn 0 1 0
vn 0 1 0
vn 0 1 0
vn 0 1 0
vn 0 1 0
vn 0 1 0
vn 0 1 0
vn 0 1 0
vn 0 1 0
vn 0 1 0
vn 0 1 0
vn 0 1 0
vn 0 1 0
vn 0 1 0
vn 0 1 0
vn 0 1 0
vn 0 1 0
vn 0 1 0
vn 0 1 0
vn 0 1 0
vn 0 1 0
vn -0.258817 -1.034263E-06 -0.9659263
vn -0.7071065 0 -0.7071071
vn -0.9659265 -1.104984E-07 -0.2588163
vn -0.9659265 0 0.2588163
vn -0.7071063 -2.31026E-07 0.7071073
vn -0.2588173 0 0.9659263
vn 0.2588162 1.061695E-06 0.9659266
vn 0.707107 1.701691E-08 0.7071066
vn 0.9659255 0 0.2588201
vn 0.9659255 1.108448E-06 -0.2588201
vn 0.7071071 5.942741E-07 -0.7071064
vn 0.258826 -2.879101E-06 -0.9659239
vn -0.2588682 6.445478E-06 -0.9659126
vn -0.707095 2.63722E-06 -0.7071186
vn -0.7071396 -7.326101E-06 -0.7070739
vn -0.9659268 0 -0.2588156
vn -0.9659307 0 0.2588005
vn -0.7070943 3.151347E-06 0.7071192
vn -0.7071068 -1.25585E-07 0.7071068
vn -0.2587618 -1.072983E-05 0.9659412
vn 0.2588089 0 0.9659286
vn 0.2588215 0 0.9659252
vn 0.7071068 0 0.7071068
vn 0.9659426 0 -0.2587566
vn 0.7071438 -1.64215E-05 -0.7070698
vn 0.2588041 0 -0.9659298
vn 0.2588033 0 -0.96593
vn 0.2588442 6.672381E-06 -0.9659191
vn -0.2588238 1.693726E-06 -0.9659246
vn -0.7071068 0 -0.7071068
vn -0.7070998 -1.673132E-06 0.7071138
vn -0.2589391 1.739291E-05 0.9658937
vn 0.7071037 0 -0.7071099
vn -0.2587954 0 -0.9659322
vn -0.7071638 -1.086306E-05 -0.7070497
vn -0.7070362 3.884329E-06 -0.7071773
vn -0.7070649 0 0.7071487
vn -0.7071068 -1.25585E-07 0.7071068
vn -0.7071453 -6.30677E-06 0.7070682
vn -0.2587961 6.208396E-07 0.9659319
vn -0.2587867 0 0.9659345
vn 0 1 0
vn 0 1 0
vn 0 1 0
vn 0 1 0
vn 0 1 0
vn 0 1 0
vn 0 1 0
vn 0 1 0
vn 0 1 0
vn 0 1 0
vn 0 1 0
vn 0 1 0
vn 0 1 0
vn 0 1 0
vn 0 1 0
vn 0 1 0
vn 0 1 0
vn 0 1 0
vn 0 1 0
vn 0 1 0
vn 0 1 0
vn 0 1 0
vn 0 1 0
vn 0 1 0
vn 0 1 0
vn 0 1 0
vn 0 1 0
vn 0 1 0
vn 0 1 0
vn 0 1 0
vn -0.258817 -1.78428E-06 -0.9659263
vn -0.7071063 -2.30288E-06 -0.7071072
vn -0.9659265 -4.848254E-08 -0.2588163
vn -0.9659265 0 0.2588164
vn -0.7070884 1.320773E-06 0.7071252
vn -0.258817 -2.305278E-06 0.9659263
vn 0.2587981 -3.855544E-06 0.9659315
vn 0.7071071 8.925806E-07 0.7071064
vn 0.9659255 0 0.2588202
vn 0.9659255 -1.668647E-06 -0.2588202
vn 0.707107 2.819428E-06 -0.7071065
vn 0.2588346 -9.799802E-06 -0.9659217
vn -0.2587683 -1.366136E-05 -0.9659395
vn -0.7071068 0 -0.7071068
vn -0.9659268 0 -0.2588156
vn -0.7070366 0 0.707177
vn -0.7071722 -4.123016E-06 0.7070414
vn -0.7071064 0 0.7071072
vn -0.2588266 0 0.9659238
vn 0.2588629 0 0.9659141
vn 0.2587658 1.577906E-05 0.9659401
vn 0.2588163 2.121676E-06 0.9659266
vn 0.7070844 0 0.7071291
vn 0.9659218 0 -0.2588342
vn 0.7071437 -1.594407E-05 -0.7070699
vn 0.2587653 1.741408E-05 -0.9659402
vn 0.2588059 2.676278E-06 -0.9659293
vn 0.2588348 0 -0.9659216
vn -0.2589436 2.391113E-05 -0.9658925
vn -0.7071009 -2.16625E-06 -0.7071127
vn -0.7071056 -3.244144E-07 -0.7071078
vn -0.7071068 -1.75819E-06 0.7071068
vn -0.7072366 4.207951E-05 0.7069768
vn -0.2586411 4.584753E-05 0.9659735
vn 0.2588628 0 0.9659141
vn 0.7070126 3.77277E-05 -0.707201
vn 0.2588011 3.476202E-06 -0.9659306
vn -0.258823 2.374253E-06 -0.9659248
vn -0.7071113 2.504608E-06 -0.7071022
vn -0.707058 -2.39872E-05 0.7071555
vn -0.2589097 -2.706829E-05 0.9659016
vn 0.7071099 0 -0.7071037
vn 0.2588286 0 -0.9659233
vn -0.2587841 -2.836695E-06 -0.9659352
vn -0.7071163 4.333192E-06 -0.7070972
vn -0.7071013 -2.620911E-06 -0.7071123
vn -0.7071077 4.708518E-07 -0.7071059
vn -0.7071854 4.603714E-05 -0.7070281
vn -0.7070959 -5.374465E-06 0.7071177
vn -0.707195 4.683755E-05 0.7070186
vn -0.7071245 5.125948E-06 0.7070891
vn -0.7071008 -4.584587E-06 0.7071127
vn -0.2587973 6.778129E-06 0.9659317
vn -0.2588211 0 -0.9659253
vn -0.2588558 -1.29884E-05 0.965916
vn -0.2587167 4.666137E-05 0.9659532
vn -0.2588125 3.693854E-06 0.9659276
vn 0 1 0
vn 0 1 0
vn 0 1 0
vn 0 1 0
vn 0 1 0
vn 0 1 0
vn 0 1 0
vn 0 1 0
vn 0 1 0
vn 0 1 0
vn 0 1 0
vn 0 1 0
vn 0 1 0
vn 0 1 0
vn 0 1 0
vn 0 1 0
vn 0 1 0
vn 0 1 0
vn 0 1 0
vn 0 1 0
vn -0.2588171 -7.999411E-07 -0.9659263
vn -0.7071065 -3.292187E-06 -0.7071071
vn -0.9659259 0 -0.2588189
vn -0.9659248 9.15833E-07 0.2588229
vn -0.707109 -2.161637E-07 0.7071044
vn -0.2588175 -1.773456E-08 0.9659262
vn 0.2588551 1.239677E-05 0.9659162
vn 0.7071066 -6.742351E-08 0.7071069
vn 0.9659257 0 0.2588195
vn 0.9659257 1.64378E-06 -0.2588195
vn 0.7070878 3.384711E-06 -0.7071257
vn 0.258817 7.924129E-07 -0.9659263
vn -0.2588254 0 -0.9659241
vn -0.7071483 0 -0.7070653
vn -0.9659312 0 0.2587987
vn -0.9659866 0 0.2585922
vn -0.7071036 0 0.70711
vn -0.7071068 1.50702E-06 0.7071068
vn -0.2588173 0 0.9659263
vn 0.2588105 1.322382E-06 0.9659281
vn 0.2587851 -1.137767E-06 0.9659349
vn 0.2588196 0 0.9659256
vn 0.7071068 0 0.7071068
vn 0.9659279 -6.755833E-07 -0.2588116
vn 0.7071121 0 -0.7071014
vn 0.7071195 5.352503E-06 -0.7070941
vn 0.7069659 -3.807471E-05 -0.7072477
vn 0.2588198 0 -0.9659256
vn 0.2588115 3.262132E-06 -0.9659279
vn -0.7070597 0 0.7071539
vn 0.2587999 0 0.9659309
vn 0.9659261 0 -0.2588179
vn 0.707114 0 -0.7070996
vn 0.7071193 9.178134E-07 -0.7070943
vn 0 1 0
vn 0 1 0
vn 0 1 0
vn 0 1 0
vn 0 1 0
vn 0 1 0
vn 0 1 0
vn 0 1 0
vn 0 1 0
vn 0 1 0
vn 0 1 0
vn 0 1 0
vn 0 1 0
vn 0 1 0
vn 0 1 0
vn 0 1 0
vn 0 1 0
vn 0 1 0
vn 0 1 0
vn 0 1 0
vn 0 1 0
vn 0 1 0
vn 0 1 0
vn -0.258817 0 -0.9659263
vn -0.7069833 -5.934165E-05 -0.7072302
vn -0.9659281 2.751026E-06 -0.2588106
vn -0.9659256 -6.981083E-08 0.2588198
vn -0.7071068 -1.00468E-06 0.7071068
vn -0.2588076 3.128737E-06 0.9659289
vn 0.2588266 1.673214E-06 0.9659238
vn 0.7071067 0 0.7071068
vn 0.9659263 -3.70774E-07 0.2588171
vn 0.9659246 8.811005E-07 -0.2588235
vn 0.7071123 -2.805699E-06 -0.7071013
vn 0.2588057 1.197011E-06 -0.9659294
vn -0.258772 0 -0.9659384
vn -0.2588244 -2.733986E-06 -0.9659244
vn -0.7071013 0 -0.7071123
vn -0.7071185 3.166388E-06 -0.707095
vn -0.7071109 0 -0.7071027
vn -0.9659256 0 -0.2588199
vn -0.9659253 0 -0.2588211
vn -0.9659243 1.788125E-06 0.2588247
vn -0.9659253 1.224865E-06 0.2588209
vn -0.707093 3.49899E-06 0.7071205
vn -0.2588659 0 0.9659132
vn -0.2588067 -2.265181E-06 0.9659292
vn 0.2588219 0 0.9659251
vn 0.2587987 0 0.9659312
vn 0.9659268 0 0.2588153
vn 0.9659284 0 -0.2588092
vn 0.9659048 -1.665461E-06 -0.2588974
vn 0.7071064 -1.020968E-06 -0.7071071
vn 0.7070862 0 -0.7071273
vn 0.2589468 0 -0.9658916
vn 0.2588324 0 -0.9659222
vn -0.9659261 9.798609E-07 0.2588183
vn -0.7071283 0 0.7070852
vn -0.2588061 -2.335011E-06 0.9659293
vn -0.2591839 4.508466E-06 0.9658279
vn 0.9659269 1.045824E-06 -0.2588148
vn 0.9659277 1.537019E-06 -0.258812
vn 0.96593 0 -0.2588035
vn 0.7070984 0 -0.7071151
vn -0.9659341 0 0.2587881
vn -0.258231 0 0.9660832
vn 0 1 0
vn 0 1 0
vn 0 1 0
vn 0 1 0
vn 0 1 0
vn 0 1 0
vn 0 1 0
vn 0 1 0
vn 0 1 0
vn 0 1 0
vn 0 1 0
vn 0 1 0
vn 0 1 0
vn 0 1 0
vn 0 1 0
vn 0 1 0
vn 0 1 0
vn 0 1 0
vn 0 1 0
vn 0 1 0
vn 0 1 0
vn 0 1 0
vn 0 1 0
vn 0 1 0
vn 0 1 0
vn 0 1 0
vn 0 1 0
vn 0 1 0
vn 0 1 0
vn 0 1 0
vn 0 1 0
vn 0 1 0
vn 0 1 0
vn 0 1 0
vn 0 1 0
vn 0 1 0
vn 0 1 0
vn 0 1 0
vn -0.258817 -9.965678E-07 -0.9659263
vn -0.7071082 0 -0.7071053
vn -0.9659247 -1.375694E-06 -0.2588234
vn -0.9659262 -1.180053E-06 0.2588176
vn -0.7071104 -2.846933E-08 0.7071032
vn -0.258817 -3.869474E-07 0.9659263
vn 0.2588163 2.27452E-06 0.9659266
vn 0.7071083 0 0.7071052
vn 0.9659284 2.140027E-06 0.2588097
vn 0.9659284 -9.09317E-07 -0.2588097
vn 0.7071068 3.139625E-08 -0.7071068
vn 0.2588157 2.518152E-06 -0.9659267
vn -0.2588114 -3.7027E-06 -0.9659279
vn -0.7071202 -1.712638E-06 -0.7070934
vn -0.9659235 -2.815296E-06 -0.2588278
vn -0.9659263 0 -0.258817
vn -0.9659249 1.055318E-06 0.2588224
vn -0.9659238 2.386707E-06 0.2588265
vn -0.9659315 0 0.2587978
vn -0.7071068 0 0.7071068
vn -0.7070988 -3.281769E-06 0.7071148
vn -0.2588193 -1.548219E-06 0.9659258
vn 0.2587811 -1.388446E-05 0.9659359
vn 0.9659208 0 0.2588377
vn 0.9659262 -7.332438E-07 0.2588179
vn 0.9659268 -3.366141E-08 -0.2588156
vn 0.9659081 -1.966861E-05 -0.2588854
vn 0.7070636 2.580033E-05 -0.7071499
vn 0.7071066 2.216933E-06 -0.707107
vn 0.2591335 -1.742969E-05 -0.9658415
vn 0.2588956 1.258945E-05 -0.9659053
vn -0.2588212 0 -0.9659252
vn -0.258908 1.355469E-05 -0.965902
vn -0.7070846 0 -0.707129
vn -0.9659275 -2.569907E-07 -0.2588126
vn -0.9659459 -1.519453E-05 0.2587439
vn -0.7071068 -1.25585E-07 0.7071068
vn -0.7071079 2.406065E-07 0.7071058
vn -0.2588228 -3.140253E-06 0.9659248
vn 0.258841 7.602294E-06 0.96592
vn 0.9659249 0 0.2588223
vn 0.9659266 0 -0.2588163
vn 0.9659262 0 -0.2588179
vn 0.7071066 2.219669E-06 -0.707107
vn 0.2587754 0 -0.9659374
vn 0.258747 -1.168147E-05 -0.9659451
vn 0.2583824 -8.135906E-05 -0.9660428
vn 0.2587919 0 -0.9659331
vn -0.9659306 0 -0.2588013
vn -0.9659252 0 0.2588216
vn -0.7071038 -6.749334E-07 0.7071098
vn -0.7071068 -1.25585E-07 0.7071068
vn -0.258801 0 0.9659307
vn 0.2588003 0 0.9659309
vn 0.7071247 -2.29684E-06 -0.7070889
vn -0.7071093 0 0.7071043
vn 0.707107 0 -0.7071066
vn 0 1 0
vn 0 1 0
vn 0 1 0
vn 0 1 0
vn 0 1 0
vn 0 1 0
vn 0 1 0
vn 0 1 0
vn 0 1 0
vn 0 1 0
vn 0 1 0
vn 0 1 0
vn 0 1 0
vn 0 1 0
vn 0 1 0
vn 0 1 0
vn 0 1 0
vn 0 1 0
vn 0 1 0
vn 0 1 0
vn 0 1 0
vn 0 1 0
vn 0 1 0
vn 0 1 0
vn 0 1 0
vn 0 1 0
vn 0 1 0
vn 0 1 0
vn 0 1 0
vn 0 1 0
vn 0 1 0
vn 0 1 0
vn 0 1 0
vn -0.2588436 8.006686E-06 -0.9659193
vn -0.7071083 1.557181E-06 -0.7071052
vn -0.9659247 -6.384749E-07 -0.2588232
vn -0.9659388 -1.71261E-05 0.2587705
vn -0.7070566 1.447364E-05 0.707157
vn -0.2588176 -1.220569E-06 0.9659262
vn 0.2588364 7.170554E-06 0.9659212
vn 0.7071083 0 0.7071052
vn 0.9659349 3.00336E-06 0.2587854
vn 0.9659241 3.011204E-06 -0.2588255
vn 0.7071271 -1.177199E-05 -0.7070864
vn 0.2588023 7.401606E-06 -0.9659303
vn -0.258884 0 -0.9659084
vn -0.2587939 0 -0.9659325
vn -0.707104 0 -0.7071096
vn -0.9659257 1.934206E-07 -0.2588195
vn -0.9659266 0 -0.258816
vn -0.965925 -3.483172E-07 0.2588222
vn -0.9659222 1.261007E-06 0.2588325
vn -0.9659276 1.502663E-06 0.2588123
vn -0.7072529 -3.325976E-05 0.7069607
vn -0.707117 2.323676E-06 0.7070966
vn -0.7070958 -4.865446E-06 0.7071178
vn -0.2588087 2.137066E-06 0.9659286
vn 0.2587954 -9.893136E-06 0.9659321
vn 0.2587951 0 0.9659322
vn 0.96592 0 0.2588406
vn 0.9659246 0 0.2588238
vn 0.9659253 1.67633E-06 -0.2588211
vn 0.9659469 3.80614E-06 -0.2587403
vn 0.7070767 1.497926E-05 -0.7071369
vn 0.7071071 2.013416E-06 -0.7071065
vn 0.7073355 3.271085E-05 -0.706878
vn 0.2588711 -1.513708E-05 -0.9659119
vn 0.2588049 0 -0.9659296
vn -0.2588159 -1.22879E-06 -0.9659267
vn -0.2588136 -1.344322E-06 -0.9659273
vn -0.9659216 0 -0.2588349
vn -0.9659286 9.228327E-07 -0.2588086
vn -0.965929 -5.303324E-07 0.2588075
vn -0.965929 0 0.2588075
vn -0.9659205 -9.519945E-07 0.2588388
vn -0.7071116 0 0.707102
vn -0.7071268 0 0.7070868
vn -0.2589674 -5.637703E-06 0.9658861
vn -0.2588039 3.137465E-06 0.9659299
vn 0.2588244 0 0.9659244
vn 0.9659255 -3.831925E-07 0.2588205
vn 0.9659269 -2.377719E-06 0.2588151
vn 0.9659271 2.428593E-07 -0.258814
vn 0.9658877 0 -0.2589615
vn 0.7071168 0 -0.7070968
vn 0.7070898 0 -0.7071238
vn 0.2587399 1.464007E-05 -0.965947
vn 0.2588336 -1.325855E-07 -0.9659219
vn -0.9659262 0 0.2588176
vn -0.2587507 0 0.9659442
vn -0.2587954 8.139669E-06 0.9659321
vn -0.2588334 -5.603301E-06 0.9659219
vn 0.9659247 1.38383E-06 -0.2588229
vn 0.2588265 0 -0.9659238
vn 0.9659311 0 -0.2587997
vn 0 1 0
vn 0 1 0
vn 0 1 0
vn 0 1 0
vn 0 1 0
vn 0 1 0
vn 0 1 0
vn 0 1 0
vn 0 1 0
vn 0 1 0
vn 0 1 0
vn 0 1 0
vn 0 1 0
vn 0 1 0
vn 0 1 0
vn 0 1 0
vn 0 1 0
vn 0 1 0
vn 0 1 0
vn 0 1 0
vn 0 1 0
vn 0 1 0
vn 0 1 0
vn 0 1 0
vn 0 1 0
vn 0 1 0
vn 0 1 0
vn 0 1 0
vn -0.2588163 0 -0.9659265
vn -0.7071073 0 -0.7071063
vn -0.9659256 -1.305667E-06 -0.2588198
vn -0.9659256 0 0.2588198
vn -0.7071066 0 0.707107
vn -0.2588163 -5.501968E-07 0.9659265
vn 0.2588164 0 0.9659265
vn 0.7071065 1.769933E-06 0.707107
vn 0.9659263 0 0.2588171
vn 0.9659263 -5.813425E-07 -0.2588171
vn 0.7071072 0 -0.7071063
vn 0.2588164 0 -0.9659265
vn -0.2598644 -0.000445567 -0.965645
vn -0.2588224 -8.754594E-07 -0.9659249
vn -0.966143 0.00036689 -0.2580067
vn -0.9659263 1.108593E-06 -0.2588173
vn -0.2588144 0 0.9659271
vn 0.7071025 0 0.707111
vn 0.9659297 0 0.2588044
vn 0.9659256 9.480021E-07 -0.2588202
vn -0.2588195 0 -0.9659258
vn -0.9659254 0 -0.2588206
vn 0.9659289 0 -0.2588077
vn 0 1 0
vn 0 1 0
vn 0 1 0
vn 0 1 0
vn 0 1 0
vn 0 1 0
vn 0 1 0
vn 0 1 0
vn 0 1 0
vn 0 1 0
vn 0 1 0
vn 0 1 0
vn 0 1 0
vn 0 1 0
vn 0 1 0
vn 0 1 0
vn 0 1 0
vn 0 1 0
vn 0 1 0
vn 0 1 0
vn 0 1 0
vn 0 1 0
vn 0 1 0
vn 0 1 0
vn 0 1 0
vn 0 1 0
vn 0 1 0
vn 0 1 0
vn 0 1 0
vn 0 1 0
vn 0 1 0
vn 0 1 0
vn 0 1 0
vn 0 1 0
vn 0 1 0
vn 0 1 0
vn 0 1 0
vn 0 1 0
vn 0 1 0
vn 0 1 0
vn 0 1 0
vn 0 1 0
vn 0 1 0
vn 0 1 0
vn 0 1 0
vn 0 1 0
vn 0 1 0
vn 0 1 0
vn 0 1 0
vn 0 1 0
vn 0 1 0
vn 0 1 0
vn 0 1 0
vn 0 1 0
vn 0 1 0
vn 0 1 0
vn 0 1 0
vn 0 1 0
vn 0 1 0
vn 0 1 0
vn 0 1 0
vn 0 1 0
vn 0 1 0
vn 0 1 0
vn 0 1 0
vn 0 1 0
vn 0 1 0
vn 0 1 0
vn 0 1 0
vn 0 1 0
vn 0 1 0
vn 0 1 0
vn 0 1 0
vn 0 1 0
vn 0 1 0
vn 0 1 0
vn 0 1 0
vn 0 1 0
vn 0 1 0
vn 0 1 0
vn 0 1 0
vn 0 1 0
vn 0 1 0
vn 0 1 0
vn 0 1 0
vn 0 1 0
vn 0 1 0
vn -0.2588165 0 -0.9659265
vn -0.7071068 0 -0.7071068
vn -0.9659259 -7.727725E-07 -0.2588189
vn -0.9660079 -3.602724E-05 0.2585124
vn -0.7071479 -2.413236E-05 0.7070656
vn -0.2588165 -2.133097E-06 0.9659265
vn 0.2588443 6.601281E-06 0.9659191
vn 0.7071064 0 0.7071071
vn 0.9659343 8.839814E-06 0.2587877
vn 0.9659257 0 -0.2588195
vn 0.7070888 4.315311E-06 -0.7071249
vn 0.258786 1.425974E-05 -0.9659347
vn -0.2590058 0 -0.9658757
vn -0.965945 4.03019E-06 -0.2587472
vn -0.9658585 2.721225E-05 0.25907
vn -0.9659432 2.753065E-05 0.2587543
vn -0.7066152 0.0002623136 0.7075979
vn -0.7070922 -2.509168E-07 0.7071213
vn -0.7071205 2.192658E-06 0.707093
vn -0.2587925 4.419139E-06 0.9659329
vn 0.258739 -1.218546E-05 0.9659473
vn 0.2588204 -1.051199E-06 0.9659255
vn 0.965923 -2.481212E-06 0.2588298
vn 0.9659112 1.0852E-05 0.2588736
vn 0.9659331 3.435413E-06 -0.2587917
vn 0.7070876 4.578795E-06 -0.707126
vn 0.7071341 -3.460092E-06 -0.7070795
vn 0.7075368 0.0001868621 -0.7066764
vn 0.2588182 -2.587555E-06 -0.9659261
vn 0.2591811 0 -0.9658287
vn -0.9659265 0 -0.2588164
vn -0.9659252 0 0.2588213
vn -0.9656224 -0.0004645974 0.2599484
vn -0.7071068 5.0234E-07 0.7071068
vn -0.706956 0 0.7072576
vn -0.2593678 -3.082446E-05 0.9657786
vn -0.2587183 1.368005E-05 0.9659529
vn 0.2588223 0 0.9659249
vn 0.2588057 0 0.9659294
vn 0.9659334 0 0.2587907
vn 0.965927 0 0.2588147
vn 0.965914 -7.334257E-06 -0.2588632
vn 0.9658878 -6.230012E-06 -0.2589607
vn 0.7070786 0 -0.707135
vn 0.7072054 1.52013E-05 -0.7070081
vn 0.2582051 0.0003146956 -0.9660901
vn -0.9659234 -2.35117E-06 0.2588282
vn -0.7071 2.833151E-06 0.7071135
vn -0.7070337 2.666375E-05 0.7071798
vn -0.2588417 -3.448888E-06 0.9659197
vn -0.258691 2.430938E-05 0.9659601
vn -0.2589301 -2.028206E-05 0.9658961
vn 0.965919 -6.135193E-06 -0.2588443
vn 0.965938 1.074279E-05 -0.2587737
vn 0.965926 -6.730142E-08 -0.2588185
vn 0.7070787 -5.613292E-06 -0.7071348
vn 0.7070979 -5.439882E-07 -0.7071157
vn 0.2588683 -1.949663E-05 -0.9659126
vn -0.9659269 1.354396E-06 0.2588149
vn -0.9659265 0 0.2588167
vn -0.7071105 0 0.7071031
vn -0.7072316 -5.239932E-05 0.7069818
vn -0.7070705 1.653693E-05 0.7071431
vn -0.707096 5.247796E-06 0.7071176
vn -0.2587588 0 0.965942
vn 0.9659266 0 -0.2588161
vn 0.7070926 -5.371353E-06 -0.707121
vn 0.7072024 2.655338E-05 -0.7070111
vn 0.7071068 7.5351E-07 -0.7071068
vn 0.7071144 0 -0.7070992
vn 0.2587615 8.643799E-06 -0.9659413
vn 0.2588152 1.444694E-06 -0.9659268
vn -0.9659197 -9.360027E-06 0.258842
vn -0.9659752 7.39766E-05 0.258635
vn -0.9659294 2.107618E-06 0.2588057
vn 0.2588324 0 -0.9659223
vn 0.2588172 -3.015492E-06 -0.9659263
vn 0.2587679 2.490251E-05 -0.9659395
vn 0.2587716 2.306255E-05 -0.9659386
vn -0.9659109 -8.940591E-06 0.2588749
vn -0.9659583 1.562753E-05 0.2586977
vn 0.2587419 1.739137E-05 -0.9659465
vn 0.2591558 -8.276456E-05 -0.9658355
vn 0 1 0
vn 0 1 0
vn 0 1 0
vn 0 1 0
vn 0 1 0
vn 0 1 0
vn 0 1 0
vn 0 1 0
vn 0 1 0
vn 0 1 0
vn 0 1 0
vn 0 1 0
vn 0 1 0
vn 0 1 0
vn 0 1 0
vn 0 1 0
vn 0 1 0
vn 0 1 0
vn 0 1 0
vn 0 1 0
vn 0 1 0
vn 0 1 0
vn 0 1 0
vn 0 1 0
vn 0 1 0
vn 0 1 0
vn 0 1 0
vn 0 1 0
vn 0 1 0
vn 0 1 0
vn 0 1 0
vn 0 1 0
vn 0 1 0
vn 0 1 0
vn 0 1 0
vn 0 1 0
vn 0 1 0
vn 0 1 0
vn 0 1 0
vn 0 1 0
vn 0 1 0
vn 0 1 0
vn 0 1 0
vn 0 1 0
vn 0 1 0
vn 0 1 0
vn 0 1 0
vn 0 1 0
vn -0.2587273 -1.267075E-05 -0.9659504
vn -0.7071065 -2.35934E-07 -0.7071071
vn -0.9659265 0 -0.2588163
vn -0.9659265 0 0.2588165
vn -0.7071308 -3.670957E-06 0.7070827
vn -0.2588176 -8.708781E-07 0.9659262
vn 0.2588176 4.96742E-07 0.9659262
vn 0.7071168 8.267768E-07 0.7070967
vn 0.9659255 0 0.2588203
vn 0.9659255 1.405932E-07 -0.2588201
vn 0.7071068 -2.00936E-06 -0.7071068
vn 0.2588437 -1.124847E-05 -0.9659192
vn -0.2588629 0 -0.9659141
vn -0.2588238 -2.324959E-06 -0.9659246
vn -0.258832 0 -0.9659224
vn -0.7071197 8.900442E-06 -0.7070938
vn -0.7070943 0 0.7071192
vn -0.7070997 -4.154196E-06 0.7071138
vn -0.258882 -3.195487E-05 0.965909
vn 0.2589399 6.109166E-05 0.9658934
vn 0.7071068 -2.5117E-07 0.7071068
vn 0.7071389 -1.144474E-06 0.7070746
vn 0.9659296 -1.945766E-06 -0.2588051
vn 0.7069045 4.89317E-05 -0.7073091
vn 0.7071037 7.476112E-07 -0.7071099
vn 0.7071669 2.170005E-05 -0.7070467
vn 0.2587339 2.223096E-05 -0.9659486
vn 0.2587889 7.666935E-06 -0.9659339
vn 0.2587263 -8.786617E-06 -0.9659507
vn -0.2586808 2.948252E-05 -0.9659629
vn -0.7071192 5.079979E-06 -0.7070943
vn -0.7071103 1.443714E-06 0.7071032
vn -0.2589066 -2.765368E-05 0.9659023
vn 0.2586721 -1.383032E-05 0.9659652
vn 0.7071234 0 0.7070901
vn 0.7071021 8.482161E-07 0.7071115
vn 0.7070821 4.427725E-06 0.7071315
vn 0.7071126 0 0.707101
vn 0.9659234 6.247744E-07 -0.2588279
vn 0.9659265 -8.027449E-08 -0.2588162
vn 0.9659252 1.223688E-06 -0.2588214
vn 0.7071083 0 -0.7071052
vn 0.707158 0 -0.7070556
vn 0.2590588 -5.458683E-05 -0.9658616
vn 0.2588454 0 -0.9659187
vn -0.2588668 -1.03974E-05 -0.9659131
vn -0.7071058 0 -0.7071078
vn -0.7070113 -4.762059E-05 -0.7072023
vn -0.7070704 -1.737449E-05 -0.7071432
vn -0.7071425 1.454304E-05 0.707071
vn -0.7071204 5.042647E-06 0.7070932
vn -0.7071157 0 0.7070978
vn -0.2588229 0 0.9659248
vn -0.2587298 3.017948E-05 0.9659498
vn -0.2588716 -2.122048E-05 0.9659117
vn -0.2587648 2.219027E-05 0.9659404
vn 0.2588454 0 0.9659187
vn 0.2589812 1.930032E-05 0.9658824
vn 0.2588032 -1.858513E-06 0.9659301
vn 0.7072021 -3.306495E-05 0.7070115
vn 0.7070193 3.515756E-05 0.7071942
vn 0.9659272 0 -0.258814
vn 0.9659237 3.508877E-06 -0.2588268
vn 0.9659242 2.662584E-06 -0.258825
vn 0.7071156 2.964772E-06 -0.707098
vn 0.7070583 -4.889693E-06 -0.7071553
vn 0.2588063 0 -0.9659293
vn -0.2586974 2.994973E-05 -0.9659584
vn -0.7073199 5.225698E-05 -0.7068936
vn -0.7071002 -3.683821E-06 -0.7071134
vn -0.7070676 -1.133181E-05 0.7071459
vn -0.7072769 3.180265E-05 0.7069365
vn -0.2586958 1.918405E-05 0.9659589
vn 0.2587859 -1.257083E-05 0.9659347
vn 0.2589051 3.070403E-05 0.9659027
vn -0.2588744 -1.74704E-05 -0.965911
vn -0.7070338 -2.47073E-05 -0.7071797
vn -0.7070536 -1.473284E-05 0.7071599
vn -0.2588509 -6.5314E-06 0.9659173
vn -0.2587519 2.578273E-05 -0.9659438
vn -0.2588648 -1.453373E-05 -0.9659136
vn -0.7069763 -3.995359E-05 -0.7072372
vn -0.7071151 2.808998E-06 -0.7070985
vn -0.7071891 3.213771E-05 -0.7070245
vn -0.7071068 0 -0.7071068
vn -0.7072737 5.140721E-05 0.7069399
vn -0.7069368 -5.693847E-05 0.7072768
vn -0.7070104 -2.49591E-05 0.7072031
vn -0.7070775 -8.103436E-06 0.707136
vn -0.2587784 6.806969E-06 0.9659367
vn -0.2588233 -2.469079E-06 0.9659246
vn -0.2587664 1.416541E-05 0.96594
vn -0.2588504 -8.846394E-06 0.9659174
vn 0 1 0
vn 0 1 0
vn 0 1 0
vn 0 1 0
vn 0 1 0
vn 0 1 0
vn 0 1 0
vn 0 1 0
vn 0 1 0
vn 0 1 0
vn 0 1 0
vn 0 1 0
vn 0 1 0
vn 0 1 0
vn 0 1 0
vn 0 1 0
vn 0 1 0
vn 0 1 0
vn 0 1 0
vn 0 1 0
vn 0 1 0
vn 0 1 0
vn 0 1 0
vn 0 1 0
vn 0 1 0
vn 0 1 0
vn 0 1 0
vn 0 1 0
vn 0 1 0
vn 0 1 0
vn 0 1 0
vn 0 1 0
vn 0 1 0
vn 0 1 0
vn 0 1 0
vn 0 1 0
vn 0 1 0
vn 0 1 0
vn 0 1 0
vn 0 1 0
vn 0 1 0
vn 0 1 0
vn 0 1 0
vn 0 1 0
vn 0 1 0
vn 0 1 0
vn 0 1 0
vn 0 1 0
vn 0 1 0
vn 0 1 0
vn 0 1 0
vn 0 1 0
vn 0 1 0
vn 0 1 0
vn 0 1 0
vn 0 1 0
vn 0 1 0
vn 0 1 0
vn 0 1 0
vn 0 1 0
vn 0 1 0
vn 0 1 0
vn 0 1 0
vn 0 1 0
vn 0 1 0
vn 0 1 0
vn 0 1 0
vn 0 1 0
vn 0 1 0
vn 0 1 0
vn 0 1 0
vn 0 1 0
vn 0 1 0
vn 0 1 0
vn 0 1 0
vn 0 1 0
vn 0 1 0
vn 0 1 0
vn 0 1 0
vn 0 1 0
vn 0 1 0
vn 0 1 0
vn 0 1 0
vn 0 1 0
vn 0 1 0
vn -0.2588171 0 -0.9659263
vn -0.7071065 1.255829E-07 -0.7071071
vn -0.9659259 0 -0.2588189
vn -0.9659258 5.633855E-07 0.258819
vn -0.7070988 2.399609E-06 0.7071148
vn -0.2588178 2.894499E-08 0.9659262
vn 0.2587916 -2.134254E-06 0.9659332
vn 0.7071068 0 0.7071068
vn 0.9659257 -1.034516E-07 0.2588197
vn 0.9659244 1.904013E-06 -0.2588242
vn 0.7071068 -2.26053E-06 -0.7071068
vn 0.2588038 3.902006E-06 -0.9659299
vn -0.2588315 -1.41724E-06 -0.9659224
vn -0.707115 3.265242E-06 -0.7070985
vn -0.7069488 -3.72857E-05 -0.7072647
vn -0.9659325 0 -0.2587941
vn -0.9659294 -4.5987E-06 0.2588056
vn -0.7071437 -4.052885E-06 0.7070699
vn -0.7071033 -1.26708E-06 0.7071103
vn -0.2589049 -3.807067E-05 0.9659028
vn 0.2588162 0 0.9659266
vn 0.2588367 -7.988017E-06 0.9659211
vn 0.258838 -8.494746E-06 0.9659208
vn 0.965923 -4.792184E-06 0.2588295
vn 0.9659261 3.945133E-07 -0.2588182
vn 0.9659348 -6.236241E-06 -0.2587855
vn 0.965925 1.059588E-06 -0.258822
vn 0.7070524 3.450242E-05 -0.7071612
vn 0.2588447 -8.612717E-06 -0.965919
vn 0.2589042 5.567861E-06 -0.965903
vn -0.2587366 1.908811E-05 -0.9659479
vn -0.2588475 -1.064245E-05 -0.9659182
vn -0.2589072 0 -0.9659023
vn -0.2588016 2.752536E-06 -0.9659305
vn -0.7071013 0 -0.7071122
vn -0.9659188 4.413938E-06 0.258845
vn -0.9659542 -1.132604E-05 0.258713
vn -0.965932 -7.484248E-06 0.258796
vn -0.9659258 5.064668E-07 0.2588189
vn -0.7071187 -1.308692E-06 0.7070948
vn -0.7070149 -1.082104E-05 0.7071988
vn -0.2588218 -2.307701E-06 0.965925
vn -0.259666 -0.0003840018 0.9656984
vn -0.2576766 0.0005095152 0.9662311
vn 0.2587762 1.120631E-05 0.9659373
vn 0.2588423 -7.925381E-06 0.9659196
vn 0.9659274 1.951285E-06 0.2588132
vn 0.965925 3.181158E-07 0.2588219
vn 0.9659249 9.171916E-07 -0.2588227
vn 0.9659306 -2.413592E-06 -0.2588015
vn 0.9658791 -2.249533E-05 -0.2589932
vn 0.9660509 5.720027E-05 -0.2583519
vn 0.9659211 0 -0.2588366
vn 0.7073945 -0.0001697861 -0.7068189
vn 0.7071003 2.547062E-06 -0.7071133
vn 0.2589225 6.367148E-07 -0.9658981
vn 0.2588058 0 -0.9659294
vn -0.7070912 -9.359881E-07 -0.7071224
vn -0.7071289 4.359729E-06 -0.7070847
vn -0.9658177 7.425491E-06 0.2592223
vn -0.7070906 0 0.707123
vn -0.707065 -1.500987E-05 0.7071486
vn -0.7073511 7.056813E-05 0.7068623
vn -0.7071168 6.844667E-08 0.7070968
vn -0.2586046 0 0.9659833
vn -0.2589738 -2.614923E-05 0.9658843
vn 0.2586806 2.354853E-05 0.9659629
vn 0.9659238 0 0.2588263
vn 0.9659253 -8.184094E-07 -0.2588209
vn 0.7071068 2.00936E-06 -0.7071068
vn 0.2590541 0 -0.9658628
vn 0.2592912 -8.517216E-05 -0.9657992
vn 0.2587385 1.689089E-05 -0.9659474
vn -0.965938 0 0.2587738
vn -0.9659341 -4.303221E-06 0.2587882
vn -0.7071068 1.50702E-06 0.7071068
vn -0.7077979 0.0002006148 0.7064149
vn -0.7071157 0 0.7070979
vn -0.2588964 -1.358488E-05 0.9659051
vn -0.2588204 1.678312E-06 0.9659255
vn 0.2588271 0 0.9659237
vn 0.2588302 -7.178802E-08 0.9659228
vn 0.9659214 0 -0.2588355
vn 0.7072042 -2.728597E-05 -0.7070094
vn 0.7071068 2.00936E-06 -0.7071068
vn 0.2587797 4.999944E-06 -0.9659364
vn 0.2589204 -1.95194E-05 -0.9658987
vn -0.9658651 1.239209E-05 0.2590454
vn -0.9659447 -2.365108E-06 0.2587485
vn -0.2588212 -2.243794E-06 0.9659252
vn -0.2587706 3.165329E-06 0.9659387
vn -0.2587928 1.000123E-05 0.9659328
vn -0.258767 1.909604E-05 0.9659398
vn 0.7071182 -2.254172E-06 -0.7070954
vn 0.7069196 8.034736E-05 -0.7072938
vn 0.7070838 1.077865E-05 -0.7071298
vn -0.2588106 3.644588E-06 0.9659281
vn -0.258943 -3.47566E-05 0.9658926
vn 0.7070136 0 -0.7072
vn 0.7070911 2.929177E-06 -0.7071224
vn 0.7072626 -1.814789E-05 -0.706951
vn 0 1 0
vn 0 1 0
vn 0 1 0
vn 0 1 0
vn 0 1 0
vn 0 1 0
vn 0 1 0
vn 0 1 0
vn 0 1 0
vn 0 1 0
vn 0 1 0
vn 0 1 0
vn 0 1 0
vn 0 1 0
vn 0 1 0
vn 0 1 0
vn 0 1 0
vn 0 1 0
vn 0 1 0
vn 0 1 0
vn 0 1 0
vn 0 1 0
vn 0 1 0
vn 0 1 0
vn 0 1 0
vn 0 1 0
vn 0 1 0
vn 0 1 0
vn 0 1 0
vn 0 1 0
vn 0 1 0
vn 0 1 0
vn 0 1 0
vn 0 1 0
vn 0 1 0
vn 0 1 0
vn 0 1 0
vn 0 1 0
vn 0 1 0
vn 0 1 0
vn 0 1 0
vn 0 1 0
vn 0 1 0
vn 0 1 0
vn -0.2588169 -1.92213E-06 -0.9659264
vn -0.7071419 1.032912E-05 -0.7070717
vn -0.9659255 0 -0.2588202
vn -0.9659249 1.709994E-06 0.2588225
vn -0.7070626 2.970262E-05 0.7071509
vn -0.2587188 1.097668E-05 0.9659526
vn 0.2588171 1.390512E-06 0.9659263
vn 0.7071068 -8.79095E-07 0.7071068
vn 0.9659255 7.041631E-07 0.2588204
vn 0.9659255 2.479529E-07 -0.2588203
vn 0.7070984 4.279835E-06 -0.7071152
vn 0.2588084 -2.244179E-07 -0.9659287
vn -0.2588212 1.807749E-07 -0.9659253
vn -0.70711 0 -0.7071036
vn -0.7071059 0 -0.7071077
vn -0.7070935 2.547959E-06 -0.7071201
vn -0.9659249 1.688918E-06 0.2588225
vn -0.9659321 -3.613539E-06 0.2587957
vn -0.9659234 0 0.258828
vn -0.7071068 1.130265E-06 0.7071068
vn -0.7073114 0 0.7069021
vn -0.2588469 -2.305475E-06 0.9659184
vn -0.2588697 1.746121E-05 0.9659122
vn 0.2587513 -2.216582E-05 0.965944
vn 0.7070469 -1.273337E-05 0.7071667
vn 0.7070949 0 0.7071187
vn 0.9659235 0 0.2588277
vn 0.9659281 -1.929043E-06 0.2588103
vn 0.9658862 3.518268E-06 -0.2589668
vn 0.9659255 -1.470719E-07 -0.2588203
vn 0.7071163 -2.47798E-06 -0.7070972
vn 0.7071177 0 -0.7070958
vn 0.2587781 4.176835E-06 -0.9659368
vn 0.2588723 1.112385E-05 -0.9659115
vn -0.2588096 -3.245366E-06 -0.9659284
vn -0.258858 4.843777E-06 -0.9659154
vn -0.9659293 -1.802498E-06 0.2588061
vn -0.7071086 6.281237E-07 0.707105
vn -0.7071169 -5.590209E-06 0.7070966
vn -0.7070732 1.416128E-05 0.7071403
vn -0.2587509 0 0.9659441
vn -0.2588309 4.405013E-06 0.9659227
vn -0.2588207 2.21722E-06 0.9659255
vn 0.2588237 0 0.9659246
vn 0.707106 -4.209454E-08 0.7071075
vn 0.7071233 7.995511E-06 0.7070903
vn 0.9659215 0 0.2588353
vn 0.9659286 -2.239105E-06 0.2588085
vn 0.9659319 0 -0.2587966
vn 0.9659234 1.081321E-06 -0.2588281
vn 0.965929 -8.117637E-07 -0.2588071
vn 0.9659258 0 -0.2588191
vn 0.7071003 0 -0.7071133
vn 0.2588297 0 -0.965923
vn 0.2586466 -3.660905E-05 -0.965972
vn 0.2588007 0 -0.9659307
vn -0.2587776 0 -0.965937
vn -0.9659234 0 0.2588281
vn -0.7071132 0 0.7071003
vn -0.2587834 0 0.9659354
vn 0.7071068 0 0.7071068
vn 0.7071087 1.949226E-06 0.7071048
vn 0.7071058 8.875866E-07 0.7071078
vn 0.2588864 1.838883E-05 -0.9659078
vn 0.2588504 9.446759E-06 -0.9659174
vn 0 1 0
vn 0 1 0
vn 0 1 0
vn 0 1 0
vn 0 1 0
vn 0 1 0
vn 0 1 0
vn 0 1 0
vn 0 1 0
vn 0 1 0
vn 0 1 0
vn 0 1 0
vn 0 1 0
vn 0 1 0
vn 0 1 0
vn 0 1 0
vn 0 1 0
vn 0 1 0
vn 0 1 0
vn 0 1 0
vn 0 1 0
vn 0 1 0
vn 0 1 0
vn 0 1 0
vn 0 1 0
vn 0 1 0
vn 0 1 0
vn 0 1 0
vn 0 1 0
vn 0 1 0
vn 0 1 0
vn 0 1 0
vn 0 1 0
vn 0 1 0
vn 0 1 0
vn 0 1 0
vn 0 1 0
vn 0 1 0
vn 0 1 0
vn 0 1 0
vn 0 1 0
vn 0 1 0
vn 0 1 0
vn 0 1 0
vn 0 1 0
vn 0 1 0
vn 0 1 0
vn 0 1 0
vn 0 1 0
vn 0 1 0
vn 0 1 0
vn 0 1 0
vn 0 1 0
vn 0 1 0
vn 0 1 0
vn 0 1 0
vn 0 1 0
vn 0 1 0
vn 0 1 0
vn 0 1 0
vn 0 1 0
vn 0 1 0
vn 0 1 0
vn 0 1 0
vn 0 1 0
vn 0 1 0
vn 0 1 0
vn 0 1 0
vn 0 1 0
vn 0 1 0
vn 0 1 0
vn 0 1 0
vn 0 1 0
vn 0 1 0
vn 0 1 0
vn 0 1 0
vn 0 1 0
vn 0 1 0
vn 0 1 0
vn 0 1 0
vn 0 1 0
vn 0 1 0
vn 0 1 0
vn 0 1 0
vn 0 1 0
vn 0 1 0
vn 0 1 0
vn 0 1 0
vn 0 1 0
vn 0 1 0
vn 0 1 0
vn 0 1 0
vn 0 1 0
vn 0 1 0
vn 0 1 0
vn 0 1 0
vn 0 1 0
vn 0 1 0
vn 0 0 0
vn 0 1 0
vn 0 1 0
vn 0 1 0
vn 0 1 0
vn 0 1 0
vn 0 1 0
vn 0 1 0
vn 0 1 0
vn 0 1 0
vn 0 1 0
vn 0 1 0
vn 0 1 0
vn 0 1 0
vn 0 1 0
vn 0 1 0
vn 0 1 0
vn 0 1 0
vn 0 1 0
vn 0 1 0
vn 0 1 0
vn 0 1 0
vn 0 1 0
vn 0 1 0
vn 0 1 0
vn 0 1 0
vn 0 1 0
vn 0 1 0
vn 0 1 0
vn 0 1 0
vn 0 1 0
vn 0 1 0
vn 0 1 0
vn 0 1 0
vn 0 1 0
vn 0 1 0
vn 0 1 0
vn 0 1 0
vn 0 1 0
vn 0 1 0
vn 0 1 0
vn 0 1 0
vn 0 1 0
vn 0 1 0
vn 0 1 0
vn 0 1 0
vn 0 1 0
vn 0 1 0
vn 0 1 0
vn 0 1 0
vn 0 1 0
vn 0 1 0
vn 0 1 0
vn 0 1 0
vn 0 1 0
vn 0 1 0
vn 0 1 0
vn 0 1 0
vn 0 1 0
vn 0 1 0
vn 0 1 0
vn 0 1 0
vn 0 1 0
vn 0 1 0
vn 0 1 0
vn 0 1 0
vn 0 1 0
vn 0 1 0
vn 0 1 0
vn 0 1 0
vn 0 1 0
vn 0 1 0
vn 0 1 0
vn 0 1 0
vn 0 1 0
vn 0 1 0
vn 0 1 0
vn 0 1 0
vn 0 1 0
vn 0 1 0
vn 0 1 0
vn 0 1 0
vn 0 1 0
vn 0 1 0
vn 0 1 0
vn 0 1 0
vn 0 1 0
vn 0 1 0
vn 0 1 0
vn 0 1 0
vn 0 1 0
vn 0 1 0
vn 0 1 0
vn 0 1 0
vn 0 1 0
vn 0 1 0
vn 0 1 0
vn 0 1 0
vn 0 1 0
vn 0 1 0
vn 0 1 0
vn 0 1 0
vn 0 1 0
vn 0 1 0
vn 0 1 0
vn 0 1 0
vn 0 1 0
vn 0 1 0
vn 0 1 0
vn 0 1 0
vn 0 1 0
vn 0 1 0
vn 0 1 0
vn 0 1 0
vn 0 1 0
vn 0 1 0
vn 0 1 0
vn 0 1 0
vn 0 1 0
vn 0 1 0
vn 0 1 0
vn 0 1 0
vn 0 1 0
vn 0 1 0
vn 0 1 0
vn 0 1 0
vn 0 1 0
vn 0 1 0
vn 0 1 0
vn 0 1 0
vn 0 1 0
vn 0 1 0
vn 0 1 0
vn 0 1 0
vn 0 1 0
vn 0 1 0
vn 0 1 0
vn 0 1 0
vn 0 1 0
vn 0 1 0
vn 0 1 0
vn 0 1 0
vn 0 1 0
vn 0 1 0
vn 0 1 0
vn 0 1 0
vn 0 1 0
vn 0 1 0
vn -0.258816 0 -0.9659266
vn -0.7071096 0 -0.707104
vn -0.9659253 0 -0.2588211
vn -0.9659251 5.818108E-07 0.2588218
vn -0.7070728 1.198738E-05 0.7071408
vn -0.2589298 -2.094844E-05 0.9658962
vn 0.2588179 0 0.9659261
vn 0.7071081 0 0.7071054
vn 0.9659251 -6.593107E-07 0.2588218
vn 0.9659336 -1.448327E-05 -0.25879
vn 0.7070802 1.000093E-05 -0.7071334
vn 0.2588153 0 -0.9659268
vn -0.9659255 0 0.2588205
vn -0.7071239 0 0.7070896
vn -0.7071068 0 0.7071068
vn -0.2588079 0 0.9659288
vn -0.2587994 -3.654164E-06 0.9659311
vn 0.9659258 0 0.2588194
vn 0.9659249 1.966484E-06 -0.2588225
vn 0.9659249 0 -0.2588229
vn 0.7071245 -4.971321E-06 -0.7070891
vn 0.7071135 1.382379E-06 -0.7071001
vn 0.7071068 0 -0.7071068
vn -0.7071373 0 0.7070763
vn -0.706986 -9.978139E-06 0.7072276
vn -0.2590912 7.90607E-05 0.9658528
vn -0.2588183 0 0.965926
vn -0.2588112 -1.087857E-06 0.9659279
vn 0.965958 -4.31029E-05 -0.2586991
vn 0.9659206 1.37638E-06 -0.2588389
vn 0.9658504 0.0001167937 -0.2591003
vn 0.7067286 3.888433E-05 -0.7074848
vn 0.7071544 -3.769531E-06 -0.7070591
vn 0.7071068 0 -0.7071068
vn -0.2588151 -2.188315E-06 0.9659269
vn -0.2587688 -1.655995E-05 0.9659393
vn 0.9659224 0 -0.2588319
vn 0.9659056 3.002308E-05 -0.2588945
vn 0.965942 -2.870527E-05 -0.2587588
vn 0.7070895 0 -0.7071241
vn 0 1 0
vn 0 1 0
vn 0 1 0
vn 0 1 0
vn 0 1 0
vn 0 1 0
vn 0 1 0
vn 0 1 0
vn 0 1 0
vn 0 1 0
vn 0 1 0
vn 0 1 0
vn 0 1 0
vn 0 1 0
vn 0 1 0
vn 0 1 0
vn 0 1 0
vn -0.258816 0 -0.9659266
vn -0.7071075 0 -0.7071061
vn -0.965926 0 -0.2588185
vn -0.9659258 0 0.2588192
vn -0.7071075 1.353301E-06 0.7071061
vn -0.2588185 0 0.965926
vn 0.2588185 0 0.965926
vn 0.7071075 -2.250543E-07 0.7071061
vn 0.9659258 0 0.2588192
vn 0.965926 0 -0.2588185
vn 0.7071068 0 -0.7071068
vn 0.2588163 0 -0.9659265
vn -0.7071135 0 0.7071
vn 0.707108 0 0.7071056
vn 0 1 0
vn 0 1 0
vn 0 1 0
vn 0 1 0
vn 0 1 0
vn 0 1 0
vn 0 1 0
vn 0 1 0
vn 0 1 0
vn 0 1 0
vn 0 1 0
vn 0 1 0
vn 0 1 0
vn 0 1 0
vn 0 1 0
vn 0 1 0
vn -0.2588162 0 -0.9659266
vn -0.7071071 0 -0.7071065
vn -0.9659258 0 -0.2588192
vn -0.9659256 0 0.2588198
vn -0.7071071 0 0.7071065
vn -0.2588187 -1.027697E-06 0.9659259
vn 0.2588189 1.403751E-06 0.9659259
vn 0.7071068 5.0234E-07 0.7071068
vn 0.9659258 0 0.2588192
vn 0.965926 0 -0.2588185
vn 0.7071068 -5.0234E-07 -0.7071068
vn 0.2588163 0 -0.9659265
vn -0.2588165 0 0.9659265
vn 0.2588147 0 0.965927
vn 0.7071048 0 0.7071089
vn 0.7071061 0 -0.7071076
vn 0 1 0
vn 0 1 0
vn 0 1 0
vn 0 1 0
vn 0 1 0
vn 0 1 0
vn 0 1 0
vn 0 1 0
vn 0 1 0
vn 0 1 0
vn 0 1 0
vn 0 1 0
vn 0 1 0
vn 0 1 0
vn 0 1 0
vn 0 1 0
vn 0 1 0
vn 0 1 0
vn 0 1 0
vn 0 1 0
vn 0 1 0
vn 0 1 0
vn 0 1 0
vn 0 1 0
vn 0 1 0
vn 0 1 0
vn 0 1 0
vn 0 1 0
vn 0 1 0
vn 0 1 0
vn 0 1 0
vn -0.258816 0 -0.9659266
vn -0.7071074 -8.53099E-07 -0.7071062
vn -0.9659261 0 -0.2588179
vn -0.9659259 -1.127381E-06 0.2588186
vn -0.7071072 1.461793E-06 0.7071064
vn -0.2588185 -1.666374E-07 0.965926
vn 0.2588185 0 0.965926
vn 0.7071073 -5.239232E-07 0.7071062
vn 0.9659259 3.301626E-07 0.2588186
vn 0.9659261 -4.499906E-07 -0.2588179
vn 0.7071075 -1.995931E-06 -0.7071061
vn 0.2588163 0 -0.9659265
vn -0.2588383 -7.674758E-06 -0.9659207
vn -0.707127 0 -0.7070866
vn -0.7071013 0 -0.7071121
vn -0.9659248 0 0.2588231
vn -0.7071099 0 0.7071037
vn -0.258819 0 0.9659259
vn -0.2588179 1.524272E-07 0.9659261
vn 0.2589031 0 0.9659033
vn 0.2588108 3.875009E-06 0.9659281
vn 0.7071085 0 0.7071051
vn 0.9659255 0 0.2588201
vn 0.9659259 -5.299425E-08 -0.2588188
vn 0.707101 0 -0.7071125
vn 0.7071208 0 -0.7070927
vn -0.258812 0 -0.9659277
vn 0.9659266 0 -0.2588158
vn 0.9659227 1.651363E-06 -0.2588307
vn 0 1 0
vn 0 1 0
vn 0 1 0
vn 0 1 0
vn 0 1 0
vn 0 1 0
vn 0 1 0
vn 0 1 0
vn 0 1 0
vn 0 1 0
vn 0 1 0
vn 0 1 0
vn 0 1 0
vn 0 1 0
vn 0 1 0
vn 0 1 0
vn 0 1 0
vn 0 1 0
vn 0 1 0
vn 0 1 0
vn 0 1 0
vn 0 1 0
vn 0 1 0
vn 0 1 0
vn 0 1 0
vn 0 1 0
vn -0.2588163 6.957441E-07 -0.9659265
vn -0.7071066 0 -0.707107
vn -0.9659258 -4.980602E-07 -0.2588195
vn -0.9659255 4.32588E-07 0.2588202
vn -0.7071066 0 0.707107
vn -0.2588189 6.069139E-07 0.9659259
vn 0.2588189 -2.584118E-06 0.9659259
vn 0.7071065 0 0.707107
vn 0.9659262 6.432473E-07 0.2588175
vn 0.9659264 5.31172E-07 -0.2588168
vn 0.7071065 -1.461798E-07 -0.707107
vn 0.2588164 0 -0.9659265
vn -0.2588137 0 -0.9659272
vn -0.9659263 0 -0.2588174
vn -0.9659283 0 0.2588097
vn -0.2588218 0 0.965925
vn 0.2589633 4.611295E-05 0.9658872
vn 0.7071106 0 0.7071031
vn 0.7071022 2.369441E-06 0.7071114
vn 0.9659252 0 0.2588213
vn 0.965927 0 -0.2588145
vn 0.7071056 0 -0.7071079
vn 0.2588157 0 0.9659267
vn 0 1 0
vn 0 1 0
vn 0 1 0
vn 0 1 0
vn 0 1 0
vn 0 1 0
vn 0 1 0
vn 0 1 0
vn 0 1 0
vn 0 1 0
vn 0 1 0
vn 0 1 0
vn 0 1 0
vn 0 1 0
vn 0 1 0
vn 0 1 0
vn 0 1 0
vn 0 1 0
vn 0 1 0
vn 0 1 0
vn 0 1 0
vn 0 1 0
vn 0 1 0
vn 0 1 0
vn 0 1 0
vn -0.2588162 0 -0.9659266
vn -0.7071057 -3.715892E-06 -0.7071079
vn -0.9659256 -8.720824E-07 -0.2588198
vn -0.9659255 0 0.2588205
vn -0.7071068 1.00468E-06 0.7071068
vn -0.2588187 0 0.9659259
vn 0.258819 -2.283255E-06 0.9659258
vn 0.7071064 2.651301E-06 0.7071071
vn 0.9659256 -4.947846E-07 0.2588198
vn 0.9659258 -3.370723E-08 -0.2588192
vn 0.7071064 0 -0.7071071
vn 0.2588165 -5.842195E-07 -0.9659265
vn -0.7071269 0 -0.7070867
vn -0.7070804 0 -0.7071332
vn -0.9659263 0 -0.2588173
vn -0.707117 0 0.7070965
vn 0.2588269 0 0.9659237
vn 0.7070982 0 0.7071152
vn 0.9659254 0 0.2588206
vn 0.9659271 4.538647E-07 0.2588142
vn 0.9659258 0 -0.2588193
vn 0.2588135 0 -0.9659273
vn 0 1 0
vn 0 1 0
vn 0 1 0
vn 0 1 0
vn 0 1 0
vn 0 1 0
vn 0 1 0
vn 0 1 0
vn 0 1 0
vn 0 1 0
vn 0 1 0
vn 0 1 0
vn 0 1 0
vn 0 1 0
vn 0 1 0
vn 0 1 0
vn 0 1 0
vn 0 1 0
vn 0 1 0
vn 0 1 0
vn 0 1 0
vn 0 1 0
vn 0 1 0
vn 0 1 0
vn 0 1 0
vn 0 1 0
vn -0.2588163 0 -0.9659265
vn -0.7071068 -2.00936E-06 -0.7071068
vn -0.965926 0 -0.2588185
vn -0.9659258 0 0.2588192
vn -0.7071061 2.772818E-07 0.7071075
vn -0.2588189 1.095771E-06 0.9659259
vn 0.2588189 1.276589E-06 0.9659259
vn 0.7071068 5.0234E-07 0.7071068
vn 0.9659255 -3.086367E-07 0.2588205
vn 0.9659256 8.535109E-07 -0.2588198
vn 0.7071068 0 -0.7071068
vn 0.2588163 -2.496472E-06 -0.9659265
vn -0.2588191 0 -0.9659258
vn -0.7072008 0 -0.7070128
vn -0.7070982 0 -0.7071152
vn -0.7071068 0 0.7071068
vn -0.2588251 0 0.9659242
vn 0.2588165 0 0.9659265
vn 0.7071425 1.770458E-05 0.7070711
vn 0.9659258 0 0.2588194
vn 0.9659262 0 -0.2588174
vn 0.2587969 0 -0.9659317
vn 0.7071047 0 0.707109
vn 0 1 0
vn 0 1 0
vn 0 1 0
vn 0 1 0
vn 0 1 0
vn 0 1 0
vn 0 1 0
vn 0 1 0
vn 0 1 0
vn 0 1 0
vn 0 1 0
vn 0 1 0
vn 0 1 0
vn 0 1 0
vn 0 1 0
vn 0 1 0
vn 0 1 0
vn 0 1 0
vn 0 1 0
vn 0 1 0
vn 0 1 0
vn 0 1 0
vn 0 1 0
vn 0 1 0
vn -0.2588167 0 -0.9659265
vn -0.7071055 0 -0.7071082
vn -0.965926 0 -0.2588185
vn -0.9659258 0 0.2588193
vn -0.7071055 0 0.7071082
vn -0.2588193 0 0.9659258
vn 0.2588185 0 0.965926
vn 0.7071068 0 0.7071068
vn 0.9659258 0 0.2588193
vn 0.965926 0 -0.2588185
vn 0.7071068 0 -0.7071068
vn 0.258816 0 -0.9659266
vn -0.965926 0 -0.2588185
vn -0.7071055 0 0.7071082
vn -0.2588193 0 0.9659258
vn 0.9659258 0 0.2588193
vn 0.7071068 0 -0.7071068
vn 0.258816 0 -0.9659266
vn -0.2588193 0 0.9659258
vn -0.2588193 0 0.9659258
vn 0.9659258 0 0.2588193
vn 1 0 0
vn -1 0 0
vn 0 -1 0
vn 0 0 -1
vn 0 0 1
vn 0 1 0
vn 0 1 0
vn 0 1 0
vn 0 1 0
vn 0 1 0
vn 0 1 0
vn 0 1 0
vn 0 1 0
vn 0 1 0
vn 0 1 0
vn 0 1 0
vn 0 1 0
vn 0 1 0
vn 0 1 0
vn 0 1 0
vn 0 1 0
vn 0 1 0
vn 0 1 0
vn 0 1 0
vn 0 1 0
vn 0 1 0
vn 0 1 0
vn 0 1 0
vn 0 1 0
vn 0 1 0
vn 0 1 0
vn 0 1 0
vn 0 1 0
vn -0.7778668 0.6284292 0
vn 0.5831299 0.7487838 -0.3150912
vn 0.2680354 0.9435228 -0.1947352
vn 0 0.7778689 -0.6284267
vn -0.2680354 0.9435228 -0.1947352
vn 0 0.9341733 -0.3568195
vn 0.2680354 0.9435228 0.1947352
vn -0.2680354 0.9435228 0.1947352
vn 0 0.7778689 0.6284267
vn 0 0.9341734 0.3568195
vn 0.5831299 0.7487838 0.3150912
vn 0.7778668 0.6284292 0
vn -0.5831299 0.7487838 -0.3150911
vn -0.5831299 0.7487838 0.3150911
vn -0.194739 0.2680344 -0.9435223
vn -0.9435221 0.1947388 -0.2680354
vn -0.9435221 0.1947388 0.2680353
vn -0.9341722 0.3568226 0
vn -0.194739 0.2680344 0.9435223
vn 0.7487837 0.3150936 -0.5831287
vn 0.3150949 0.5831292 -0.7487827
vn 0.5773512 0.5773502 -0.5773496
vn 0.3150949 0.5831292 0.7487827
vn 0.7487836 0.3150936 0.5831287
vn 0.5773511 0.5773502 0.5773495
vn 0.943522 0.1947389 0.2680353
vn 0.943522 0.1947389 -0.2680353
vn 0.9341721 0.3568228 0
vn 0.194739 0.2680344 -0.9435223
vn -0.3150949 0.5831292 -0.7487828
vn -0.7487837 0.3150935 -0.5831288
vn -0.5773511 0.5773502 -0.5773496
vn -0.3150949 0.5831292 0.7487828
vn -0.7487836 0.3150935 0.5831288
vn -0.5773511 0.5773502 0.5773497
vn 0.194739 0.2680344 0.9435223
vn -0.9435221 0.1947388 0.2680353
vn 0.7487836 0.3150936 0.5831287
vn 0.9341721 0.3568228 0
vn 0.194739 0.2680344 0.9435223
vn 1 0 0
vn -1 0 0
vn 0 -1 0
vn 0 0 -1
vn 0 0 1
vn 0 1 0
vn 0 1 0
vn 0 1 0
vn 0 1 0
vn 0 1 0
vn 0 1 0
vn 0 1 0
vn 0 1 0
vn 0 1 0
vn 0 1 0
vn 0 1 0
vn 0 1 0
vn 0 1 0
vn 0 1 0
vn 0 1 0
vn 0 1 0
vn 0 1 0
vn 0 1 0
vn 0 1 0
vn 0 1 0
vn 0 1 0
vn 0 1 0
vn 0 1 0
vn 0 1 0
vn 0 1 0
vn 0 1 0
vn 0 1 0
vn 0 1 0
vn -0.7778668 0.6284292 0
vn 0.5831299 0.7487838 -0.3150912
vn 0.2680354 0.9435228 -0.1947352
vn 0 0.7778689 -0.6284267
vn -0.2680354 0.9435228 -0.1947352
vn 0 0.9341733 -0.3568195
vn 0.2680354 0.9435228 0.1947352
vn -0.2680354 0.9435228 0.1947352
vn 0 0.7778689 0.6284267
vn 0 0.9341734 0.3568195
vn 0.5831299 0.7487838 0.3150912
vn 0.7778668 0.6284292 0
vn -0.5831299 0.7487838 -0.3150911
vn -0.5831299 0.7487838 0.3150911
vn -0.194739 0.2680344 -0.9435223
vn -0.9435221 0.1947388 -0.2680354
vn -0.9435221 0.1947388 0.2680353
vn -0.9341722 0.3568226 0
vn -0.194739 0.2680344 0.9435223
vn 0.7487837 0.3150936 -0.5831287
vn 0.3150949 0.5831292 -0.7487827
vn 0.5773512 0.5773502 -0.5773496
vn 0.3150949 0.5831292 0.7487827
vn 0.7487836 0.3150936 0.5831287
vn 0.5773511 0.5773502 0.5773495
vn 0.943522 0.1947389 0.2680353
vn 0.943522 0.1947389 -0.2680353
vn 0.9341721 0.3568228 0
vn 0.194739 0.2680344 -0.9435223
vn -0.3150949 0.5831292 -0.7487828
vn -0.7487837 0.3150935 -0.5831288
vn -0.5773511 0.5773502 -0.5773496
vn -0.3150949 0.5831292 0.7487828
vn -0.7487836 0.3150935 0.5831288
vn -0.5773511 0.5773502 0.5773497
vn 0.194739 0.2680344 0.9435223
vn -0.9435221 0.1947388 0.2680353
vn 0.7487836 0.3150936 0.5831287
vn 0.9341721 0.3568228 0
vn 0.194739 0.2680344 0.9435223
vn 1 0 0
vn -1 0 0
vn 0 -1 0
vn 0 0 -1
vn 0 0 1
vn 0 1 0
vn 0 1 0
vn 0 1 0
vn 0 1 0
vn 0 1 0
vn 0 1 0
vn 0 1 0
vn 0 1 0
vn 0 1 0
vn 0 1 0
vn 0 1 0
vn 0 1 0
vn 0 1 0
vn 0 1 0
vn 0 1 0
vn 0 1 0
vn 0 1 0
vn 0 1 0
vn 0 1 0
vn 0 1 0
vn 0 1 0
vn 0 1 0
vn 0 1 0
vn 0 1 0
vn 0 1 0
vn 0 1 0
vn 0 1 0
vn 0 1 0
vn -0.7778668 0.6284292 0
vn 0.5831299 0.7487838 -0.3150912
vn 0.2680354 0.9435228 -0.1947352
vn 0 0.7778689 -0.6284267
vn -0.2680354 0.9435228 -0.1947352
vn 0 0.9341733 -0.3568195
vn 0.2680354 0.9435228 0.1947352
vn -0.2680354 0.9435228 0.1947352
vn 0 0.7778689 0.6284267
vn 0 0.9341734 0.3568195
vn 0.5831299 0.7487838 0.3150912
vn 0.7778668 0.6284292 0
vn -0.5831299 0.7487838 -0.3150911
vn -0.5831299 0.7487838 0.3150911
vn -0.194739 0.2680344 -0.9435223
vn -0.9435221 0.1947388 -0.2680354
vn -0.9435221 0.1947388 0.2680353
vn -0.9341722 0.3568226 0
vn -0.194739 0.2680344 0.9435223
vn 0.7487837 0.3150936 -0.5831287
vn 0.3150949 0.5831292 -0.7487827
vn 0.5773512 0.5773502 -0.5773496
vn 0.3150949 0.5831292 0.7487827
vn 0.7487836 0.3150936 0.5831287
vn 0.5773511 0.5773502 0.5773495
vn 0.943522 0.1947389 0.2680353
vn 0.943522 0.1947389 -0.2680353
vn 0.9341721 0.3568228 0
vn 0.194739 0.2680344 -0.9435223
vn -0.3150949 0.5831292 -0.7487828
vn -0.7487837 0.3150935 -0.5831288
vn -0.5773511 0.5773502 -0.5773496
vn -0.3150949 0.5831292 0.7487828
vn -0.7487836 0.3150935 0.5831288
vn -0.5773511 0.5773502 0.5773497
vn 0.194739 0.2680344 0.9435223
vn -0.9435221 0.1947388 0.2680353
vn 0.7487836 0.3150936 0.5831287
vn 0.9341721 0.3568228 0
vn 0.194739 0.2680344 0.9435223
vn 1 0 0
vn -1 0 0
vn 0 -1 0
vn 0 1 0
vn 0 0 -1
vn 0 0 1
vn 1 0 0
vn -1 0 0
vn 0 -1 0
vn 0 1 0
vn 0 0 -1
vn 0 0 1
vn 1 0 0
vn -1 0 0
vn 0 -1 0
vn 0 0 -1
vn 0 0 1
vn 0 1 6.848737E-06
vn 0 1 -2.07063E-06
vn 1.939855E-05 1 0
vn -4.545097E-06 1 0
vn -4.545097E-06 1 0
vn -4.545097E-06 1 0
vn 0 1 -2.07063E-06
vn 0 1 -2.07063E-06
vn 0 1 6.848737E-06
vn 0 1 6.848737E-06
vn 0 1 0
vn 0 1 0
vn -1 0 0
vn 1 0 0
vn 0 0 1
vn 0 0 -1
vn 0 0 1
vn 0 0 -1
vn 0 0 1
vn 0.5 0 0.8660254
vn 0.8660254 0 0.5
vn 1 0 -4.371139E-08
vn 0.8660254 0 -0.5000001
vn 0.5000001 0 -0.8660254
vn -8.742278E-08 0 -1
vn -0.5000002 0 -0.8660253
vn -0.8660254 0 -0.4999999
vn -1 0 1.192488E-08
vn -0.8660254 0 0.4999999
vn -0.4999998 0 0.8660256
vn 0 1 0
vn 0 -1 0
vn 0 0 1
vn 0.5 0 0.8660254
vn 0.8660254 0 0.5
vn 1 0 -4.371139E-08
vn 0.8660254 0 -0.5000001
vn 0.5000001 0 -0.8660254
vn -8.742278E-08 0 -1
vn -0.5000002 0 -0.8660253
vn -0.8660254 0 -0.4999999
vn -1 0 1.192488E-08
vn -0.8660254 0 0.4999999
vn -0.4999998 0 0.8660256
vn 0 1 0
vn 0 -1 0
vn 0 0 1
vn 0.5 0 0.8660254
vn 0.8660254 0 0.5
vn 1 0 -4.371139E-08
vn 0.8660254 0 -0.5000001
vn 0.5000001 0 -0.8660254
vn -8.742278E-08 0 -1
vn -0.5000002 0 -0.8660253
vn -0.8660254 0 -0.4999999
vn -1 0 1.192488E-08
vn -0.8660254 0 0.4999999
vn -0.4999998 0 0.8660256
vn 0 1 0
vn 0 -1 0
usemtl mat8
f 4//1 3//1 2//1 1//1
f 8//2 7//2 6//2 5//2
f 2//3 8//3 5//3 1//3
f 5//4 6//4 4//4 1//4
f 3//5 7//5 8//5 2//5
f 10//6 9//6 7//6 3//6
f 11//7 3//7 4//7
f 11//8 12//8 3//8
f 14//9 13//9 7//9
f 16//10 4//10 15//10
f 10//11 3//11 17//11
f 18//12 4//12 16//12
f 11//13 4//13 18//13
f 19//14 7//14 9//14
f 19//15 20//15 7//15
f 20//16 14//16 7//16
f 7//17 13//17 21//17
f 6//18 7//18 21//18
f 23//19 6//19 22//19
f 25//20 24//20 6//20
f 27//21 26//21 4//21 6//21
f 3//22 12//22 28//22
f 17//23 3//23 28//23
f 6//24 21//24 29//24
f 22//25 6//25 30//25
f 31//26 6//26 23//26
f 25//27 6//27 31//27
f 6//28 24//28 32//28
f 6//29 32//29 27//29
f 4//30 26//30 33//30
f 6//31 29//31 30//31
f 15//32 4//32 34//32
f 4//33 33//33 34//33
f 37//34 36//34 35//34
f 40//35 39//35 38//35
f 40//36 38//36 41//36
f 43//37 42//37 38//37
f 37//38 41//38 42//38
f 38//39 42//39 41//39
f 40//40 41//40 44//40
f 37//41 45//41 41//41
f 46//42 44//42 45//42
f 41//43 45//43 44//43
f 40//44 44//44 47//44
f 40//45 47//45 39//45
f 37//46 42//46 36//46
f 37//47 35//47 45//47
f 43//48 9//48 10//48
f 36//49 12//49 11//49
f 15//50 35//50 16//50
f 35//51 36//51 11//51 18//51
f 46//52 26//52 27//52
f 39//53 13//53 14//53
f 43//54 38//54 20//54 19//54
f 38//55 39//55 14//55 20//55
f 44//56 46//56 24//56 25//56
f 22//57 47//57 23//57
f 47//58 44//58 25//58 31//58
f 47//59 22//59 30//59
f 39//60 21//60 13//60
f 21//61 39//61 47//61 29//61
f 43//62 19//62 9//62
f 42//63 43//63 10//63 17//63
f 36//64 28//64 12//64
f 36//65 42//65 17//65 28//65
f 46//66 45//66 33//66 26//66
f 35//67 15//67 34//67
f 45//68 35//68 34//68 33//68
f 24//69 46//69 32//69
f 18//70 16//70 35//70
f 31//71 23//71 47//71
f 30//72 29//72 47//72
f 27//73 32//73 46//73
usemtl mat21
f 51//74 50//74 49//74 48//74
f 55//75 54//75 53//75 52//75
f 57//76 56//76 52//76 48//76
f 52//77 53//77 51//77 48//77
f 56//78 58//78 55//78 52//78
f 58//79 59//79 49//79 55//79
f 59//80 57//80 48//80 49//80
f 59//81 58//81 56//81 57//81
f 61//82 49//82 50//82 60//82
f 55//83 49//83 61//83
f 63//84 53//84 54//84 62//84
f 62//85 54//85 55//85 64//85
f 66//86 61//86 60//86 65//86
f 64//87 67//87 63//87 62//87
f 68//88 55//88 61//88
f 68//89 64//89 55//89
f 69//90 68//90 61//90 66//90
f 68//91 69//91 67//91 64//91
f 70//92 69//92 66//92 65//92
f 69//93 70//93 63//93 67//93
f 71//94 51//94 53//94
f 73//95 53//95 72//95
f 72//96 53//96 74//96
f 63//97 70//97 74//97
f 53//98 63//98 74//98
f 53//99 75//99 71//99
f 77//100 76//100 70//100 65//100
f 53//101 73//101 75//101
f 70//102 76//102 74//102
f 65//103 79//103 78//103
f 78//104 77//104 65//104
f 85//114 71//114 79//114 84//114
f 87//115 71//115 86//115
f 71//116 85//116 86//116
f 87//117 88//117 71//117
f 90//118 71//118 89//118
f 92//119 51//119 91//119
f 71//120 88//120 89//120
f 94//121 71//121 93//121
f 91//122 51//122 95//122
f 51//123 71//123 95//123
f 71//124 90//124 93//124
f 71//125 94//125 95//125
f 114//144 113//144 51//144
f 114//145 51//145 115//145
f 117//146 51//146 116//146
f 51//147 92//147 116//147
f 119//148 110//148 108//148 118//148
f 121//149 111//149 110//149 120//149
f 51//150 117//150 115//150
f 116//151 92//151 122//151
f 92//152 111//152 122//152
f 124//153 108//153 123//153
f 108//154 125//154 123//154
f 108//155 126//155 118//155
f 110//156 119//156 120//156
f 121//157 127//157 111//157
f 111//158 127//158 122//158
f 129//159 108//159 128//159
f 131//160 51//160 130//160
f 108//161 124//161 128//161
f 129//162 132//162 108//162
f 51//163 113//163 130//163
f 132//164 126//164 108//164
f 148//188 147//188 51//188
f 148//189 51//189 149//189
f 151//190 150//190 146//190 145//190
f 153//191 131//191 146//191 152//191
f 149//192 51//192 154//192
f 156//193 145//193 155//193
f 145//194 157//194 155//194
f 146//195 150//195 152//195
f 153//196 158//196 131//196
f 154//197 51//197 159//197
f 51//198 131//198 159//198
f 161//199 145//199 160//199
f 163//200 51//200 162//200
f 131//201 158//201 159//201
f 145//202 156//202 160//202
f 161//203 164//203 145//203
f 51//204 147//204 162//204
f 151//205 145//205 165//205
f 145//206 164//206 165//206
f 181//229 180//229 51//229
f 181//230 51//230 182//230
f 184//231 183//231 179//231 178//231
f 186//232 163//232 179//232 185//232
f 182//233 51//233 187//233
f 51//234 163//234 187//234
f 189//235 178//235 188//235
f 178//236 190//236 188//236
f 192//237 51//237 191//237
f 179//238 183//238 185//238
f 163//239 186//239 187//239
f 194//240 178//240 193//240
f 191//241 51//241 195//241
f 178//242 189//242 193//242
f 194//243 196//243 178//243
f 195//244 51//244 197//244
f 199//245 178//245 198//245
f 51//246 180//246 197//246
f 178//247 196//247 198//247
f 199//248 184//248 178//248
f 214//271 51//271 213//271
f 216//272 51//272 215//272
f 218//273 217//273 192//273 212//273
f 213//274 51//274 219//274
f 51//275 192//275 219//275
f 221//276 212//276 220//276
f 212//277 222//277 220//277
f 215//278 51//278 223//278
f 192//279 217//279 219//279
f 225//280 212//280 224//280
f 223//281 51//281 226//281
f 212//282 221//282 224//282
f 225//283 227//283 212//283
f 226//284 51//284 228//284
f 230//285 212//285 229//285
f 51//286 214//286 228//286
f 212//287 227//287 229//287
f 218//288 212//288 231//288
f 212//289 230//289 231//289
f 245//310 51//310 244//310
f 247//311 216//311 246//311
f 216//312 248//312 246//312
f 244//313 51//313 249//313
f 251//314 216//314 250//314
f 249//315 51//315 252//315
f 216//316 247//316 250//316
f 251//317 253//317 216//317
f 252//318 51//318 254//318
f 256//319 216//319 255//319
f 254//320 51//320 257//320
f 216//321 253//321 255//321
f 259//322 216//322 258//322
f 257//323 51//323 260//323
f 51//324 216//324 260//324
f 216//325 256//325 258//325
f 216//326 259//326 260//326
f 274//345 51//345 273//345
f 276//346 51//346 275//346
f 51//347 245//347 275//347
f 278//348 51//348 277//348
f 280//349 51//349 279//349
f 273//350 51//350 281//350
f 275//351 245//351 79//351 282//351
f 51//352 280//352 283//352
f 51//353 274//353 277//353
f 51//354 278//354 279//354
f 51//355 276//355 281//355
f 79//356 284//356 282//356
f 50//379 51//379 306//379
f 308//380 51//380 307//380
f 306//381 51//381 309//381
f 311//382 283//382 310//382
f 307//383 51//383 312//383
f 51//384 308//384 309//384
f 310//385 283//385 313//385
f 311//386 314//386 283//386
f 312//387 51//387 315//387
f 313//388 283//388 316//388
f 283//389 317//389 316//389
f 319//390 283//390 318//390
f 315//391 51//391 320//391
f 51//392 283//392 320//392
f 283//393 314//393 318//393
f 283//394 319//394 320//394
f 335//412 108//412 109//412 334//412
f 337//413 112//413 84//413 336//413
f 339//414 109//414 112//414 338//414
f 109//415 339//415 334//415
f 341//416 340//416 79//416
f 336//417 84//417 342//417
f 84//418 79//418 342//418
f 112//419 337//419 338//419
f 335//420 343//420 108//420
f 345//421 125//421 344//421
f 125//422 108//422 344//422
f 79//423 340//423 342//423
f 341//424 79//424 346//424
f 125//425 345//425 347//425
f 344//426 108//426 348//426
f 79//427 349//427 346//427
f 348//428 108//428 350//428
f 108//429 343//429 350//429
f 370//454 145//454 125//454 369//454
f 372//455 125//455 347//455 371//455
f 125//456 372//456 369//456
f 374//457 145//457 373//457
f 376//458 157//458 375//458
f 157//459 145//459 375//459
f 157//460 376//460 377//460
f 145//461 370//461 373//461
f 375//462 145//462 378//462
f 378//463 145//463 379//463
f 145//464 374//464 379//464
f 402//486 363//486 364//486 401//486
f 404//487 366//487 367//487 403//487
f 406//488 365//488 349//488 405//488
f 408//489 407//489 367//489 368//489
f 406//490 408//490 368//490 365//490
f 404//491 409//491 364//491 366//491
f 364//492 409//492 401//492
f 411//493 410//493 79//493
f 367//494 407//494 403//494
f 413//495 412//495 79//495
f 405//496 349//496 414//496
f 349//497 79//497 414//497
f 416//498 415//498 347//498 363//498
f 402//499 416//499 363//499
f 418//500 79//500 417//500
f 418//501 413//501 79//501
f 419//502 411//502 79//502
f 421//503 371//503 347//503 420//503
f 410//504 422//504 79//504
f 79//505 412//505 414//505
f 79//506 422//506 417//506
f 420//507 347//507 423//507
f 425//508 371//508 424//508
f 347//509 415//509 423//509
f 371//510 421//510 424//510
f 445//543 444//543 439//543 438//543
f 447//544 440//544 439//544 446//544
f 449//545 448//545 441//545 442//545
f 447//546 450//546 425//546 440//546
f 452//547 443//547 419//547 451//547
f 419//548 79//548 451//548
f 445//549 438//549 441//549 453//549
f 449//550 442//550 443//550 454//550
f 456//551 455//551 396//551 395//551
f 458//552 457//552 394//552 371//552
f 460//553 397//553 396//553 459//553
f 461//554 456//554 395//554 399//554
f 463//555 399//555 394//555 462//555
f 465//556 464//556 79//556
f 467//557 466//557 79//557
f 439//558 444//558 446//558
f 469//559 79//559 468//559
f 458//560 371//560 425//560 470//560
f 450//561 471//561 425//561
f 79//562 472//562 451//562
f 464//563 473//563 79//563
f 441//564 448//564 453//564
f 469//565 474//565 79//565
f 443//566 452//566 454//566
f 396//567 455//567 459//567
f 394//568 457//568 462//568
f 463//569 461//569 399//569
f 465//570 79//570 475//570
f 79//571 476//571 468//571
f 425//572 471//572 470//572
f 473//573 476//573 79//573
f 474//574 472//574 79//574
f 79//575 466//575 475//575
f 498//618 79//618 497//618
f 500//619 499//619 398//619 400//619
f 499//620 501//620 393//620 398//620
f 502//621 500//621 400//621 397//621
f 504//622 503//622 491//622 492//622
f 506//623 505//623 489//623 490//623
f 508//624 460//624 491//624 507//624
f 508//625 502//625 397//625 460//625
f 509//626 504//626 492//626 495//626
f 505//627 510//627 494//627 489//627
f 506//628 490//628 493//628 511//628
f 510//629 509//629 495//629 494//629
f 513//630 496//630 467//630 512//630
f 513//631 514//631 493//631 496//631
f 516//632 515//632 79//632
f 518//633 517//633 79//633
f 519//634 518//634 79//634
f 517//635 520//635 79//635
f 522//636 521//636 79//636
f 524//637 523//637 79//637
f 526//638 79//638 525//638
f 491//639 503//639 507//639
f 520//640 527//640 79//640
f 521//641 528//641 79//641
f 529//642 524//642 79//642
f 523//643 530//643 79//643
f 493//644 514//644 511//644
f 528//645 529//645 79//645
f 532//646 531//646 79//646
f 512//647 467//647 533//647
f 467//648 79//648 533//648
f 534//649 532//649 79//649
f 515//650 519//650 79//650
f 79//651 498//651 516//651
f 79//652 527//652 525//652
f 526//653 522//653 79//653
f 534//654 79//654 535//654
f 79//655 531//655 533//655
f 79//656 530//656 535//656
f 558//706 557//706 79//706
f 559//707 79//707 557//707
f 558//708 79//708 560//708
f 562//709 549//709 497//709 561//709
f 562//710 563//710 548//710 549//710
f 565//711 79//711 564//711
f 567//712 566//712 79//712
f 569//713 79//713 568//713
f 560//714 79//714 570//714
f 572//715 571//715 79//715
f 561//716 497//716 573//716
f 497//717 79//717 573//717
f 574//718 572//718 79//718
f 565//719 574//719 79//719
f 79//720 575//720 564//720
f 79//721 566//721 568//721
f 569//722 576//722 79//722
f 79//723 559//723 577//723
f 573//724 79//724 578//724
f 576//725 575//725 79//725
f 577//726 567//726 79//726
f 79//727 571//727 578//727
f 604//763 603//763 65//763
f 603//764 79//764 65//764
f 604//765 65//765 605//765
f 607//766 79//766 606//766
f 606//767 79//767 608//767
f 79//768 603//768 608//768
f 607//769 609//769 79//769
f 611//770 79//770 610//770
f 79//771 609//771 610//771
f 611//772 612//772 79//772
f 614//773 79//773 613//773
f 79//774 612//774 613//774
f 633//793 65//793 632//793
f 635//794 605//794 634//794
f 672//823 650//823 671//823
f 671//824 650//824 673//824
f 650//825 674//825 673//825
f 676//826 650//826 675//826
f 650//827 672//827 675//827
f 676//828 677//828 650//828
f 679//829 650//829 678//829
f 650//830 677//830 678//830
f 650//831 679//831 680//831
f 701//850 694//850 700//850
f 700//851 694//851 702//851
f 701//852 703//852 694//852
f 702//853 694//853 704//853
f 694//854 705//854 704//854
f 707//855 694//855 706//855
f 694//856 703//856 706//856
f 694//857 707//857 708//857
f 729//875 722//875 728//875
f 728//876 722//876 730//876
f 729//877 731//877 722//877
f 730//878 722//878 732//878
f 722//879 733//879 732//879
f 735//880 722//880 734//880
f 722//881 731//881 734//881
f 722//882 735//882 736//882
f 757//900 212//900 756//900
f 759//901 222//901 758//901
f 222//902 212//902 758//902
f 222//903 759//903 760//903
f 756//904 212//904 761//904
f 758//905 212//905 762//905
f 761//906 212//906 763//906
f 762//907 212//907 764//907
f 212//908 757//908 764//908
f 785//926 79//926 784//926
f 787//927 216//927 222//927 786//927
f 788//928 784//928 79//928
f 790//929 216//929 789//929
f 789//930 216//930 791//930
f 216//931 790//931 792//931
f 791//932 216//932 793//932
f 216//933 787//933 793//933
f 821//959 658//959 659//959 820//959
f 821//960 822//960 635//960 658//960
f 824//961 79//961 823//961
f 820//962 659//962 825//962
f 79//963 826//963 823//963
f 869//1001 298//1001 868//1001
f 871//1002 298//1002 870//1002
f 873//1003 699//1003 698//1003 872//1003
f 875//1004 680//1004 699//1004 874//1004
f 298//1005 871//1005 868//1005
f 870//1006 298//1006 876//1006
f 699//1007 873//1007 874//1007
f 915//1043 914//1043 694//1043 708//1043
f 917//1044 916//1044 696//1044 695//1044
f 918//1045 917//1045 695//1045 694//1045
f 920//1046 697//1046 696//1046 919//1046
f 922//1047 698//1047 697//1047 921//1047
f 915//1048 708//1048 923//1048
f 696//1049 916//1049 919//1049
f 920//1050 924//1050 697//1050
f 697//1051 924//1051 921//1051
f 698//1052 922//1052 925//1052
f 694//1053 914//1053 926//1053
f 928//1054 694//1054 927//1054
f 694//1055 926//1055 927//1055
f 928//1056 918//1056 694//1056
f 953//1084 750//1084 952//1084
f 952//1085 750//1085 954//1085
f 956//1086 750//1086 955//1086
f 954//1087 750//1087 957//1087
f 750//1088 958//1088 957//1088
f 750//1089 953//1089 955//1089
f 750//1090 956//1090 959//1090
f 981//1108 980//1108 50//1108
f 981//1109 50//1109 982//1109
f 50//1110 980//1110 983//1110
f 985//1111 974//1111 984//1111
f 984//1112 974//1112 986//1112
f 974//1113 985//1113 987//1113
f 986//1114 974//1114 988//1114
f 974//1115 989//1115 988//1115
f 1008//1132 1007//1132 50//1132
f 1008//1133 50//1133 1009//1133
f 1009//1134 50//1134 1010//1134
f 1012//1135 1002//1135 1011//1135
f 1011//1136 1002//1136 1013//1136
f 1002//1137 1012//1137 1014//1137
f 1013//1138 1002//1138 1015//1138
f 1002//1139 1016//1139 1015//1139
f 1036//1157 50//1157 1035//1157
f 50//1158 306//1158 1035//1158
f 1038//1159 333//1159 317//1159 1037//1159
f 50//1160 1036//1160 1039//1160
f 1041//1161 283//1161 1040//1161
f 1043//1162 317//1162 283//1162 1042//1162
f 1035//1163 306//1163 333//1163 1044//1163
f 317//1164 1045//1164 1037//1164
f 1038//1165 1046//1165 333//1165
f 1043//1166 1045//1166 317//1166
f 1042//1167 283//1167 1047//1167
f 333//1168 1046//1168 1044//1168
f 1047//1169 283//1169 1048//1169
f 283//1170 1041//1170 1048//1170
f 1067//1191 50//1191 1066//1191
f 50//1192 1039//1192 1066//1192
f 1069//1193 50//1193 1068//1193
f 1067//1194 1070//1194 50//1194
f 1072//1195 1040//1195 283//1195 1071//1195
f 1072//1196 1073//1196 1064//1196 1040//1196
f 1066//1197 1039//1197 1063//1197 1074//1197
f 1076//1198 1061//1198 1062//1198 1075//1198
f 50//1199 1070//1199 1068//1199
f 1078//1200 1077//1200 1063//1200 1061//1200
f 1071//1201 283//1201 1079//1201
f 1081//1202 1080//1202 1065//1202 1064//1202
f 1073//1203 1081//1203 1064//1203
f 1083//1204 1062//1204 1065//1204 1082//1204
f 1063//1205 1077//1205 1074//1205
f 1062//1206 1084//1206 1075//1206
f 1076//1207 1078//1207 1061//1207
f 1079//1208 283//1208 1085//1208
f 1065//1209 1080//1209 1082//1209
f 1083//1210 1084//1210 1062//1210
f 1108//1241 283//1241 297//1241 1107//1241
f 1110//1242 1109//1242 50//1242
f 1110//1243 50//1243 1111//1243
f 1113//1244 50//1244 1112//1244
f 1115//1245 1114//1245 50//1245
f 1117//1246 50//1246 1116//1246
f 50//1247 1069//1247 1116//1247
f 1119//1248 1085//1248 283//1248 1118//1248
f 1109//1249 1115//1249 50//1249
f 1119//1250 1120//1250 1100//1250 1085//1250
f 1107//1251 297//1251 1121//1251
f 1123//1252 1099//1252 1098//1252 1122//1252
f 1123//1253 1124//1253 1105//1253 1099//1253
f 50//1254 1117//1254 1111//1254
f 1126//1255 1125//1255 1103//1255 1104//1255
f 50//1256 1114//1256 1112//1256
f 1128//1257 1127//1257 1106//1257 1103//1257
f 1069//1258 1105//1258 1129//1258 1116//1258
f 1131//1259 1130//1259 1102//1259 1101//1259
f 283//1260 1108//1260 1118//1260
f 1127//1261 1132//1261 1098//1261 1106//1261
f 1126//1262 1104//1262 1102//1262 1133//1262
f 1120//1263 1131//1263 1101//1263 1100//1263
f 1098//1264 1132//1264 1122//1264
f 1129//1265 1105//1265 1134//1265
f 1125//1266 1128//1266 1103//1266
f 1102//1267 1130//1267 1133//1267
f 1105//1268 1124//1268 1134//1268
f 1157//1307 297//1307 1156//1307
f 1159//1308 297//1308 1158//1308
f 1157//1309 1160//1309 297//1309
f 1162//1310 1161//1310 297//1310
f 1159//1311 1162//1311 297//1311
f 1164//1312 50//1312 1163//1312
f 1166//1313 50//1313 1165//1313
f 50//1314 1113//1314 1165//1314
f 1164//1315 1167//1315 50//1315
f 1169//1316 1168//1316 50//1316
f 1167//1317 1169//1317 50//1317
f 1171//1318 50//1318 1170//1318
f 297//1319 1160//1319 1158//1319
f 1173//1320 1172//1320 297//1320
f 1173//1321 297//1321 1174//1321
f 1176//1322 1175//1322 1152//1322 1153//1322
f 50//1323 1166//1323 1163//1323
f 1165//1324 1113//1324 1152//1324 1177//1324
f 1176//1325 1153//1325 1155//1325 1178//1325
f 1180//1326 1179//1326 1148//1326 1149//1326
f 1172//1327 1181//1327 1121//1327 297//1327
f 1183//1328 1182//1328 1150//1328 1151//1328
f 1182//1329 1184//1329 1155//1329 1150//1329
f 1181//1330 1185//1330 1147//1330 1121//1330
f 1179//1331 1186//1331 1154//1331 1148//1331
f 1185//1332 1180//1332 1149//1332 1147//1332
f 1188//1333 1151//1333 1154//1333 1187//1333
f 50//1334 1168//1334 1170//1334
f 297//1335 1161//1335 1174//1335
f 1175//1336 1189//1336 1152//1336
f 1152//1337 1189//1337 1177//1337
f 1155//1338 1184//1338 1178//1338
f 1154//1339 1186//1339 1187//1339
f 1188//1340 1183//1340 1151//1340
f 1002//1391 1014//1391 1217//1391
f 1219//1392 1010//1392 50//1392 1218//1392
f 1221//1393 1220//1393 50//1393
f 1223//1394 1222//1394 50//1394
f 1224//1395 1223//1395 50//1395
f 1221//1396 50//1396 1225//1396
f 50//1397 1171//1397 1225//1397
f 1220//1398 1224//1398 50//1398
f 1227//1399 1204//1399 1156//1399 1226//1399
f 1229//1400 1228//1400 1031//1400 1030//1400
f 1231//1401 1032//1401 1031//1401 1230//1401
f 1233//1402 1232//1402 1029//1402 1010//1402
f 1234//1403 1229//1403 1030//1403 1029//1403
f 1228//1404 1235//1404 1031//1404
f 1237//1405 1010//1405 1236//1405
f 1235//1406 1230//1406 1031//1406
f 1232//1407 1234//1407 1029//1407
f 1237//1408 1233//1408 1010//1408
f 1239//1409 1014//1409 1033//1409 1238//1409
f 1217//1410 1014//1410 1240//1410
f 1242//1411 1241//1411 1033//1411
f 1244//1412 1203//1412 1202//1412 1243//1412
f 50//1413 1222//1413 1218//1413
f 1246//1414 1209//1414 1210//1414 1245//1414
f 1248//1415 1247//1415 1215//1415 1203//1415
f 1247//1416 1249//1416 1216//1416 1215//1416
f 1171//1417 1209//1417 1246//1417 1225//1417
f 1249//1418 1250//1418 1210//1418 1216//1418
f 1252//1419 1251//1419 1033//1419 1032//1419
f 1156//1420 1253//1420 1226//1420
f 1255//1421 1254//1421 1205//1421 1206//1421
f 1257//1422 1256//1422 1211//1422 1204//1422
f 1227//1423 1257//1423 1204//1423
f 1259//1424 1207//1424 1208//1424 1258//1424
f 1254//1425 1260//1425 1213//1425 1205//1425
f 1261//1426 1255//1426 1206//1426 1212//1426
f 1263//1427 1262//1427 1202//1427 1214//1427
f 1010//1428 1219//1428 1236//1428
f 1256//1429 1261//1429 1212//1429 1211//1429
f 1260//1430 1264//1430 1208//1430 1213//1430
f 1259//1431 1263//1431 1214//1431 1207//1431
f 1033//1432 1241//1432 1238//1432
f 1239//1433 1265//1433 1014//1433
f 1014//1434 1265//1434 1240//1434
f 1202//1435 1266//1435 1243//1435
f 1244//1436 1248//1436 1203//1436
f 1210//1437 1250//1437 1245//1437
f 1251//1438 1242//1438 1033//1438
f 1032//1439 1231//1439 1252//1439
f 1208//1440 1264//1440 1258//1440
f 1262//1441 1266//1441 1202//1441
f 1283//1496 178//1496 157//1496 1282//1496
f 1285//1497 178//1497 1284//1497
f 1283//1498 1286//1498 178//1498
f 1288//1499 178//1499 1287//1499
f 1290//1500 190//1500 1289//1500
f 190//1501 178//1501 1289//1501
f 178//1502 1286//1502 1284//1502
f 190//1503 1290//1503 1291//1503
f 178//1504 1285//1504 1287//1504
f 1289//1505 178//1505 1292//1505
f 1292//1506 178//1506 1293//1506
f 178//1507 1288//1507 1293//1507
f 1317//1531 1316//1531 212//1531 190//1531
f 1319//1532 1318//1532 212//1532
f 1319//1533 212//1533 1320//1533
f 1322//1534 1321//1534 780//1534 779//1534
f 1318//1535 1323//1535 763//1535 212//1535
f 1325//1536 781//1536 780//1536 1324//1536
f 1323//1537 1322//1537 779//1537 763//1537
f 1327//1538 1291//1538 1306//1538 1326//1538
f 1317//1539 190//1539 1291//1539 1328//1539
f 212//1540 1316//1540 1320//1540
f 1330//1541 1329//1541 782//1541 781//1541
f 1325//1542 1330//1542 781//1542
f 1332//1543 783//1543 782//1543 1331//1543
f 780//1544 1321//1544 1324//1544
f 1328//1545 1291//1545 1333//1545
f 1335//1546 1334//1546 596//1546
f 782//1547 1329//1547 1331//1547
f 783//1548 1332//1548 1336//1548
f 1291//1549 1327//1549 1333//1549
f 1367//1589 1366//1589 222//1589
f 1369//1590 777//1590 778//1590 1368//1590
f 1369//1591 1370//1591 760//1591 777//1591
f 1367//1592 222//1592 760//1592 1371//1592
f 1366//1593 1372//1593 786//1593 222//1593
f 1372//1594 1373//1594 808//1594 786//1594
f 1375//1595 812//1595 811//1595 1374//1595
f 1377//1596 1376//1596 810//1596 809//1596
f 1376//1597 1378//1597 811//1597 810//1597
f 1380//1598 1379//1598 818//1598 817//1598
f 1377//1599 809//1599 818//1599 1381//1599
f 1373//1600 1380//1600 817//1600 808//1600
f 1368//1601 778//1601 1382//1601
f 760//1602 1370//1602 1371//1602
f 1384//1603 1383//1603 814//1603 813//1603
f 1386//1604 1385//1604 785//1604 819//1604
f 1388//1605 79//1605 1387//1605
f 79//1606 785//1606 1387//1606
f 1383//1607 1386//1607 819//1607 814//1607
f 811//1608 1378//1608 1374//1608
f 1384//1609 813//1609 812//1609 1389//1609
f 1375//1610 1390//1610 812//1610
f 818//1611 1379//1611 1381//1611
f 785//1612 1385//1612 1387//1612
f 812//1613 1390//1613 1389//1613
f 1427//1663 650//1663 680//1663 1426//1663
f 1429//1664 1428//1664 897//1664 898//1664
f 1431//1665 899//1665 900//1665 1430//1665
f 1431//1666 1432//1666 912//1666 899//1666
f 1429//1667 898//1667 909//1667 1433//1667
f 1428//1668 1434//1668 910//1668 897//1668
f 1436//1669 895//1669 896//1669 1435//1669
f 1438//1670 1437//1670 900//1670 911//1670
f 1436//1671 1439//1671 908//1671 895//1671
f 1434//1672 1438//1672 911//1672 910//1672
f 1441//1673 1440//1673 896//1673 876//1673
f 1442//1674 650//1674 1427//1674
f 1439//1675 1443//1675 909//1675 908//1675
f 1432//1676 1444//1676 913//1676 912//1676
f 1444//1677 1445//1677 901//1677 913//1677
f 1447//1678 1446//1678 657//1678 656//1678
f 1449//1679 1448//1679 875//1679 902//1679
f 1426//1680 680//1680 1450//1680
f 680//1681 875//1681 1450//1681
f 1452//1682 1451//1682 654//1682 653//1682
f 1454//1683 1453//1683 652//1683 651//1683
f 900//1684 1437//1684 1430//1684
f 1455//1685 1454//1685 651//1685 650//1685
f 1451//1686 1456//1686 655//1686 654//1686
f 909//1687 1443//1687 1433//1687
f 1452//1688 653//1688 652//1688 1457//1688
f 1459//1689 1458//1689 656//1689 655//1689
f 896//1690 1440//1690 1435//1690
f 1460//1691 1447//1691 656//1691
f 1462//1692 1461//1692 652//1692
f 1463//1693 1459//1693 655//1693
f 1461//1694 1464//1694 652//1694
f 1465//1695 1460//1695 656//1695
f 1449//1696 902//1696 901//1696 1466//1696
f 1445//1697 1467//1697 901//1697
f 1468//1698 1463//1698 655//1698
f 1469//1699 1455//1699 650//1699
f 1470//1700 1469//1700 650//1700
f 657//1701 1446//1701 1471//1701
f 875//1702 1448//1702 1450//1702
f 1453//1703 1462//1703 652//1703
f 1456//1704 1468//1704 655//1704
f 652//1705 1464//1705 1457//1705
f 1465//1706 656//1706 1472//1706
f 901//1707 1467//1707 1466//1707
f 650//1708 1442//1708 1470//1708
f 656//1709 1458//1709 1472//1709
f 1488//1760 1487//1760 854//1760 855//1760
f 1487//1761 1489//1761 864//1761 854//1761
f 1491//1762 852//1762 853//1762 1490//1762
f 1493//1763 1492//1763 853//1763 862//1763
f 1495//1764 1494//1764 850//1764 851//1764
f 1495//1765 851//1765 861//1765 1496//1765
f 1498//1766 1497//1766 849//1766 848//1766
f 1491//1767 1499//1767 863//1767 852//1767
f 1494//1768 1493//1768 862//1768 850//1768
f 1497//1769 1500//1769 861//1769 849//1769
f 1498//1770 848//1770 826//1770 1501//1770
f 826//1771 79//1771 1501//1771
f 1499//1772 1488//1772 855//1772 863//1772
f 1503//1773 1502//1773 822//1773 865//1773
f 1505//1774 635//1774 1504//1774
f 635//1775 822//1775 1504//1775
f 853//1776 1492//1776 1490//1776
f 861//1777 1500//1777 1496//1777
f 1501//1778 79//1778 1506//1778
f 1503//1779 865//1779 864//1779 1507//1779
f 1489//1780 1508//1780 864//1780
f 822//1781 1502//1781 1504//1781
f 79//1782 1509//1782 1506//1782
f 864//1783 1508//1783 1507//1783
f 1539//1824 605//1824 635//1824 1538//1824
f 1539//1825 1540//1825 605//1825
f 1542//1826 628//1826 627//1826 1541//1826
f 1543//1827 1541//1827 627//1827 605//1827
f 1545//1828 1544//1828 1534//1828 1533//1828
f 1547//1829 1546//1829 1528//1829 1527//1829
f 1549//1830 1548//1830 1525//1830 1526//1830
f 1551//1831 1550//1831 1524//1831 1523//1831
f 1553//1832 1532//1832 1509//1832 1552//1832
f 1509//1833 79//1833 1552//1833
f 1544//1834 1554//1834 1537//1834 1534//1834
f 1548//1835 1547//1835 1527//1835 1525//1835
f 1553//1836 1555//1836 1536//1836 1532//1836
f 1554//1837 1556//1837 1530//1837 1537//1837
f 1546//1838 1545//1838 1533//1838 1528//1838
f 1550//1839 1549//1839 1526//1839 1524//1839
f 1555//1840 1551//1840 1523//1840 1536//1840
f 1540//1841 1543//1841 605//1841
f 1557//1842 635//1842 1505//1842
f 1557//1843 1538//1843 635//1843
f 1559//1844 1558//1844 1522//1844 1531//1844
f 1561//1845 1529//1845 1530//1845 1560//1845
f 1556//1846 1562//1846 1530//1846
f 1561//1847 1563//1847 1535//1847 1529//1847
f 1565//1848 1564//1848 629//1848 628//1848
f 1567//1849 1566//1849 630//1849 629//1849
f 1569//1850 1568//1850 631//1850 630//1850
f 1571//1851 1570//1851 614//1851 631//1851
f 1552//1852 79//1852 1572//1852
f 79//1853 614//1853 1572//1853
f 1573//1854 1565//1854 628//1854
f 1566//1855 1569//1855 630//1855
f 1575//1856 1574//1856 614//1856
f 1576//1857 1573//1857 628//1857
f 1564//1858 1567//1858 629//1858
f 1568//1859 1571//1859 631//1859
f 1570//1860 1575//1860 614//1860
f 1563//1861 1559//1861 1531//1861 1535//1861
f 1505//1862 1522//1862 1558//1862 1557//1862
f 1530//1863 1562//1863 1560//1863
f 628//1864 1542//1864 1576//1864
f 614//1865 1574//1865 1572//1865
f 1590//1906 1589//1906 778//1906 783//1906
f 1592//1907 1591//1907 1350//1907 1349//1907
f 1594//1908 1351//1908 1350//1908 1593//1908
f 1596//1909 1595//1909 1356//1909 1357//1909
f 1598//1910 1360//1910 1335//1910 1597//1910
f 1594//1911 1599//1911 1336//1911 1351//1911
f 1599//1912 1590//1912 783//1912 1336//1912
f 1601//1913 1600//1913 1361//1913 1362//1913
f 1595//1914 1602//1914 1363//1914 1356//1914
f 1604//1915 1603//1915 1365//1915 1364//1915
f 1602//1916 1601//1916 1362//1916 1363//1916
f 1598//1917 1596//1917 1357//1917 1360//1917
f 1603//1918 1592//1918 1349//1918 1365//1918
f 1600//1919 1604//1919 1364//1919 1361//1919
f 1606//1920 1605//1920 591//1920 601//1920
f 1608//1921 570//1921 79//1921 1607//1921
f 1608//1922 1606//1922 601//1922 570//1922
f 1605//1923 1609//1923 591//1923
f 1611//1924 1610//1924 1407//1924 1408//1924
f 1613//1925 1406//1925 1405//1925 1612//1925
f 1589//1926 1614//1926 1382//1926 778//1926
f 1616//1927 1615//1927 1415//1927 1416//1927
f 1617//1928 1611//1928 1408//1928 1422//1928
f 1610//1929 1618//1929 1417//1929 1407//1929
f 1618//1930 1619//1930 1423//1930 1417//1930
f 1621//1931 1620//1931 1411//1931 1412//1931
f 1623//1932 1409//1932 1410//1932 1622//1932
f 1623//1933 1624//1933 1420//1933 1409//1933
f 1626//1934 1625//1934 1418//1934 1419//1934
f 1628//1935 1627//1935 1410//1935 1425//1935
f 1619//1936 1629//1936 1424//1936 1423//1936
f 1613//1937 1616//1937 1416//1937 1406//1937
f 1614//1938 1630//1938 1405//1938 1382//1938
f 1615//1939 1617//1939 1422//1939 1415//1939
f 1624//1940 1631//1940 1421//1940 1420//1940
f 1632//1941 591//1941 1609//1941
f 1625//1942 1628//1942 1425//1942 1418//1942
f 1629//1943 1626//1943 1419//1943 1424//1943
f 1631//1944 1621//1944 1412//1944 1421//1944
f 1634//1945 593//1945 1633//1945
f 1636//1946 1635//1946 593//1946
f 1638//1947 1637//1947 593//1947
f 1350//1948 1591//1948 1593//1948
f 1640//1949 1639//1949 602//1949 593//1949
f 1642//1950 596//1950 602//1950 1641//1950
f 1597//1951 1335//1951 1643//1951
f 1335//1952 596//1952 1643//1952
f 1644//1953 1638//1953 593//1953
f 1634//1954 1644//1954 593//1954
f 1646//1955 1645//1955 593//1955
f 1647//1956 1640//1956 593//1956
f 1649//1957 1648//1957 593//1957
f 1645//1958 1647//1958 593//1958
f 1639//1959 1650//1959 602//1959
f 1635//1960 1649//1960 593//1960
f 1648//1961 1646//1961 593//1961
f 1652//1962 1651//1962 1403//1962 1404//1962
f 1653//1963 79//1963 1388//1963
f 1653//1964 1607//1964 79//1964
f 1651//1965 1654//1965 1414//1965 1403//1965
f 1655//1966 1652//1966 1404//1966 1413//1966
f 1657//1967 1656//1967 594//1967 592//1967
f 1659//1968 1658//1968 593//1968 594//1968
f 1405//1969 1630//1969 1612//1969
f 1661//1970 1660//1970 593//1970
f 1663//1971 1662//1971 594//1971
f 1656//1972 1664//1972 594//1972
f 1657//1973 592//1973 1665//1973
f 1667//1974 1666//1974 592//1974 591//1974
f 1669//1975 1668//1975 591//1975
f 1671//1976 1670//1976 591//1976
f 1410//1977 1627//1977 1622//1977
f 1672//1978 1671//1978 591//1978
f 1674//1979 1673//1979 591//1979
f 1676//1980 1675//1980 591//1980
f 1677//1981 1667//1981 591//1981
f 1662//1982 1659//1982 594//1982
f 1678//1983 1661//1983 593//1983
f 1664//1984 1663//1984 594//1984
f 1679//1985 1672//1985 591//1985
f 1655//1986 1413//1986 1411//1986 1680//1986
f 1620//1987 1681//1987 1411//1987
f 1675//1988 1674//1988 591//1988
f 1673//1989 1677//1989 591//1989
f 1668//1990 1679//1990 591//1990
f 593//1991 1660//1991 1633//1991
f 1637//1992 1636//1992 593//1992
f 602//1993 1650//1993 1641//1993
f 596//1994 1642//1994 1643//1994
f 1388//1995 1414//1995 1654//1995 1653//1995
f 1658//1996 1678//1996 593//1996
f 592//1997 1666//1997 1665//1997
f 1670//1998 1676//1998 591//1998
f 1411//1999 1681//1999 1680//1999
f 591//2000 1632//2000 1669//2000
f 1695//2095 598//2095 595//2095 1694//2095
f 1697//2096 1309//2096 1310//2096 1696//2096
f 1699//2097 1698//2097 1312//2097 1311//2097
f 1701//2098 1307//2098 1312//2098 1700//2098
f 1703//2099 1702//2099 1310//2099 1313//2099
f 1697//2100 1704//2100 1315//2100 1309//2100
f 1704//2101 1699//2101 1311//2101 1315//2101
f 1705//2102 1694//2102 595//2102
f 1707//2103 595//2103 596//2103 1706//2103
f 596//2104 1334//2104 1706//2104
f 1708//2105 1705//2105 595//2105
f 1710//2106 1709//2106 595//2106
f 1710//2107 595//2107 1711//2107
f 1709//2108 1712//2108 595//2108
f 1713//2109 1708//2109 595//2109
f 1712//2110 1713//2110 595//2110
f 550//2111 548//2111 1715//2111 1714//2111
f 1716//2112 1715//2112 548//2112 563//2112 599//2112
f 1716//2113 599//2113 1717//2113
f 1719//2114 1718//2114 1306//2114 1307//2114
f 1701//2115 1719//2115 1307//2115
f 1721//2116 1720//2116 599//2116 600//2116
f 1723//2117 1722//2117 597//2117 598//2117
f 1310//2118 1702//2118 1696//2118
f 1725//2119 1724//2119 600//2119 597//2119
f 1724//2120 1721//2120 600//2120
f 1727//2121 598//2121 1726//2121
f 1729//2122 1728//2122 598//2122
f 1312//2123 1698//2123 1700//2123
f 1730//2124 1725//2124 597//2124
f 1731//2125 1723//2125 598//2125
f 1727//2126 1731//2126 598//2126
f 1733//2127 1326//2127 1306//2127 1732//2127
f 1334//2128 1355//2128 1734//2128 1706//2128
f 1733//2129 1735//2129 1352//2129 1326//2129
f 1737//2130 1354//2130 1353//2130 1736//2130
f 1737//2131 1738//2131 1355//2131 1354//2131
f 595//2132 1707//2132 1711//2132
f 1740//2133 1739//2133 1353//2133 1359//2133
f 1735//2134 1741//2134 1358//2134 1352//2134
f 1741//2135 1740//2135 1359//2135 1358//2135
f 599//2136 1742//2136 1717//2136
f 598//2137 1695//2137 1729//2137
f 1720//2138 1742//2138 599//2138
f 1730//2139 597//2139 1743//2139
f 598//2140 1744//2140 1726//2140
f 1728//2141 1744//2141 598//2141
f 1306//2142 1718//2142 1732//2142
f 1353//2143 1739//2143 1736//2143
f 1738//2144 1734//2144 1355//2144
f 597//2145 1722//2145 1743//2145
f 1764//2204 392//2204 393//2204 1763//2204
f 1766//2205 393//2205 1765//2205
f 393//2206 501//2206 1765//2206
f 1768//2207 1767//2207 377//2207 392//2207
f 1764//2208 1768//2208 392//2208
f 1770//2209 552//2209 551//2209 1769//2209
f 1767//2210 1771//2210 377//2210
f 1772//2211 1769//2211 551//2211 550//2211
f 1774//2212 1773//2212 1714//2212 1759//2212
f 1773//2213 1772//2213 550//2213 1714//2213
f 1775//2214 1774//2214 1759//2214 1761//2214
f 1775//2215 1761//2215 1762//2215 1776//2215
f 1778//2216 1777//2216 1758//2216 1757//2216
f 1780//2217 1760//2217 1703//2217 1779//2217
f 1703//2218 1313//2218 1779//2218
f 1780//2219 1778//2219 1757//2219 1760//2219
f 1777//2220 1781//2220 1762//2220 1758//2220
f 1783//2221 554//2221 553//2221 1782//2221
f 393//2222 1766//2222 1763//2222
f 501//2223 554//2223 1784//2223 1765//2223
f 1786//2224 1785//2224 555//2224 556//2224
f 1785//2225 1787//2225 553//2225 555//2225
f 1789//2226 157//2226 377//2226 1788//2226
f 1791//2227 377//2227 1790//2227
f 1792//2228 1786//2228 556//2228 552//2228
f 1789//2229 1793//2229 157//2229
f 1795//2230 1794//2230 157//2230
f 1793//2231 1795//2231 157//2231
f 1794//2232 1796//2232 157//2232
f 1796//2233 1797//2233 1282//2233 157//2233
f 1762//2234 1781//2234 1776//2234
f 1799//2235 1308//2235 1282//2235 1798//2235
f 1313//2236 1314//2236 1800//2236 1779//2236
f 1799//2237 1800//2237 1314//2237 1308//2237
f 1802//2238 1801//2238 1282//2238
f 553//2239 1787//2239 1782//2239
f 1784//2240 554//2240 1803//2240
f 1788//2241 377//2241 1804//2241
f 1806//2242 552//2242 1805//2242
f 552//2243 1770//2243 1805//2243
f 377//2244 1771//2244 1790//2244
f 1797//2245 1802//2245 1282//2245
f 1282//2246 1801//2246 1798//2246
f 554//2247 1783//2247 1803//2247
f 377//2248 1791//2248 1804//2248
f 1806//2249 1792//2249 552//2249
f 1824//2303 736//2303 755//2303 1823//2303
f 1825//2304 722//2304 736//2304 1824//2304
f 725//2305 724//2305 1827//2305 1826//2305
f 1829//2306 1828//2306 723//2306 722//2306
f 1830//2307 1827//2307 724//2307 723//2307
f 1823//2308 755//2308 1831//2308
f 1830//2309 723//2309 1832//2309
f 1834//2310 722//2310 1833//2310
f 722//2311 1825//2311 1833//2311
f 723//2312 1828//2312 1832//2312
f 1834//2313 1835//2313 722//2313
f 1829//2314 722//2314 1836//2314
f 722//2315 1835//2315 1836//2315
f 1861//2342 979//2342 978//2342 1860//2342
f 1862//2343 959//2343 979//2343 1861//2343
f 1860//2344 978//2344 1863//2344
f 1865//2345 750//2345 959//2345 1864//2345
f 1863//2346 978//2346 1866//2346
f 959//2347 1862//2347 1867//2347
f 959//2348 1867//2348 1864//2348
f 1869//2349 750//2349 1868//2349
f 750//2350 1865//2350 1868//2350
f 1871//2351 750//2351 1870//2351
f 750//2352 1869//2352 1870//2352
f 1894//2375 1893//2375 1006//2375 1005//2375
f 1895//2376 1894//2376 1005//2376 1004//2376
f 1896//2377 987//2377 1006//2377 1893//2377
f 1898//2378 1003//2378 1002//2378 1897//2378
f 1898//2379 1895//2379 1004//2379 1003//2379
f 1900//2380 1002//2380 1217//2380 1281//2380 1899//2380
f 1902//2381 974//2381 987//2381 1901//2381
f 1002//2382 1900//2382 1897//2382
f 987//2383 1896//2383 1903//2383
f 1901//2384 987//2384 1904//2384
f 1906//2385 974//2385 1905//2385
f 1903//2386 1907//2386 987//2386
f 987//2387 1907//2387 1904//2387
f 974//2388 1902//2388 1905//2388
f 1932//2416 1899//2416 1281//2416 1931//2416
f 1934//2417 1933//2417 1923//2417 1922//2417
f 1935//2418 1934//2418 1922//2418 1921//2418
f 1933//2419 1936//2419 1929//2419 1923//2419
f 1936//2420 1937//2420 1930//2420 1929//2420
f 1939//2421 1938//2421 1927//2421 1928//2421
f 1938//2422 1935//2422 1921//2422 1927//2422
f 1941//2423 1920//2423 1899//2423 1940//2423
f 1942//2424 1924//2424 1930//2424 1937//2424
f 1941//2425 1943//2425 1926//2425 1920//2425
f 1943//2426 1939//2426 1928//2426 1926//2426
f 1945//2427 1944//2427 1925//2427 1924//2427
f 1947//2428 1906//2428 1925//2428 1946//2428
f 1949//2429 974//2429 1906//2429 1948//2429
f 1899//2430 1932//2430 1940//2430
f 1925//2431 1944//2431 1946//2431
f 1947//2432 1950//2432 1906//2432
f 1906//2433 1950//2433 1948//2433
f 974//2434 1949//2434 1951//2434
f 1924//2435 1942//2435 1952//2435
f 1952//2436 1945//2436 1924//2436
f 1985//2479 1931//2479 1281//2479 1984//2479
f 1987//2480 1965//2480 1931//2480 1986//2480
f 1989//2481 1988//2481 1968//2481 1967//2481
f 1990//2482 1989//2482 1967//2482 1966//2482
f 1988//2483 1991//2483 1976//2483 1968//2483
f 1991//2484 1992//2484 1981//2484 1976//2484
f 1994//2485 1993//2485 1974//2485 1975//2485
f 1993//2486 1990//2486 1966//2486 1974//2486
f 1996//2487 1995//2487 1979//2487 1980//2487
f 1992//2488 1997//2488 1983//2488 1981//2488
f 1997//2489 1998//2489 1977//2489 1983//2489
f 1995//2490 1999//2490 1982//2490 1979//2490
f 1999//2491 1994//2491 1975//2491 1982//2491
f 1987//2492 2000//2492 1973//2492 1965//2492
f 2001//2493 1970//2493 1977//2493 1998//2493
f 2000//2494 1996//2494 1980//2494 1973//2494
f 2003//2495 2002//2495 1969//2495 1970//2495
f 2005//2496 2004//2496 1978//2496 1969//2496
f 2007//2497 1972//2497 1971//2497 2006//2497
f 1931//2498 1985//2498 1986//2498
f 2004//2499 2008//2499 1971//2499 1978//2499
f 2007//2500 2009//2500 1951//2500 1972//2500
f 2011//2501 974//2501 1951//2501 2010//2501
f 2002//2502 2005//2502 1969//2502
f 1971//2503 2008//2503 2006//2503
f 2009//2504 2012//2504 1951//2504
f 1951//2505 2012//2505 2010//2505
f 974//2506 2011//2506 2013//2506
f 1970//2507 2001//2507 2003//2507
f 2054//2566 1889//2566 1888//2566 2053//2566
f 2056//2567 1890//2567 1889//2567 2055//2567
f 2057//2568 1871//2568 1890//2568 2056//2568
f 2059//2569 2058//2569 753//2569 752//2569
f 2061//2570 2060//2570 751//2570 750//2570
f 2063//2571 754//2571 753//2571 2062//2571
f 2060//2572 2059//2572 752//2572 751//2572
f 2065//2573 755//2573 754//2573 2064//2573
f 2053//2574 1888//2574 2066//2574
f 1889//2575 2054//2575 2055//2575
f 2068//2576 750//2576 1871//2576 2067//2576
f 753//2577 2058//2577 2062//2577
f 2063//2578 2069//2578 754//2578
f 754//2579 2069//2579 2064//2579
f 2071//2580 297//2580 2070//2580
f 1871//2581 2057//2581 2072//2581
f 1871//2582 2073//2582 2067//2582
f 2068//2583 2061//2583 750//2583
f 2072//2584 2073//2584 1871//2584
f 2100//2620 726//2620 725//2620 2099//2620
f 2102//2621 2101//2621 1826//2621 1857//2621
f 2101//2622 2099//2622 725//2622 1826//2622
f 2104//2623 2103//2623 1856//2623 1855//2623
f 2105//2624 2102//2624 1857//2624 1859//2624
f 2103//2625 2105//2625 1859//2625 1856//2625
f 2104//2626 1855//2626 1854//2626 2106//2626
f 2108//2627 2107//2627 727//2627 726//2627
f 2110//2628 2109//2628 708//2628 727//2628
f 2109//2629 2111//2629 923//2629 708//2629
f 2113//2630 2112//2630 944//2630 943//2630
f 2115//2631 2114//2631 942//2631 941//2631
f 2115//2632 941//2632 923//2632 2116//2632
f 2118//2633 945//2633 944//2633 2117//2633
f 2114//2634 2119//2634 943//2634 942//2634
f 726//2635 2100//2635 2108//2635
f 2110//2636 727//2636 2120//2636
f 923//2637 2111//2637 2116//2637
f 944//2638 2112//2638 2117//2638
f 945//2639 2118//2639 2121//2639
f 2119//2640 2113//2640 943//2640
f 727//2641 2107//2641 2120//2641
f 2155//2686 298//2686 2154//2686
f 2157//2687 297//2687 298//2687 2156//2687
f 2157//2688 2158//2688 297//2688
f 2155//2689 2159//2689 298//2689
f 2159//2690 2160//2690 298//2690
f 2162//2691 2161//2691 946//2691 947//2691
f 2163//2692 2162//2692 947//2692 950//2692
f 2161//2693 2164//2693 951//2693 946//2693
f 2166//2694 949//2694 948//2694 2165//2694
f 2164//2695 2165//2695 948//2695 951//2695
f 2167//2696 2163//2696 950//2696 945//2696
f 2167//2697 945//2697 2121//2697 2168//2697
f 2170//2698 2169//2698 869//2698 894//2698
f 2154//2699 298//2699 2171//2699
f 298//2700 869//2700 2171//2700
f 2173//2701 2172//2701 893//2701 892//2701
f 298//2702 2160//2702 2156//2702
f 2174//2703 2173//2703 892//2703 906//2703
f 2175//2704 2170//2704 894//2704 907//2704
f 2177//2705 2176//2705 872//2705 698//2705
f 2175//2706 907//2706 893//2706 2178//2706
f 2176//2707 2179//2707 889//2707 872//2707
f 2181//2708 2180//2708 904//2708 903//2708
f 2183//2709 2182//2709 890//2709 891//2709
f 2182//2710 2184//2710 905//2710 890//2710
f 2180//2711 2183//2711 891//2711 904//2711
f 2179//2712 2181//2712 903//2712 889//2712
f 2174//2713 906//2713 905//2713 2185//2713
f 2187//2714 2186//2714 925//2714 949//2714
f 2186//2715 2188//2715 698//2715 925//2715
f 869//2716 2169//2716 2171//2716
f 2172//2717 2189//2717 893//2717
f 893//2718 2189//2718 2178//2718
f 2184//2719 2190//2719 905//2719
f 905//2720 2190//2720 2185//2720
f 949//2721 2166//2721 2187//2721
f 2188//2722 2177//2722 698//2722
f 2224//2781 2223//2781 659//2781 666//2781
f 2224//2782 666//2782 670//2782 2225//2782
f 2227//2783 670//2783 657//2783 2226//2783
f 2229//2784 839//2784 840//2784 2228//2784
f 2223//2785 2230//2785 825//2785 659//2785
f 2230//2786 2228//2786 840//2786 825//2786
f 2232//2787 2231//2787 79//2787
f 2234//2788 79//2788 2233//2788
f 670//2789 2227//2789 2225//2789
f 2236//2790 824//2790 847//2790 2235//2790
f 2237//2791 2232//2791 79//2791 824//2791
f 2239//2792 2238//2792 842//2792 841//2792
f 2240//2793 2239//2793 841//2793 857//2793
f 2242//2794 2241//2794 843//2794 844//2794
f 2241//2795 2243//2795 858//2795 843//2795
f 2245//2796 2244//2796 845//2796 846//2796
f 2244//2797 2246//2797 859//2797 845//2797
f 2246//2798 2247//2798 860//2798 859//2798
f 2238//2799 2242//2799 844//2799 842//2799
f 2248//2800 2245//2800 846//2800 858//2800
f 2247//2801 2249//2801 847//2801 860//2801
f 2251//2802 2250//2802 856//2802 839//2802
f 2250//2803 2252//2803 866//2803 856//2803
f 2254//2804 2253//2804 857//2804 867//2804
f 2252//2805 2254//2805 867//2805 866//2805
f 79//2806 2231//2806 2233//2806
f 847//2807 2249//2807 2235//2807
f 2236//2808 2237//2808 824//2808
f 2243//2809 2248//2809 858//2809
f 839//2810 2229//2810 2251//2810
f 2240//2811 857//2811 2255//2811
f 857//2812 2253//2812 2255//2812
f 2297//2876 788//2876 79//2876
f 2298//2877 2297//2877 79//2877
f 2298//2878 79//2878 245//2878
f 2300//2879 807//2879 806//2879 2299//2879
f 2302//2880 2301//2880 815//2880 816//2880
f 2301//2881 2299//2881 806//2881 815//2881
f 2297//2882 2302//2882 816//2882 788//2882
f 2304//2883 216//2883 2303//2883
f 216//2884 792//2884 2303//2884
f 2306//2885 248//2885 2305//2885
f 248//2886 216//2886 2305//2886
f 2308//2887 216//2887 2307//2887
f 2310//2888 2309//2888 248//2888
f 2306//2889 2310//2889 248//2889
f 792//2890 807//2890 2311//2890 2303//2890
f 2305//2891 216//2891 2312//2891
f 2314//2892 807//2892 2313//2892
f 2307//2893 216//2893 2315//2893
f 245//2894 248//2894 2309//2894 2298//2894
f 2312//2895 216//2895 2316//2895
f 2313//2896 807//2896 2317//2896
f 807//2897 2300//2897 2317//2897
f 2314//2898 2318//2898 807//2898
f 216//2899 2304//2899 2315//2899
f 216//2900 2308//2900 2316//2900
f 2311//2901 807//2901 2319//2901
f 807//2902 2318//2902 2319//2902
f 2333//2927 1486//2927 1485//2927 2332//2927
f 2332//2928 1485//2928 1441//2928 876//2928 2334//2928
f 2336//2929 2335//2929 304//2929
f 2337//2930 2336//2930 304//2930
f 2339//2931 2338//2931 300//2931 299//2931
f 2340//2932 2339//2932 299//2932 284//2932
f 2340//2933 284//2933 2341//2933
f 284//2934 79//2934 2341//2934
f 2342//2935 2337//2935 304//2935
f 2344//2936 2343//2936 301//2936 300//2936
f 2338//2937 2345//2937 300//2937
f 2347//2938 2346//2938 302//2938 301//2938
f 2346//2939 2348//2939 302//2939
f 2350//2940 2349//2940 301//2940
f 2350//2941 301//2941 2351//2941
f 2353//2942 2352//2942 301//2942
f 2354//2943 2353//2943 301//2943
f 2355//2944 2354//2944 301//2944
f 2349//2945 2347//2945 301//2945
f 2352//2946 2356//2946 301//2946
f 2343//2947 2355//2947 301//2947
f 2358//2948 2357//2948 302//2948
f 2359//2949 2358//2949 302//2949
f 2361//2950 2360//2950 302//2950
f 2360//2951 2359//2951 302//2951
f 2363//2952 2362//2952 305//2952 303//2952
f 2362//2953 2364//2953 304//2953 305//2953
f 2365//2954 2342//2954 304//2954
f 2345//2955 2344//2955 300//2955
f 2356//2956 2366//2956 301//2956
f 2368//2957 303//2957 302//2957 2367//2957
f 2357//2958 2369//2958 302//2958
f 2370//2959 2363//2959 303//2959
f 2348//2960 2361//2960 302//2960
f 2368//2961 2371//2961 303//2961
f 2364//2962 2365//2962 304//2962
f 2371//2963 2370//2963 303//2963
f 2373//2964 298//2964 304//2964 2372//2964
f 2335//2965 2374//2965 304//2965
f 2373//2966 2375//2966 298//2966
f 2334//2967 876//2967 2376//2967
f 876//2968 298//2968 2376//2968
f 2378//2969 2377//2969 1471//2969 1486//2969
f 2377//2970 2379//2970 657//2970 1471//2970
f 2381//2971 2380//2971 2276//2971 2277//2971
f 2380//2972 2382//2972 2234//2972 2276//2972
f 2341//2973 79//2973 2383//2973
f 79//2974 2234//2974 2383//2974
f 2379//2975 2384//2975 2226//2975 657//2975
f 2386//2976 2385//2976 2275//2976 2274//2976
f 2387//2977 2381//2977 2277//2977 2288//2977
f 2389//2978 2388//2978 2272//2978 2273//2978
f 2390//2979 2389//2979 2273//2979 2283//2979
f 2392//2980 2391//2980 2285//2980 2284//2980
f 2391//2981 2393//2981 2293//2981 2285//2981
f 301//2982 2366//2982 2351//2982
f 2395//2983 2394//2983 2286//2983 2287//2983
f 2394//2984 2396//2984 2295//2984 2286//2984
f 2396//2985 2397//2985 2296//2985 2295//2985
f 2388//2986 2392//2986 2284//2986 2272//2986
f 2398//2987 2395//2987 2287//2987 2294//2987
f 2397//2988 2386//2988 2274//2988 2296//2988
f 2400//2989 2399//2989 2270//2989 2271//2989
f 2399//2990 2401//2990 2282//2990 2270//2990
f 2403//2991 2402//2991 2292//2991 2291//2991
f 2401//2992 2403//2992 2291//2992 2282//2992
f 2405//2993 2404//2993 2268//2993 2269//2993
f 2406//2994 2405//2994 2269//2994 2278//2994
f 2384//2995 2407//2995 2289//2995 2226//2995
f 2385//2996 2387//2996 2288//2996 2275//2996
f 2408//2997 2398//2997 2294//2997 2293//2997
f 2410//2998 2409//2998 2280//2998 2281//2998
f 302//2999 2369//2999 2367//2999
f 2411//3000 2400//3000 2271//3000 2280//3000
f 2404//3001 2412//3001 2279//3001 2268//3001
f 2402//3002 2390//3002 2283//3002 2292//3002
f 2413//3003 2410//3003 2281//3003 2290//3003
f 2407//3004 2406//3004 2278//3004 2289//3004
f 2412//3005 2413//3005 2290//3005 2279//3005
f 304//3006 2374//3006 2372//3006
f 1486//3007 2333//3007 2378//3007
f 298//3008 2375//3008 2376//3008
f 2234//3009 2382//3009 2383//3009
f 2393//3010 2408//3010 2293//3010
f 2411//3011 2280//3011 2414//3011
f 2280//3012 2409//3012 2414//3012
f 2428//3097 2427//3097 2030//3097 2029//3097
f 2430//3098 1984//3098 1281//3098 2429//3098
f 2432//3099 2031//3099 2032//3099 2431//3099
f 2427//3100 2431//3100 2032//3100 2030//3100
f 2430//3101 2433//3101 2026//3101 1984//3101
f 2435//3102 2434//3102 2027//3102 2028//3102
f 2437//3103 2436//3103 2038//3103 2037//3103
f 2438//3104 2437//3104 2037//3104 2036//3104
f 2436//3105 2439//3105 2044//3105 2038//3105
f 2439//3106 2440//3106 2047//3106 2044//3106
f 2442//3107 2441//3107 2042//3107 2043//3107
f 2441//3108 2438//3108 2036//3108 2042//3108
f 2444//3109 2443//3109 2045//3109 2046//3109
f 2440//3110 2445//3110 2050//3110 2047//3110
f 2445//3111 2446//3111 2051//3111 2050//3111
f 2443//3112 2447//3112 2049//3112 2045//3112
f 2447//3113 2442//3113 2043//3113 2049//3113
f 2434//3114 2448//3114 2048//3114 2027//3114
f 2446//3115 2449//3115 2052//3115 2051//3115
f 2449//3116 2428//3116 2029//3116 2052//3116
f 2448//3117 2444//3117 2046//3117 2048//3117
f 2433//3118 2450//3118 2035//3118 2026//3118
f 2450//3119 2435//3119 2028//3119 2035//3119
f 2452//3120 978//3120 977//3120 2451//3120
f 2454//3121 2453//3121 976//3121 975//3121
f 2456//3122 2455//3122 977//3122 976//3122
f 2457//3123 2454//3123 975//3123 974//3123
f 2459//3124 2458//3124 1886//3124 1887//3124
f 2458//3125 2460//3125 1891//3125 1886//3125
f 2462//3126 2461//3126 1885//3126 1884//3126
f 2452//3127 2463//3127 1866//3127 978//3127
f 2461//3128 2459//3128 1887//3128 1885//3128
f 2463//3129 2462//3129 1884//3129 1866//3129
f 2429//3130 1281//3130 2464//3130
f 2466//3131 2465//3131 2040//3131 2039//3131
f 2467//3132 2466//3132 2039//3132 2031//3132
f 2469//3133 2468//3133 2041//3133 2040//3133
f 2471//3134 2034//3134 2033//3134 2470//3134
f 2468//3135 2472//3135 2033//3135 2041//3135
f 2471//3136 2473//3136 2013//3136 2034//3136
f 2473//3137 2457//3137 974//3137 2013//3137
f 977//3138 2455//3138 2451//3138
f 2453//3139 2456//3139 976//3139
f 1891//3140 2460//3140 2474//3140
f 2031//3141 2432//3141 2467//3141
f 2465//3142 2469//3142 2040//3142
f 2033//3143 2472//3143 2470//3143
f 2533//3238 2139//3238 2138//3238 2532//3238
f 2535//3239 2534//3239 297//3239
f 2536//3240 2535//3240 297//3240
f 2538//3241 2537//3241 297//3241
f 2540//3242 2539//3242 297//3242
f 2539//3243 2536//3243 297//3243
f 2541//3244 2538//3244 297//3244
f 2542//3245 2540//3245 297//3245
f 2544//3246 2543//3246 2137//3246 2136//3246
f 2545//3247 2532//3247 2138//3247 2148//3247
f 2534//3248 2546//3248 297//3248
f 2541//3249 297//3249 2547//3249
f 2537//3250 2542//3250 297//3250
f 2543//3251 2545//3251 2148//3251 2137//3251
f 2549//3252 297//3252 2548//3252
f 2551//3253 2550//3253 297//3253
f 2553//3254 2552//3254 297//3254
f 2555//3255 2554//3255 297//3255
f 2556//3256 2555//3256 297//3256
f 2554//3257 2553//3257 297//3257
f 2552//3258 2551//3258 297//3258
f 2558//3259 297//3259 2557//3259
f 2560//3260 2559//3260 297//3260
f 2561//3261 2560//3261 297//3261
f 2563//3262 2562//3262 297//3262
f 2558//3263 2556//3263 297//3263
f 2565//3264 2564//3264 297//3264
f 2564//3265 2566//3265 297//3265
f 2567//3266 2565//3266 297//3266
f 2569//3267 2568//3267 297//3267
f 2559//3268 2569//3268 297//3268
f 2568//3269 2570//3269 297//3269
f 2549//3270 2561//3270 297//3270
f 2566//3271 2571//3271 297//3271
f 2571//3272 2563//3272 297//3272
f 2570//3273 2567//3273 297//3273
f 2573//3274 297//3274 2572//3274
f 2546//3275 2574//3275 297//3275
f 2576//3276 2575//3276 2140//3276 2141//3276
f 2575//3277 2577//3277 2149//3277 2140//3277
f 2579//3278 2578//3278 2142//3278 2143//3278
f 2581//3279 2580//3279 2153//3279 2152//3279
f 2577//3280 2581//3280 2152//3280 2149//3280
f 2583//3281 2144//3281 2142//3281 2582//3281
f 2580//3282 2584//3282 2150//3282 2153//3282
f 2573//3283 2585//3283 297//3283
f 2586//3284 2576//3284 2141//3284 2139//3284
f 2583//3285 2587//3285 2121//3285 2144//3285
f 297//3286 2562//3286 2547//3286
f 2584//3287 2579//3287 2143//3287 2150//3287
f 2585//3288 2588//3288 297//3288
f 2590//3289 2589//3289 2207//3289 2208//3289
f 297//3290 2550//3290 2548//3290
f 2592//3291 2591//3291 2214//3291 2207//3291
f 2594//3292 2593//3292 2218//3292 2217//3292
f 2596//3293 2221//3293 2220//3293 2595//3293
f 2596//3294 2597//3294 2222//3294 2221//3294
f 2593//3295 2598//3295 2220//3295 2218//3295
f 2591//3296 2594//3296 2217//3296 2214//3296
f 2600//3297 2599//3297 2158//3297 2219//3297
f 2557//3298 297//3298 2601//3298
f 297//3299 2158//3299 2601//3299
f 2603//3300 2602//3300 2205//3300 2206//3300
f 2602//3301 2604//3301 2213//3301 2205//3301
f 2606//3302 2605//3302 2168//3302 2121//3302
f 2597//3303 2600//3303 2219//3303 2222//3303
f 2608//3304 2607//3304 2203//3304 2204//3304
f 2609//3305 2608//3305 2204//3305 2209//3305
f 2607//3306 2610//3306 2210//3306 2203//3306
f 2612//3307 2611//3307 2211//3307 2212//3307
f 2603//3308 2206//3308 2211//3308 2613//3308
f 2614//3309 2612//3309 2212//3309 2216//3309
f 2604//3310 2590//3310 2208//3310 2213//3310
f 2615//3311 2609//3311 2209//3311 2215//3311
f 2605//3312 2615//3312 2215//3312 2168//3312
f 2610//3313 2614//3313 2216//3313 2210//3313
f 297//3314 2574//3314 2572//3314
f 2139//3315 2533//3315 2586//3315
f 2142//3316 2578//3316 2582//3316
f 2587//3317 2606//3317 2121//3317
f 2589//3318 2592//3318 2207//3318
f 2220//3319 2598//3319 2595//3319
f 2158//3320 2599//3320 2601//3320
f 2211//3321 2611//3321 2613//3321
f 2646//3424 2645//3424 2091//3424 2092//3424
f 2648//3425 2647//3425 2096//3425 2097//3425
f 2645//3426 2649//3426 2098//3426 2091//3426
f 2647//3427 2646//3427 2092//3427 2096//3427
f 2651//3428 2650//3428 2065//3428 2093//3428
f 2652//3429 755//3429 2065//3429 2650//3429
f 2654//3430 2090//3430 2089//3430 2653//3430
f 2649//3431 2651//3431 2093//3431 2098//3431
f 2654//3432 2648//3432 2097//3432 2090//3432
f 2656//3433 2629//3433 2628//3433 2655//3433
f 2658//3434 2657//3434 2636//3434 2635//3434
f 2658//3435 2635//3435 2544//3435 2659//3435
f 2544//3436 2136//3436 2659//3436
f 2661//3437 2660//3437 2631//3437 2632//3437
f 2657//3438 2662//3438 2637//3438 2636//3438
f 2663//3439 2661//3439 2632//3439 2640//3439
f 2660//3440 2664//3440 2628//3440 2631//3440
f 2662//3441 2663//3441 2640//3441 2637//3441
f 2666//3442 2665//3442 1850//3442 1851//3442
f 2668//3443 2667//3443 1831//3443 755//3443
f 2665//3444 2669//3444 1858//3444 1850//3444
f 2671//3445 2670//3445 1853//3445 1852//3445
f 2667//3446 2672//3446 1849//3446 1831//3446
f 2671//3447 1852//3447 1858//3447 2673//3447
f 2670//3448 2674//3448 1854//3448 1853//3448
f 2675//3449 2666//3449 1851//3449 1849//3449
f 2677//3450 2676//3450 2106//3450 1854//3450
f 2628//3451 2664//3451 2655//3451
f 2678//3452 2677//3452 1854//3452
f 2680//3453 2679//3453 2146//3453 2147//3453
f 2136//3454 2146//3454 2679//3454 2659//3454
f 2682//3455 2681//3455 2134//3455 2135//3455
f 2683//3456 2680//3456 2147//3456 2151//3456
f 2685//3457 2145//3457 2134//3457 2684//3457
f 2686//3458 2682//3458 2135//3458 2106//3458
f 2685//3459 2683//3459 2151//3459 2145//3459
f 2672//3460 2675//3460 1849//3460
f 1858//3461 2669//3461 2673//3461
f 2678//3462 1854//3462 2687//3462
f 755//3463 2652//3463 2668//3463
f 2676//3464 2686//3464 2106//3464
f 2134//3465 2681//3465 2684//3465
f 1854//3466 2674//3466 2687//3466
f 2723//3533 2722//3533 1280//3533 1279//3533
f 2723//3534 1279//3534 1253//3534 1156//3534 2724//3534
f 1156//3535 297//3535 2724//3535
f 2722//3536 2725//3536 1281//3536 1280//3536
f 2727//3537 2726//3537 297//3537
f 2726//3538 2728//3538 297//3538
f 2730//3539 297//3539 2729//3539
f 2731//3540 2727//3540 297//3540
f 2733//3541 2732//3541 297//3541
f 2734//3542 2733//3542 297//3542
f 2735//3543 2734//3543 297//3543
f 2730//3544 2731//3544 297//3544
f 2736//3545 2735//3545 297//3545
f 2732//3546 2737//3546 297//3546
f 2739//3547 2738//3547 297//3547
f 2741//3548 2740//3548 297//3548
f 2738//3549 2742//3549 297//3549
f 2740//3550 2743//3550 297//3550
f 2745//3551 2744//3551 297//3551
f 2746//3552 2745//3552 297//3552
f 2748//3553 2747//3553 297//3553
f 2749//3554 2739//3554 297//3554
f 2744//3555 2748//3555 297//3555
f 2747//3556 2749//3556 297//3556
f 2751//3557 2750//3557 2491//3557 2490//3557
f 2752//3558 2751//3558 2490//3558 2498//3558
f 2754//3559 2753//3559 2507//3559 2508//3559
f 2756//3560 2518//3560 2517//3560 2755//3560
f 2753//3561 2755//3561 2517//3561 2507//3561
f 2758//3562 2757//3562 297//3562
f 2743//3563 2758//3563 297//3563
f 2742//3564 2741//3564 297//3564
f 2759//3565 2746//3565 297//3565
f 2728//3566 2759//3566 297//3566
f 2761//3567 2760//3567 2505//3567 2506//3567
f 2763//3568 2762//3568 2488//3568 2489//3568
f 2765//3569 2464//3569 1281//3569 2764//3569
f 2767//3570 2766//3570 2516//3570 2515//3570
f 2766//3571 2752//3571 2498//3571 2516//3571
f 2750//3572 2754//3572 2508//3572 2491//3572
f 2760//3573 2767//3573 2515//3573 2505//3573
f 2762//3574 2768//3574 2497//3574 2488//3574
f 2770//3575 2769//3575 2503//3575 2504//3575
f 2772//3576 2771//3576 2514//3576 2513//3576
f 2773//3577 2772//3577 2513//3577 2512//3577
f 2771//3578 2774//3578 2522//3578 2514//3578
f 2774//3579 2775//3579 2526//3579 2522//3579
f 2777//3580 2776//3580 2520//3580 2521//3580
f 2776//3581 2773//3581 2512//3581 2520//3581
f 2779//3582 2778//3582 2524//3582 2525//3582
f 2775//3583 2780//3583 2529//3583 2526//3583
f 2780//3584 2781//3584 2530//3584 2529//3584
f 2778//3585 2782//3585 2528//3585 2524//3585
f 2782//3586 2777//3586 2521//3586 2528//3586
f 2769//3587 2783//3587 2527//3587 2503//3587
f 2781//3588 2784//3588 2531//3588 2530//3588
f 2784//3589 2761//3589 2506//3589 2531//3589
f 2783//3590 2779//3590 2525//3590 2527//3590
f 2768//3591 2785//3591 2511//3591 2497//3591
f 2785//3592 2770//3592 2504//3592 2511//3592
f 2765//3593 2786//3593 2487//3593 2464//3593
f 2786//3594 2763//3594 2489//3594 2487//3594
f 2788//3595 2787//3595 297//3595
f 2790//3596 297//3596 2789//3596
f 297//3597 2588//3597 2789//3597
f 2792//3598 2791//3598 297//3598
f 2790//3599 2792//3599 297//3599
f 2794//3600 2793//3600 297//3600
f 2791//3601 2795//3601 297//3601
f 2796//3602 2794//3602 297//3602
f 2797//3603 2788//3603 297//3603
f 2795//3604 2796//3604 297//3604
f 2793//3605 2797//3605 297//3605
f 2799//3606 2798//3606 297//3606
f 2801//3607 2800//3607 297//3607
f 2802//3608 2799//3608 297//3608
f 2804//3609 2803//3609 297//3609
f 2805//3610 2801//3610 297//3610
f 2803//3611 2802//3611 297//3611
f 2804//3612 297//3612 2806//3612
f 2798//3613 2807//3613 297//3613
f 2808//3614 2736//3614 297//3614
f 2787//3615 2809//3615 297//3615
f 2807//3616 2805//3616 297//3616
f 2809//3617 2810//3617 297//3617
f 2812//3618 2811//3618 297//3618
f 2814//3619 2813//3619 297//3619
f 2815//3620 2812//3620 297//3620
f 2811//3621 2814//3621 297//3621
f 2817//3622 2816//3622 297//3622
f 2818//3623 2817//3623 297//3623
f 2800//3624 2818//3624 297//3624
f 2819//3625 2808//3625 297//3625
f 2816//3626 2820//3626 297//3626
f 2813//3627 2821//3627 297//3627
f 2820//3628 2815//3628 297//3628
f 2821//3629 2819//3629 297//3629
f 2823//3630 2822//3630 297//3630
f 2723//3631 2724//3631 2822//3631
f 297//3632 2822//3632 2724//3632
f 2823//3633 297//3633 2824//3633
f 2826//3634 2825//3634 1888//3634 1892//3634
f 2827//3635 2826//3635 1892//3635 1891//3635
f 2829//3636 2828//3636 2071//3636 2086//3636
f 297//3637 2737//3637 2729//3637
f 2825//3638 2830//3638 2066//3638 1888//3638
f 2832//3639 2831//3639 2087//3639 2088//3639
f 2831//3640 2833//3640 2094//3640 2087//3640
f 2833//3641 2834//3641 2095//3641 2094//3641
f 2830//3642 2829//3642 2086//3642 2066//3642
f 2834//3643 2835//3643 2089//3643 2095//3643
f 2836//3644 2832//3644 2088//3644 2070//3644
f 2838//3645 2837//3645 2494//3645 2495//3645
f 2840//3646 2839//3646 2493//3646 2492//3646
f 2841//3647 2838//3647 2495//3647 2500//3647
f 2842//3648 2840//3648 2492//3648 2499//3648
f 2844//3649 2843//3649 2501//3649 2502//3649
f 2843//3650 2845//3650 2496//3650 2501//3650
f 2847//3651 2846//3651 2509//3651 2510//3651
f 2837//3652 2848//3652 2519//3652 2494//3652
f 2846//3653 2844//3653 2502//3653 2509//3653
f 2848//3654 2847//3654 2510//3654 2519//3654
f 2850//3655 2849//3655 297//3655
f 2849//3656 2851//3656 297//3656
f 2853//3657 2852//3657 297//3657
f 2855//3658 2854//3658 297//3658
f 2518//3659 2756//3659 2856//3659
f 2854//3660 2853//3660 297//3660
f 2856//3661 2857//3661 2523//3661 2518//3661
f 2857//3662 2842//3662 2499//3662 2523//3662
f 2839//3663 2841//3663 2500//3663 2493//3663
f 2845//3664 2858//3664 2474//3664 2496//3664
f 2858//3665 2827//3665 1891//3665 2474//3665
f 2860//3666 2859//3666 297//3666
f 2862//3667 2861//3667 297//3667
f 2864//3668 2863//3668 297//3668
f 1281//3669 2725//3669 2764//3669
f 2866//3670 2865//3670 297//3670
f 2851//3671 2866//3671 297//3671
f 2852//3672 2850//3672 297//3672
f 2865//3673 2860//3673 297//3673
f 2867//3674 2862//3674 297//3674
f 2869//3675 2868//3675 297//3675
f 2871//3676 2870//3676 297//3676
f 2870//3677 2872//3677 297//3677
f 2873//3678 2871//3678 297//3678
f 2874//3679 2873//3679 297//3679
f 2876//3680 2875//3680 297//3680
f 2872//3681 2876//3681 297//3681
f 2878//3682 2877//3682 297//3682
f 2879//3683 2874//3683 297//3683
f 2880//3684 2879//3684 297//3684
f 2881//3685 2878//3685 297//3685
f 2875//3686 2881//3686 297//3686
f 2882//3687 2869//3687 297//3687
f 2883//3688 2880//3688 297//3688
f 2859//3689 2883//3689 297//3689
f 2877//3690 2882//3690 297//3690
f 2884//3691 2867//3691 297//3691
f 2868//3692 2884//3692 297//3692
f 2885//3693 2864//3693 297//3693
f 2861//3694 2885//3694 297//3694
f 2887//3695 2630//3695 2629//3695 2886//3695
f 2588//3696 2634//3696 2888//3696 2789//3696
f 2890//3697 2889//3697 2638//3697 2639//3697
f 2889//3698 2888//3698 2634//3698 2638//3698
f 2892//3699 2891//3699 2641//3699 2642//3699
f 2893//3700 2890//3700 2639//3700 2643//3700
f 2891//3701 2894//3701 2644//3701 2641//3701
f 2887//3702 2895//3702 2633//3702 2630//3702
f 2894//3703 2893//3703 2643//3703 2644//3703
f 2895//3704 2892//3704 2642//3704 2633//3704
f 2897//3705 2896//3705 2705//3705 2706//3705
f 2899//3706 2898//3706 2703//3706 2704//3706
f 2896//3707 2900//3707 2714//3707 2705//3707
f 2902//3708 2901//3708 2720//3708 2719//3708
f 2898//3709 2903//3709 2712//3709 2703//3709
f 2900//3710 2902//3710 2719//3710 2714//3710
f 2901//3711 2904//3711 2721//3711 2720//3711
f 297//3712 2810//3712 2806//3712
f 2905//3713 2897//3713 2706//3713 2713//3713
f 2835//3714 2906//3714 2653//3714 2089//3714
f 2908//3715 2907//3715 2629//3715 2656//3715 2715//3715
f 2903//3716 2905//3716 2713//3716 2712//3716
f 2909//3717 2908//3717 2715//3717 2721//3717
f 2911//3718 2910//3718 2701//3718 2702//3718
f 2913//3719 2912//3719 2707//3719 2708//3719
f 2910//3720 2914//3720 2709//3720 2701//3720
f 2912//3721 2911//3721 2702//3721 2707//3721
f 2916//3722 2915//3722 2710//3722 2711//3722
f 2915//3723 2917//3723 2718//3723 2710//3723
f 2899//3724 2704//3724 2718//3724 2918//3724
f 2718//3725 2818//3725 2918//3725
f 2906//3726 2919//3726 2700//3726 2653//3726
f 2920//3727 2916//3727 2711//3727 2717//3727
f 2921//3728 2913//3728 2708//3728 2716//3728
f 2914//3729 2920//3729 2717//3729 2709//3729
f 2919//3730 2921//3730 2716//3730 2700//3730
f 297//3731 2922//3731 2824//3731
f 2828//3732 2836//3732 2071//3732
f 2757//3733 2855//3733 297//3733
f 2863//3734 2922//3734 297//3734
f 2629//3735 2907//3735 2886//3735
f 2904//3736 2909//3736 2721//3736
f 2924//3737 2923//3737 65//3737 60//3737 50//3737
f 2926//3738 2925//3738 662//3738 663//3738
f 2928//3739 2927//3739 660//3739 661//3739
f 2927//3740 2929//3740 633//3740 660//3740
f 2931//3741 634//3741 605//3741 2930//3741
f 2933//3742 2932//3742 665//3742 664//3742
f 2935//3743 649//3743 665//3743 2934//3743
f 2936//3744 2926//3744 663//3744 667//3744
f 2929//3745 2936//3745 667//3745 632//3745
f 2931//3746 2928//3746 661//3746 634//3746
f 2937//3747 2933//3747 664//3747 669//3747
f 2939//3748 668//3748 662//3748 2938//3748
f 2939//3749 2937//3749 669//3749 668//3749
f 2940//3750 2924//3750 50//3750
f 2935//3751 2941//3751 649//3751
f 2943//3752 2942//3752 65//3752
f 2945//3753 2944//3753 65//3753
f 2946//3754 2945//3754 65//3754
f 2948//3755 2947//3755 65//3755
f 2930//3756 605//3756 2949//3756
f 2951//3757 2950//3757 65//3757
f 2953//3758 2952//3758 65//3758
f 665//3759 2932//3759 2934//3759
f 2942//3760 2954//3760 65//3760
f 2954//3761 2946//3761 65//3761
f 2944//3762 2948//3762 65//3762
f 2950//3763 2955//3763 65//3763
f 2957//3764 2956//3764 65//3764
f 662//3765 2925//3765 2938//3765
f 2955//3766 2957//3766 65//3766
f 2953//3767 65//3767 2958//3767
f 65//3768 2923//3768 2958//3768
f 648//3769 649//3769 2941//3769 2940//3769
f 2960//3770 65//3770 2959//3770
f 2949//3771 605//3771 2961//3771
f 605//3772 65//3772 2961//3772
f 2952//3773 2951//3773 65//3773
f 2943//3774 65//3774 2962//3774
f 65//3775 2947//3775 2959//3775
f 65//3776 2960//3776 2961//3776
f 65//3777 2956//3777 2962//3777
f 2976//3819 2975//3819 50//3819
f 2975//3820 2940//3820 50//3820
f 2976//3821 50//3821 2977//3821
f 2979//3822 648//3822 2978//3822
f 2979//3823 2980//3823 648//3823
f 2977//3824 50//3824 2981//3824
f 2983//3825 2940//3825 2982//3825
f 2978//3826 648//3826 2984//3826
f 648//3827 2940//3827 2984//3827
f 2981//3828 648//3828 2985//3828
f 2982//3829 2940//3829 2986//3829
f 2940//3830 2983//3830 2984//3830
f 648//3831 2980//3831 2985//3831
f 2986//3832 2940//3832 2987//3832
f 2987//3833 2940//3833 2988//3833
f 2940//3834 2975//3834 2988//3834
f 3002//3850 3001//3850 50//3850
f 3002//3851 50//3851 3003//3851
f 3005//3852 2981//3852 3004//3852
f 2981//3853 50//3853 3004//3853
f 3007//3854 648//3854 2981//3854 3006//3854
f 3007//3855 3008//3855 648//3855
f 3003//3856 50//3856 3009//3856
f 3004//3857 50//3857 3001//3857
f 3006//3858 2981//3858 3010//3858
f 3012//3859 648//3859 3011//3859
f 2981//3860 3005//3860 3010//3860
f 648//3861 3008//3861 3011//3861
f 3014//3862 648//3862 3013//3862
f 648//3863 3012//3863 3013//3863
f 648//3864 3014//3864 3015//3864
f 3030//3882 3029//3882 50//3882
f 3032//3883 50//3883 3031//3883
f 3030//3884 50//3884 3033//3884
f 3035//3885 50//3885 3034//3885
f 3037//3886 50//3886 3036//3886
f 3038//3887 3036//3887 50//3887
f 3038//3888 50//3888 3039//3888
f 3041//3889 650//3889 648//3889 3040//3889
f 3043//3890 693//3890 674//3890 3042//3890
f 50//3891 3035//3891 3031//3891
f 3045//3892 674//3892 650//3892 3044//3892
f 3033//3893 50//3893 3046//3893
f 694//3894 693//3894 3047//3894 3034//3894
f 3049//3895 3048//3895 3028//3895 3009//3895
f 3049//3896 3009//3896 3050//3896
f 3009//3897 50//3897 3050//3897
f 3052//3898 3015//3898 3028//3898 3051//3898
f 3052//3899 3053//3899 648//3899 3015//3899
f 50//3900 3029//3900 3039//3900
f 648//3901 3054//3901 3040//3901
f 674//3902 3055//3902 3042//3902
f 3043//3903 3047//3903 693//3903
f 650//3904 3041//3904 3044//3904
f 3057//3905 674//3905 3056//3905
f 50//3906 3032//3906 3046//3906
f 3050//3907 50//3907 3037//3907
f 3028//3908 3048//3908 3051//3908
f 3053//3909 3054//3909 648//3909
f 674//3910 3045//3910 3056//3910
f 3057//3911 3055//3911 674//3911
f 3071//3942 50//3942 3070//3942
f 3073//3943 50//3943 3072//3943
f 3075//3944 50//3944 3074//3944
f 3076//3945 50//3945 3073//3945
f 3078//3946 721//3946 705//3946 3077//3946
f 50//3947 3075//3947 3070//3947
f 3080//3948 705//3948 694//3948 3079//3948
f 3072//3949 50//3949 3081//3949
f 3083//3950 722//3950 721//3950 3082//3950
f 3074//3951 50//3951 3084//3951
f 50//3952 722//3952 3084//3952
f 3086//3953 694//3953 3034//3953 3085//3953
f 3088//3954 3034//3954 3087//3954
f 3034//3955 50//3955 3087//3955
f 705//3956 3089//3956 3077//3956
f 3078//3957 3090//3957 721//3957
f 694//3958 3086//3958 3079//3958
f 3092//3959 705//3959 3091//3959
f 50//3960 3071//3960 3081//3960
f 721//3961 3090//3961 3082//3961
f 722//3962 3083//3962 3084//3962
f 3034//3963 3088//3963 3085//3963
f 3087//3964 50//3964 3076//3964
f 705//3965 3080//3965 3091//3965
f 3092//3966 3089//3966 705//3966
f 3106//3991 3105//3991 50//3991
f 3108//3992 3107//3992 50//3992
f 3106//3993 50//3993 3109//3993
f 3111//3994 50//3994 3110//3994
f 3113//3995 749//3995 733//3995 3112//3995
f 50//3996 3105//3996 3108//3996
f 3115//3997 722//3997 3114//3997
f 3117//3998 733//3998 722//3998 3116//3998
f 3113//3999 3118//3999 750//3999 749//3999
f 50//4000 3111//4000 3109//4000
f 3120//4001 958//4001 3119//4001
f 958//4002 750//4002 3119//4002
f 3110//4003 50//4003 3121//4003
f 733//4004 3122//4004 3112//4004
f 3117//4005 3122//4005 733//4005
f 50//4006 3107//4006 3123//4006
f 3114//4007 722//4007 3124//4007
f 722//4008 50//4008 3124//4008
f 722//4009 3115//4009 3116//4009
f 3118//4010 3125//4010 750//4010
f 3119//4011 750//4011 3126//4011
f 958//4012 3120//4012 3121//4012
f 50//4013 3123//4013 3124//4013
f 750//4014 3125//4014 3126//4014
f 3140//4038 50//4038 3139//4038
f 3139//4039 50//4039 3141//4039
f 3143//4040 3142//4040 50//4040
f 3143//4041 50//4041 3144//4041
f 3146//4042 958//4042 3121//4042 3145//4042
f 3121//4043 50//4043 3145//4043
f 3148//4044 3147//4044 972//4044 958//4044
f 3146//4045 3148//4045 958//4045
f 3150//4046 973//4046 972//4046 3149//4046
f 50//4047 3142//4047 3141//4047
f 3152//4048 974//4048 973//4048 3151//4048
f 3154//4049 983//4049 989//4049 974//4049 3153//4049
f 3144//4050 50//4050 3155//4050
f 3145//4051 50//4051 3156//4051
f 50//4052 3140//4052 3157//4052
f 972//4053 3147//4053 3149//4053
f 3150//4054 3158//4054 973//4054
f 973//4055 3158//4055 3151//4055
f 974//4056 3152//4056 3153//4056
f 3160//4057 983//4057 3159//4057
f 3155//4058 50//4058 3161//4058
f 50//4059 983//4059 3161//4059
f 50//4060 3157//4060 3156//4060
f 983//4061 3154//4061 3159//4061
f 983//4062 3160//4062 3161//4062
f 3175//4087 1002//4087 982//4087 3174//4087
f 3177//4088 3176//4088 50//4088
f 3179//4089 50//4089 3178//4089
f 3181//4090 50//4090 3180//4090
f 3174//4091 982//4091 3182//4091
f 982//4092 50//4092 3182//4092
f 3177//4093 50//4093 3183//4093
f 3175//4094 3184//4094 1002//4094
f 3186//4095 1034//4095 1016//4095 1002//4095 3185//4095
f 3188//4096 1007//4096 1034//4096 3187//4096
f 3178//4097 50//4097 3189//4097
f 50//4098 1007//4098 3189//4098
f 50//4099 3190//4099 3180//4099
f 50//4100 3181//4100 3182//4100
f 3186//4101 3191//4101 1034//4101
f 50//4102 3179//4102 3183//4102
f 50//4103 3176//4103 3190//4103
f 3185//4104 1002//4104 3192//4104
f 1034//4105 3193//4105 3187//4105
f 1007//4106 3188//4106 3189//4106
f 3191//4107 3193//4107 1034//4107
f 3192//4108 1002//4108 3194//4108
f 1002//4109 3184//4109 3194//4109
f 3210//4132 3209//4132 3208//4132 3207//4132
f 3214//4133 3213//4133 3212//4133 3211//4133
f 3208//4134 3214//4134 3211//4134 3207//4134
f 3211//4135 3212//4135 3210//4135 3207//4135
f 3209//4136 3213//4136 3214//4136 3208//4136
f 3216//4137 3215//4137 3213//4137 3209//4137
f 3217//4138 3209//4138 3210//4138
f 3217//4139 3218//4139 3209//4139
f 3220//4140 3219//4140 3213//4140
f 3222//4141 3210//4141 3221//4141
f 3216//4142 3209//4142 3223//4142
f 3224//4143 3210//4143 3222//4143
f 3217//4144 3210//4144 3224//4144
f 3225//4145 3213//4145 3215//4145
f 3225//4146 3226//4146 3213//4146
f 3226//4147 3220//4147 3213//4147
f 3213//4148 3219//4148 3227//4148
f 3212//4149 3213//4149 3227//4149
f 3229//4150 3212//4150 3228//4150
f 3231//4151 3230//4151 3212//4151
f 3233//4152 3232//4152 3210//4152 3212//4152
f 3209//4153 3218//4153 3234//4153
f 3223//4154 3209//4154 3234//4154
f 3212//4155 3227//4155 3235//4155
f 3228//4156 3212//4156 3236//4156
f 3237//4157 3212//4157 3229//4157
f 3231//4158 3212//4158 3237//4158
f 3212//4159 3230//4159 3238//4159
f 3212//4160 3238//4160 3233//4160
f 3210//4161 3232//4161 3239//4161
f 3212//4162 3235//4162 3236//4162
f 3221//4163 3210//4163 3240//4163
f 3210//4164 3239//4164 3240//4164
f 3243//4165 3242//4165 3241//4165
f 3246//4166 3245//4166 3244//4166
f 3246//4167 3244//4167 3247//4167
f 3249//4168 3248//4168 3244//4168
f 3243//4169 3247//4169 3248//4169
f 3244//4170 3248//4170 3247//4170
f 3246//4171 3247//4171 3250//4171
f 3243//4172 3251//4172 3247//4172
f 3252//4173 3250//4173 3251//4173
f 3247//4174 3251//4174 3250//4174
f 3246//4175 3250//4175 3253//4175
f 3246//4176 3253//4176 3245//4176
f 3243//4177 3248//4177 3242//4177
f 3243//4178 3241//4178 3251//4178
f 3249//4179 3215//4179 3216//4179
f 3242//4180 3218//4180 3217//4180
f 3221//4181 3241//4181 3222//4181
f 3241//4182 3242//4182 3217//4182 3224//4182
f 3252//4183 3232//4183 3233//4183
f 3245//4184 3219//4184 3220//4184
f 3249//4185 3244//4185 3226//4185 3225//4185
f 3244//4186 3245//4186 3220//4186 3226//4186
f 3250//4187 3252//4187 3230//4187 3231//4187
f 3228//4188 3253//4188 3229//4188
f 3253//4189 3250//4189 3231//4189 3237//4189
f 3253//4190 3228//4190 3236//4190
f 3245//4191 3227//4191 3219//4191
f 3227//4192 3245//4192 3253//4192 3235//4192
f 3249//4193 3225//4193 3215//4193
f 3248//4194 3249//4194 3216//4194 3223//4194
f 3242//4195 3234//4195 3218//4195
f 3242//4196 3248//4196 3223//4196 3234//4196
f 3252//4197 3251//4197 3239//4197 3232//4197
f 3241//4198 3221//4198 3240//4198
f 3251//4199 3241//4199 3240//4199 3239//4199
f 3230//4200 3252//4200 3238//4200
f 3224//4201 3222//4201 3241//4201
f 3237//4202 3229//4202 3253//4202
f 3236//4203 3235//4203 3253//4203
f 3233//4204 3238//4204 3252//4204
f 3257//4205 3256//4205 3255//4205 3254//4205
f 3261//4206 3260//4206 3259//4206 3258//4206
f 3255//4207 3261//4207 3258//4207 3254//4207
f 3258//4208 3259//4208 3257//4208 3254//4208
f 3256//4209 3260//4209 3261//4209 3255//4209
f 3263//4210 3262//4210 3260//4210 3256//4210
f 3264//4211 3256//4211 3257//4211
f 3264//4212 3265//4212 3256//4212
f 3267//4213 3266//4213 3260//4213
f 3269//4214 3257//4214 3268//4214
f 3263//4215 3256//4215 3270//4215
f 3271//4216 3257//4216 3269//4216
f 3264//4217 3257//4217 3271//4217
f 3272//4218 3260//4218 3262//4218
f 3272//4219 3273//4219 3260//4219
f 3273//4220 3267//4220 3260//4220
f 3260//4221 3266//4221 3274//4221
f 3259//4222 3260//4222 3274//4222
f 3276//4223 3259//4223 3275//4223
f 3278//4224 3277//4224 3259//4224
f 3280//4225 3279//4225 3257//4225 3259//4225
f 3256//4226 3265//4226 3281//4226
f 3270//4227 3256//4227 3281//4227
f 3259//4228 3274//4228 3282//4228
f 3275//4229 3259//4229 3283//4229
f 3284//4230 3259//4230 3276//4230
f 3278//4231 3259//4231 3284//4231
f 3259//4232 3277//4232 3285//4232
f 3259//4233 3285//4233 3280//4233
f 3257//4234 3279//4234 3286//4234
f 3259//4235 3282//4235 3283//4235
f 3268//4236 3257//4236 3287//4236
f 3257//4237 3286//4237 3287//4237
f 3290//4238 3289//4238 3288//4238
f 3293//4239 3292//4239 3291//4239
f 3293//4240 3291//4240 3294//4240
f 3296//4241 3295//4241 3291//4241
f 3290//4242 3294//4242 3295//4242
f 3291//4243 3295//4243 3294//4243
f 3293//4244 3294//4244 3297//4244
f 3290//4245 3298//4245 3294//4245
f 3299//4246 3297//4246 3298//4246
f 3294//4247 3298//4247 3297//4247
f 3293//4248 3297//4248 3300//4248
f 3293//4249 3300//4249 3292//4249
f 3290//4250 3295//4250 3289//4250
f 3290//4251 3288//4251 3298//4251
f 3296//4252 3262//4252 3263//4252
f 3289//4253 3265//4253 3264//4253
f 3268//4254 3288//4254 3269//4254
f 3288//4255 3289//4255 3264//4255 3271//4255
f 3299//4256 3279//4256 3280//4256
f 3292//4257 3266//4257 3267//4257
f 3296//4258 3291//4258 3273//4258 3272//4258
f 3291//4259 3292//4259 3267//4259 3273//4259
f 3297//4260 3299//4260 3277//4260 3278//4260
f 3275//4261 3300//4261 3276//4261
f 3300//4262 3297//4262 3278//4262 3284//4262
f 3300//4263 3275//4263 3283//4263
f 3292//4264 3274//4264 3266//4264
f 3274//4265 3292//4265 3300//4265 3282//4265
f 3296//4266 3272//4266 3262//4266
f 3295//4267 3296//4267 3263//4267 3270//4267
f 3289//4268 3281//4268 3265//4268
f 3289//4269 3295//4269 3270//4269 3281//4269
f 3299//4270 3298//4270 3286//4270 3279//4270
f 3288//4271 3268//4271 3287//4271
f 3298//4272 3288//4272 3287//4272 3286//4272
f 3277//4273 3299//4273 3285//4273
f 3271//4274 3269//4274 3288//4274
f 3284//4275 3276//4275 3300//4275
f 3283//4276 3282//4276 3300//4276
f 3280//4277 3285//4277 3299//4277
f 3304//4278 3303//4278 3302//4278 3301//4278
f 3308//4279 3307//4279 3306//4279 3305//4279
f 3302//4280 3308//4280 3305//4280 3301//4280
f 3305//4281 3306//4281 3304//4281 3301//4281
f 3303//4282 3307//4282 3308//4282 3302//4282
f 3310//4283 3309//4283 3307//4283 3303//4283
f 3311//4284 3303//4284 3304//4284
f 3311//4285 3312//4285 3303//4285
f 3314//4286 3313//4286 3307//4286
f 3316//4287 3304//4287 3315//4287
f 3310//4288 3303//4288 3317//4288
f 3318//4289 3304//4289 3316//4289
f 3311//4290 3304//4290 3318//4290
f 3319//4291 3307//4291 3309//4291
f 3319//4292 3320//4292 3307//4292
f 3320//4293 3314//4293 3307//4293
f 3307//4294 3313//4294 3321//4294
f 3306//4295 3307//4295 3321//4295
f 3323//4296 3306//4296 3322//4296
f 3325//4297 3324//4297 3306//4297
f 3327//4298 3326//4298 3304//4298 3306//4298
f 3303//4299 3312//4299 3328//4299
f 3317//4300 3303//4300 3328//4300
f 3306//4301 3321//4301 3329//4301
f 3322//4302 3306//4302 3330//4302
f 3331//4303 3306//4303 3323//4303
f 3325//4304 3306//4304 3331//4304
f 3306//4305 3324//4305 3332//4305
f 3306//4306 3332//4306 3327//4306
f 3304//4307 3326//4307 3333//4307
f 3306//4308 3329//4308 3330//4308
f 3315//4309 3304//4309 3334//4309
f 3304//4310 3333//4310 3334//4310
f 3337//4311 3336//4311 3335//4311
f 3340//4312 3339//4312 3338//4312
f 3340//4313 3338//4313 3341//4313
f 3343//4314 3342//4314 3338//4314
f 3337//4315 3341//4315 3342//4315
f 3338//4316 3342//4316 3341//4316
f 3340//4317 3341//4317 3344//4317
f 3337//4318 3345//4318 3341//4318
f 3346//4319 3344//4319 3345//4319
f 3341//4320 3345//4320 3344//4320
f 3340//4321 3344//4321 3347//4321
f 3340//4322 3347//4322 3339//4322
f 3337//4323 3342//4323 3336//4323
f 3337//4324 3335//4324 3345//4324
f 3343//4325 3309//4325 3310//4325
f 3336//4326 3312//4326 3311//4326
f 3315//4327 3335//4327 3316//4327
f 3335//4328 3336//4328 3311//4328 3318//4328
f 3346//4329 3326//4329 3327//4329
f 3339//4330 3313//4330 3314//4330
f 3343//4331 3338//4331 3320//4331 3319//4331
f 3338//4332 3339//4332 3314//4332 3320//4332
f 3344//4333 3346//4333 3324//4333 3325//4333
f 3322//4334 3347//4334 3323//4334
f 3347//4335 3344//4335 3325//4335 3331//4335
f 3347//4336 3322//4336 3330//4336
f 3339//4337 3321//4337 3313//4337
f 3321//4338 3339//4338 3347//4338 3329//4338
f 3343//4339 3319//4339 3309//4339
f 3342//4340 3343//4340 3310//4340 3317//4340
f 3336//4341 3328//4341 3312//4341
f 3336//4342 3342//4342 3317//4342 3328//4342
f 3346//4343 3345//4343 3333//4343 3326//4343
f 3335//4344 3315//4344 3334//4344
f 3345//4345 3335//4345 3334//4345 3333//4345
f 3324//4346 3346//4346 3332//4346
f 3318//4347 3316//4347 3335//4347
f 3331//4348 3323//4348 3347//4348
f 3330//4349 3329//4349 3347//4349
f 3327//4350 3332//4350 3346//4350
f 3367//4363 3366//4363 3365//4363 3364//4363
f 3371//4364 3370//4364 3369//4364 3368//4364
f 3365//4365 3371//4365 3368//4365 3364//4365
f 3368//4366 3369//4366 3367//4366 3364//4366
f 3366//4367 3370//4367 3371//4367 3365//4367
f 3372//4368 3367//4368 3369//4368
f 3373//4369 3370//4369 3366//4369
f 3375//4370 3374//4370 3369//4370 3370//4370
f 3376//4371 3367//4371 3372//4371
f 3376//4372 3377//4372 3366//4372 3367//4372
f 3377//4373 3373//4373 3366//4373
f 3378//4374 3375//4374 3370//4374
f 3370//4375 3373//4375 3378//4375
f 3379//4376 3369//4376 3374//4376
f 3379//4377 3372//4377 3369//4377
f 3378//4378 3379//4378 3374//4378 3375//4378
f 3387//4386 3386//4386 3385//4386 3384//4386
f 3386//4387 3389//4387 3388//4387 3385//4387
f 3389//4388 3391//4388 3390//4388 3388//4388
f 3391//4389 3393//4389 3392//4389 3390//4389
f 3393//4390 3395//4390 3394//4390 3392//4390
f 3395//4391 3397//4391 3396//4391 3394//4391
f 3397//4392 3399//4392 3398//4392 3396//4392
f 3399//4393 3401//4393 3400//4393 3398//4393
f 3401//4394 3403//4394 3402//4394 3400//4394
f 3403//4395 3405//4395 3404//4395 3402//4395
f 3405//4396 3407//4396 3406//4396 3404//4396
f 3407//4397 3387//4397 3384//4397 3406//4397
f 3384//4398 3385//4398 3388//4398 3390//4398 3392//4398 3394//4398 3396//4398 3398//4398 3400//4398 3402//4398 3404//4398 3406//4398
f 3407//4399 3405//4399 3403//4399 3401//4399 3399//4399 3397//4399 3395//4399 3393//4399 3391//4399 3389//4399 3386//4399 3387//4399
f 3411//4400 3410//4400 3409//4400 3408//4400
f 3410//4401 3413//4401 3412//4401 3409//4401
f 3413//4402 3415//4402 3414//4402 3412//4402
f 3415//4403 3417//4403 3416//4403 3414//4403
f 3417//4404 3419//4404 3418//4404 3416//4404
f 3419//4405 3421//4405 3420//4405 3418//4405
f 3421//4406 3423//4406 3422//4406 3420//4406
f 3423//4407 3425//4407 3424//4407 3422//4407
f 3425//4408 3427//4408 3426//4408 3424//4408
f 3427//4409 3429//4409 3428//4409 3426//4409
f 3429//4410 3431//4410 3430//4410 3428//4410
f 3431//4411 3411//4411 3408//4411 3430//4411
f 3408//4412 3409//4412 3412//4412 3414//4412 3416//4412 3418//4412 3420//4412 3422//4412 3424//4412 3426//4412 3428//4412 3430//4412
f 3431//4413 3429//4413 3427//4413 3425//4413 3423//4413 3421//4413 3419//4413 3417//4413 3415//4413 3413//4413 3410//4413 3411//4413
f 3435//4414 3434//4414 3433//4414 3432//4414
f 3434//4415 3437//4415 3436//4415 3433//4415
f 3437//4416 3439//4416 3438//4416 3436//4416
f 3439//4417 3441//4417 3440//4417 3438//4417
f 3441//4418 3443//4418 3442//4418 3440//4418
f 3443//4419 3445//4419 3444//4419 3442//4419
f 3445//4420 3447//4420 3446//4420 3444//4420
f 3447//4421 3449//4421 3448//4421 3446//4421
f 3449//4422 3451//4422 3450//4422 3448//4422
f 3451//4423 3453//4423 3452//4423 3450//4423
f 3453//4424 3455//4424 3454//4424 3452//4424
f 3455//4425 3435//4425 3432//4425 3454//4425
f 3432//4426 3433//4426 3436//4426 3438//4426 3440//4426 3442//4426 3444//4426 3446//4426 3448//4426 3450//4426 3452//4426 3454//4426
f 3455//4427 3453//4427 3451//4427 3449//4427 3447//4427 3445//4427 3443//4427 3441//4427 3439//4427 3437//4427 3434//4427 3435//4427
usemtl mat22
f 81//105 80//105 79//105 71//105
f 72//106 83//106 82//106 73//106
f 75//107 82//107 81//107 71//107
f 80//108 83//108 76//108 77//108
f 72//109 74//109 83//109
f 75//110 73//110 82//110
f 74//111 76//111 83//111
f 79//112 80//112 78//112
f 78//113 80//113 77//113
f 1819//2295 81//2295 82//2295
f 1819//2296 1820//2296 80//2296 81//2296
f 1820//2297 83//2297 80//2297
f 1821//2298 83//2298 1820//2298
f 1821//2299 1822//2299 82//2299 83//2299
f 1822//2300 1819//2300 82//2300
f 1822//2301 1821//2301 1820//2301 1819//2301
usemtl mat17
f 107//126 106//126 105//126 104//126 103//126 102//126 101//126 100//126 99//126 98//126 97//126 96//126
f 106//127 107//127 109//127 108//127
f 105//128 106//128 108//128 110//128
f 104//129 105//129 110//129 111//129
f 103//130 104//130 111//130 92//130
f 102//131 103//131 92//131 91//131
f 101//132 102//132 91//132 95//132
f 93//133 100//133 101//133 94//133
f 89//134 99//134 100//134 90//134
f 86//135 98//135 99//135 87//135
f 84//136 97//136 98//136 85//136
f 96//137 97//137 84//137 112//137
f 107//138 96//138 112//138 109//138
f 95//139 94//139 101//139
f 93//140 90//140 100//140
f 88//141 87//141 99//141
f 86//142 85//142 98//142
f 89//143 88//143 99//143
f 144//165 143//165 142//165 141//165 140//165 139//165 138//165 137//165 136//165 135//165 134//165 133//165
f 143//166 144//166 125//166 145//166
f 142//167 143//167 145//167 146//167
f 141//168 142//168 146//168 131//168
f 140//169 141//169 131//169 130//169
f 139//170 140//170 113//170 114//170
f 116//171 138//171 139//171 117//171
f 137//172 138//172 116//172 122//172
f 120//173 136//173 137//173 121//173
f 118//174 135//174 136//174 119//174
f 126//175 134//175 135//175 118//175
f 123//176 133//176 134//176 124//176
f 144//177 133//177 123//177 125//177
f 130//178 113//178 140//178
f 114//179 115//179 139//179
f 115//180 117//180 139//180
f 127//181 121//181 137//181
f 120//182 119//182 136//182
f 128//183 134//183 129//183
f 128//184 124//184 134//184
f 122//185 127//185 137//185
f 134//186 126//186 132//186
f 132//187 129//187 134//187
f 177//207 176//207 175//207 174//207 173//207 172//207 171//207 170//207 169//207 168//207 167//207 166//207
f 176//208 177//208 157//208 178//208
f 175//209 176//209 178//209 179//209
f 174//210 175//210 179//210 163//210
f 173//211 174//211 163//211 162//211
f 172//212 173//212 147//212 148//212
f 171//213 172//213 149//213 154//213
f 170//214 171//214 154//214 159//214
f 152//215 169//215 170//215 153//215
f 168//216 169//216 150//216 151//216
f 160//217 167//217 168//217 161//217
f 155//218 166//218 167//218 156//218
f 177//219 166//219 155//219 157//219
f 162//220 147//220 173//220
f 148//221 149//221 172//221
f 158//222 153//222 170//222
f 152//223 150//223 169//223
f 151//224 165//224 168//224
f 164//225 161//225 168//225
f 160//226 156//226 167//226
f 159//227 158//227 170//227
f 165//228 164//228 168//228
f 211//249 210//249 209//249 208//249 207//249 206//249 205//249 204//249 203//249 202//249 201//249 200//249
f 210//250 211//250 190//250 212//250
f 209//251 210//251 212//251 192//251
f 208//252 209//252 192//252 191//252
f 207//253 208//253 191//253 195//253
f 206//254 207//254 195//254 197//254
f 205//255 206//255 180//255 181//255
f 204//256 205//256 182//256 187//256
f 185//257 203//257 204//257 186//257
f 202//258 203//258 183//258 184//258
f 193//259 201//259 202//259 194//259
f 188//260 200//260 201//260 189//260
f 211//261 200//261 188//261 190//261
f 197//262 180//262 206//262
f 181//263 182//263 205//263
f 187//264 186//264 204//264
f 185//265 183//265 203//265
f 198//266 202//266 199//266
f 199//267 202//267 184//267
f 196//268 194//268 202//268
f 193//269 189//269 201//269
f 198//270 196//270 202//270
f 243//290 242//290 241//290 240//290 239//290 238//290 237//290 236//290 235//290 234//290 233//290 232//290
f 242//291 243//291 222//291 216//291
f 241//292 242//292 216//292 215//292
f 240//293 241//293 215//293 223//293
f 239//294 240//294 223//294 226//294
f 238//295 239//295 226//295 228//295
f 213//296 237//296 238//296 214//296
f 236//297 237//297 213//297 219//297
f 235//298 236//298 217//298 218//298
f 229//299 234//299 235//299 230//299
f 224//300 233//300 234//300 225//300
f 220//301 232//301 233//301 221//301
f 243//302 232//302 220//302 222//302
f 228//303 214//303 238//303
f 219//304 217//304 236//304
f 218//305 231//305 235//305
f 231//306 230//306 235//306
f 227//307 225//307 234//307
f 224//308 221//308 233//308
f 229//309 227//309 234//309
f 272//327 271//327 270//327 269//327 268//327 267//327 266//327 265//327 264//327 263//327 262//327 261//327
f 271//328 272//328 248//328 245//328
f 270//329 271//329 245//329 244//329
f 269//330 270//330 244//330 249//330
f 268//331 269//331 249//331 252//331
f 267//332 268//332 252//332 254//332
f 266//333 267//333 254//333 257//333
f 265//334 266//334 257//334 260//334
f 258//335 264//335 265//335 259//335
f 255//336 263//336 264//336 256//336
f 250//337 262//337 263//337 251//337
f 246//338 261//338 262//338 247//338
f 272//339 261//339 246//339 248//339
f 260//340 259//340 265//340
f 258//341 256//341 264//341
f 253//342 251//342 263//342
f 250//343 247//343 262//343
f 255//344 253//344 263//344
f 296//357 295//357 294//357 293//357 292//357 291//357 290//357 289//357 288//357 287//357 286//357 285//357
f 295//358 296//358 298//358 297//358
f 294//359 295//359 297//359 283//359
f 279//360 293//360 294//360 280//360
f 277//361 292//361 293//361 278//361
f 273//362 291//362 292//362 274//362
f 290//363 291//363 273//363 281//363
f 275//364 289//364 290//364 276//364
f 288//365 289//365 275//365 282//365
f 300//366 287//366 288//366 299//366
f 302//367 286//367 287//367 301//367
f 303//368 285//368 286//368 302//368
f 298//369 296//369 285//369 304//369
f 283//370 280//370 294//370
f 279//371 278//371 293//371
f 277//372 274//372 292//372
f 281//373 276//373 290//373
f 284//374 288//374 282//374
f 284//375 299//375 288//375
f 300//376 301//376 287//376
f 303//377 305//377 285//377
f 305//378 304//378 285//378
f 332//395 331//395 330//395 329//395 328//395 327//395 326//395 325//395 324//395 323//395 322//395 321//395
f 331//396 332//396 317//396 333//396
f 330//397 331//397 333//397 306//397
f 329//398 330//398 306//398 309//398
f 307//399 328//399 329//399 308//399
f 327//400 328//400 307//400 312//400
f 326//401 327//401 312//401 315//401
f 325//402 326//402 315//402 320//402
f 318//403 324//403 325//403 319//403
f 310//404 323//404 324//404 311//404
f 322//405 323//405 310//405 313//405
f 321//406 322//406 313//406 316//406
f 332//407 321//407 316//407 317//407
f 309//408 308//408 329//408
f 320//409 319//409 325//409
f 314//410 311//410 324//410
f 318//411 314//411 324//411
f 362//430 361//430 360//430 359//430 358//430 357//430 356//430 355//430 354//430 353//430 352//430 351//430
f 361//431 362//431 364//431 363//431
f 360//432 361//432 363//432 347//432
f 344//433 359//433 360//433 345//433
f 358//434 359//434 344//434 348//434
f 357//435 358//435 348//435 350//435
f 334//436 356//436 357//436 335//436
f 338//437 355//437 356//437 339//437
f 336//438 354//438 355//438 337//438
f 353//439 354//439 336//439 342//439
f 352//440 353//440 340//440 341//440
f 365//441 351//441 352//441 349//441
f 362//442 351//442 367//442 366//442
f 347//443 345//443 360//443
f 343//444 335//444 357//444
f 334//445 339//445 356//445
f 338//446 337//446 355//446
f 342//447 340//447 353//447
f 341//448 346//448 352//448
f 346//449 349//449 352//449
f 368//450 367//450 351//450
f 366//451 364//451 362//451
f 350//452 343//452 357//452
f 365//453 368//453 351//453
f 391//465 390//465 389//465 388//465 387//465 386//465 385//465 384//465 383//465 382//465 381//465 380//465
f 390//466 391//466 393//466 392//466
f 389//467 390//467 392//467 377//467
f 375//468 388//468 389//468 376//468
f 387//469 388//469 375//469 378//469
f 386//470 387//470 378//470 379//470
f 373//471 385//471 386//471 374//471
f 369//472 384//472 385//472 370//472
f 371//473 383//473 384//473 372//473
f 382//474 383//474 371//474 394//474
f 396//475 381//475 382//475 395//475
f 397//476 380//476 381//476 396//476
f 391//477 380//477 398//477 393//477
f 377//478 376//478 389//478
f 379//479 374//479 386//479
f 373//480 370//480 385//480
f 369//481 372//481 384//481
f 399//482 395//482 382//482
f 398//483 380//483 400//483
f 400//484 380//484 397//484
f 394//485 399//485 382//485
f 437//511 436//511 435//511 434//511 433//511 432//511 431//511 430//511 429//511 428//511 427//511 426//511
f 439//512 436//512 437//512 438//512
f 435//513 436//513 440//513 425//513
f 434//514 435//514 425//514 424//514
f 420//515 433//515 434//515 421//515
f 432//516 433//516 420//516 423//516
f 401//517 431//517 432//517 402//517
f 403//518 430//518 431//518 404//518
f 405//519 429//519 430//519 406//519
f 428//520 429//520 405//520 414//520
f 427//521 428//521 412//521 413//521
f 426//522 427//522 410//522 411//522
f 437//523 426//523 442//523 441//523
f 439//524 440//524 436//524
f 424//525 421//525 434//525
f 402//526 432//526 416//526
f 432//527 415//527 416//527
f 409//528 404//528 431//528
f 406//529 430//529 408//529
f 430//530 407//530 408//530
f 414//531 412//531 428//531
f 417//532 427//532 418//532
f 418//533 427//533 413//533
f 422//534 410//534 427//534
f 419//535 426//535 411//535
f 443//536 442//536 426//536
f 441//537 438//537 437//537
f 423//538 415//538 432//538
f 401//539 409//539 431//539
f 403//540 407//540 430//540
f 417//541 422//541 427//541
f 419//542 443//542 426//542
f 488//576 487//576 486//576 485//576 484//576 483//576 482//576 481//576 480//576 479//576 478//576 477//576
f 487//577 488//577 490//577 489//577
f 486//578 487//578 492//578 491//578
f 485//579 486//579 460//579 459//579
f 484//580 485//580 455//580 456//580
f 483//581 484//581 457//581 458//581
f 446//582 482//582 483//582 447//582
f 481//583 482//583 444//583 445//583
f 480//584 481//584 448//584 449//584
f 451//585 479//585 480//585 452//585
f 468//586 478//586 479//586 469//586
f 477//587 478//587 464//587 465//587
f 488//588 477//588 466//588 467//588
f 493//589 490//589 488//589
f 489//590 494//590 487//590
f 495//591 492//591 487//591
f 491//592 460//592 486//592
f 459//593 455//593 485//593
f 461//594 484//594 456//594
f 462//595 457//595 484//595
f 458//596 470//596 483//596
f 450//597 447//597 483//597
f 446//598 444//598 482//598
f 445//599 453//599 481//599
f 453//600 448//600 481//600
f 449//601 454//601 480//601
f 454//602 452//602 480//602
f 472//603 479//603 451//603
f 473//604 464//604 478//604
f 465//605 475//605 477//605
f 475//606 466//606 477//606
f 496//607 488//607 467//607
f 494//608 495//608 487//608
f 462//609 484//609 463//609
f 463//610 484//610 461//610
f 471//611 450//611 483//611
f 479//612 472//612 474//612
f 474//613 469//613 479//613
f 476//614 478//614 468//614
f 476//615 473//615 478//615
f 496//616 493//616 488//616
f 470//617 471//617 483//617
f 547//657 546//657 545//657 544//657 543//657 542//657 541//657 540//657 539//657 538//657 537//657 536//657
f 497//658 546//658 547//658 498//658
f 545//659 546//659 549//659 548//659
f 544//660 545//660 548//660 550//660
f 552//661 543//661 544//661 551//661
f 554//662 542//662 543//662 553//662
f 541//663 542//663 499//663 500//663
f 540//664 541//664 503//664 504//664
f 512//665 539//665 540//665 513//665
f 538//666 539//666 512//666 533//666
f 537//667 538//667 531//667 532//667
f 536//668 537//668 521//668 522//668
f 547//669 536//669 515//669 516//669
f 497//670 549//670 546//670
f 550//671 551//671 544//671
f 553//672 543//672 555//672
f 543//673 556//673 555//673
f 501//674 499//674 542//674
f 502//675 541//675 500//675
f 507//676 503//676 541//676
f 540//677 505//677 506//677
f 514//678 513//678 540//678
f 533//679 531//679 538//679
f 534//680 537//680 532//680
f 537//681 523//681 524//681
f 525//682 536//682 526//682
f 526//683 536//683 522//683
f 536//684 517//684 518//684
f 516//685 498//685 547//685
f 552//686 556//686 543//686
f 554//687 501//687 542//687
f 507//688 541//688 508//688
f 508//689 541//689 502//689
f 540//690 504//690 509//690
f 506//691 511//691 540//691
f 511//692 514//692 540//692
f 534//693 535//693 537//693
f 530//694 523//694 537//694
f 528//695 521//695 537//695
f 520//696 517//696 536//696
f 515//697 536//697 519//697
f 536//698 518//698 519//698
f 540//699 509//699 510//699
f 510//700 505//700 540//700
f 535//701 530//701 537//701
f 528//702 537//702 529//702
f 537//703 524//703 529//703
f 527//704 520//704 536//704
f 525//705 527//705 536//705
f 590//728 589//728 588//728 587//728 586//728 585//728 584//728 583//728 582//728 581//728 580//728 579//728
f 589//729 590//729 557//729 558//729
f 588//730 589//730 560//730 570//730
f 592//731 587//731 588//731 591//731
f 586//732 587//732 594//732 593//732
f 585//733 586//733 596//733 595//733
f 584//734 585//734 598//734 597//734
f 583//735 584//735 600//735 599//735
f 582//736 583//736 561//736 573//736
f 581//737 582//737 573//737 578//737
f 564//738 580//738 581//738 565//738
f 568//739 579//739 580//739 569//739
f 590//740 579//740 566//740 567//740
f 559//741 557//741 590//741
f 558//742 560//742 589//742
f 601//743 591//743 588//743
f 592//744 594//744 587//744
f 593//745 602//745 586//745
f 602//746 596//746 586//746
f 595//747 598//747 585//747
f 597//748 600//748 584//748
f 561//749 583//749 562//749
f 581//750 571//750 572//750
f 575//751 580//751 564//751
f 568//752 566//752 579//752
f 559//753 590//753 577//753
f 577//754 590//754 567//754
f 570//755 601//755 588//755
f 583//756 599//756 563//756
f 563//757 562//757 583//757
f 578//758 571//758 581//758
f 565//759 581//759 574//759
f 581//760 572//760 574//760
f 580//761 575//761 576//761
f 576//762 569//762 580//762
f 626//775 625//775 624//775 623//775 622//775 621//775 620//775 619//775 618//775 617//775 616//775 615//775
f 625//776 626//776 603//776 604//776
f 624//777 625//777 604//777 605//777
f 628//778 623//778 624//778 627//778
f 622//779 623//779 628//779 629//779
f 621//780 622//780 629//780 630//780
f 620//781 621//781 630//781 631//781
f 619//782 620//782 631//782 614//782
f 618//783 619//783 614//783 613//783
f 610//784 617//784 618//784 611//784
f 606//785 616//785 617//785 607//785
f 615//786 616//786 606//786 608//786
f 626//787 615//787 608//787 603//787
f 605//788 627//788 624//788
f 612//789 611//789 618//789
f 609//790 607//790 617//790
f 613//791 612//791 618//791
f 610//792 609//792 617//792
f 647//795 646//795 645//795 644//795 643//795 642//795 641//795 640//795 639//795 638//795 637//795 636//795
f 646//796 647//796 649//796 648//796
f 645//797 646//797 648//797 650//797
f 652//798 644//798 645//798 651//798
f 654//799 643//799 644//799 653//799
f 642//800 643//800 654//800 655//800
f 657//801 641//801 642//801 656//801
f 640//802 641//802 659//802 658//802
f 639//803 640//803 635//803 634//803
f 638//804 639//804 661//804 660//804
f 637//805 638//805 663//805 662//805
f 665//806 636//806 637//806 664//806
f 647//807 636//807 665//807 649//807
f 650//808 651//808 645//808
f 652//809 653//809 644//809
f 655//810 656//810 642//810
f 666//811 659//811 641//811
f 658//812 635//812 640//812
f 634//813 661//813 639//813
f 633//814 638//814 660//814
f 667//815 663//815 638//815
f 662//816 668//816 637//816
f 669//817 664//817 637//817
f 670//818 666//818 641//818
f 633//819 632//819 638//819
f 632//820 667//820 638//820
f 668//821 669//821 637//821
f 657//822 670//822 641//822
f 692//832 691//832 690//832 689//832 688//832 687//832 686//832 685//832 684//832 683//832 682//832 681//832
f 691//833 692//833 674//833 693//833
f 690//834 691//834 693//834 694//834
f 696//835 689//835 690//835 695//835
f 688//836 689//836 696//836 697//836
f 687//837 688//837 697//837 698//837
f 686//838 687//838 698//838 699//838
f 685//839 686//839 699//839 680//839
f 678//840 684//840 685//840 679//840
f 675//841 683//841 684//841 676//841
f 671//842 682//842 683//842 672//842
f 681//843 682//843 671//843 673//843
f 692//844 681//844 673//844 674//844
f 694//845 695//845 690//845
f 680//846 679//846 685//846
f 677//847 676//847 684//847
f 675//848 672//848 683//848
f 678//849 677//849 684//849
f 720//858 719//858 718//858 717//858 716//858 715//858 714//858 713//858 712//858 711//858 710//858 709//858
f 719//859 720//859 705//859 721//859
f 718//860 719//860 721//860 722//860
f 717//861 718//861 722//861 723//861
f 725//862 716//862 717//862 724//862
f 715//863 716//863 725//863 726//863
f 714//864 715//864 726//864 727//864
f 713//865 714//865 727//865 708//865
f 706//866 712//866 713//866 707//866
f 700//867 711//867 712//867 701//867
f 710//868 711//868 700//868 702//868
f 709//869 710//869 702//869 704//869
f 720//870 709//870 704//870 705//870
f 723//871 724//871 717//871
f 708//872 707//872 713//872
f 703//873 701//873 712//873
f 706//874 703//874 712//874
f 748//883 747//883 746//883 745//883 744//883 743//883 742//883 741//883 740//883 739//883 738//883 737//883
f 747//884 748//884 733//884 749//884
f 746//885 747//885 749//885 750//885
f 745//886 746//886 750//886 751//886
f 753//887 744//887 745//887 752//887
f 743//888 744//888 753//888 754//888
f 742//889 743//889 754//889 755//889
f 741//890 742//890 755//890 736//890
f 734//891 740//891 741//891 735//891
f 728//892 739//892 740//892 729//892
f 738//893 739//893 728//893 730//893
f 737//894 738//894 730//894 732//894
f 748//895 737//895 732//895 733//895
f 751//896 752//896 745//896
f 736//897 735//897 741//897
f 731//898 729//898 740//898
f 734//899 731//899 740//899
f 776//909 775//909 774//909 773//909 772//909 771//909 770//909 769//909 768//909 767//909 766//909 765//909
f 775//910 776//910 778//910 777//910
f 774//911 775//911 777//911 760//911
f 758//912 773//912 774//912 759//912
f 772//913 773//913 758//913 762//913
f 771//914 772//914 762//914 764//914
f 756//915 770//915 771//915 757//915
f 769//916 770//916 756//916 761//916
f 768//917 769//917 761//917 763//917
f 780//918 767//918 768//918 779//918
f 782//919 766//919 767//919 781//919
f 765//920 766//920 782//920 783//920
f 776//921 765//921 783//921 778//921
f 760//922 759//922 774//922
f 764//923 757//923 771//923
f 763//924 779//924 768//924
f 780//925 781//925 767//925
f 805//934 804//934 803//934 802//934 801//934 800//934 799//934 798//934 797//934 796//934 795//934 794//934
f 784//935 804//935 805//935 785//935
f 803//936 804//936 784//936 788//936
f 807//937 802//937 803//937 806//937
f 801//938 802//938 807//938 792//938
f 789//939 800//939 801//939 790//939
f 799//940 800//940 789//940 791//940
f 798//941 799//941 791//941 793//941
f 786//942 797//942 798//942 787//942
f 808//943 796//943 797//943 786//943
f 810//944 795//944 796//944 809//944
f 812//945 794//945 795//945 811//945
f 805//946 794//946 812//946 813//946
f 814//947 805//947 813//947
f 806//948 803//948 815//948
f 803//949 816//949 815//949
f 792//950 790//950 801//950
f 793//951 787//951 798//951
f 818//952 796//952 817//952
f 817//953 796//953 808//953
f 818//954 809//954 796//954
f 810//955 811//955 795//955
f 805//956 814//956 819//956
f 819//957 785//957 805//957
f 788//958 816//958 803//958
f 838//964 837//964 836//964 835//964 834//964 833//964 832//964 831//964 830//964 829//964 828//964 827//964
f 820//965 837//965 838//965 821//965
f 836//966 837//966 820//966 825//966
f 835//967 836//967 840//967 839//967
f 842//968 834//968 835//968 841//968
f 833//969 834//969 844//969 843//969
f 832//970 833//970 846//970 845//970
f 824//971 831//971 832//971 847//971
f 830//972 831//972 824//972 823//972
f 849//973 829//973 830//973 848//973
f 828//974 829//974 851//974 850//974
f 827//975 828//975 853//975 852//975
f 838//976 827//976 855//976 854//976
f 822//977 821//977 838//977
f 825//978 840//978 836//978
f 856//979 835//979 839//979
f 857//980 841//980 835//980
f 842//981 844//981 834//981
f 843//982 858//982 833//982
f 858//983 846//983 833//983
f 859//984 832//984 845//984
f 860//985 847//985 832//985
f 826//986 830//986 823//986
f 826//987 848//987 830//987
f 861//988 851//988 829//988
f 850//989 862//989 828//989
f 862//990 853//990 828//990
f 852//991 863//991 827//991
f 863//992 855//992 827//992
f 864//993 838//993 854//993
f 865//994 822//994 838//994
f 856//995 866//995 835//995
f 867//996 857//996 835//996
f 859//997 860//997 832//997
f 849//998 861//998 829//998
f 864//999 865//999 838//999
f 866//1000 867//1000 835//1000
f 888//1008 887//1008 886//1008 885//1008 884//1008 883//1008 882//1008 881//1008 880//1008 879//1008 878//1008 877//1008
f 874//1009 887//1009 888//1009 875//1009
f 872//1010 886//1010 887//1010 873//1010
f 889//1011 885//1011 886//1011 872//1011
f 884//1012 885//1012 891//1012 890//1012
f 893//1013 883//1013 884//1013 892//1013
f 882//1014 883//1014 894//1014 869//1014
f 870//1015 881//1015 882//1015 871//1015
f 880//1016 881//1016 870//1016 876//1016
f 879//1017 880//1017 896//1017 895//1017
f 878//1018 879//1018 898//1018 897//1018
f 877//1019 878//1019 900//1019 899//1019
f 902//1020 888//1020 877//1020 901//1020
f 902//1021 875//1021 888//1021
f 874//1022 873//1022 887//1022
f 904//1023 885//1023 903//1023
f 903//1024 885//1024 889//1024
f 904//1025 891//1025 885//1025
f 890//1026 905//1026 884//1026
f 906//1027 892//1027 884//1027
f 907//1028 894//1028 883//1028
f 869//1029 868//1029 882//1029
f 868//1030 871//1030 882//1030
f 876//1031 896//1031 880//1031
f 895//1032 908//1032 879//1032
f 909//1033 898//1033 879//1033
f 897//1034 910//1034 878//1034
f 911//1035 900//1035 878//1035
f 912//1036 877//1036 899//1036
f 913//1037 901//1037 877//1037
f 905//1038 906//1038 884//1038
f 893//1039 907//1039 883//1039
f 908//1040 909//1040 879//1040
f 910//1041 911//1041 878//1041
f 912//1042 913//1042 877//1042
f 940//1057 939//1057 938//1057 937//1057 936//1057 935//1057 934//1057 933//1057 932//1057 931//1057 930//1057 929//1057
f 939//1058 940//1058 914//1058 915//1058
f 938//1059 939//1059 915//1059 923//1059
f 942//1060 937//1060 938//1060 941//1060
f 944//1061 936//1061 937//1061 943//1061
f 935//1062 936//1062 944//1062 945//1062
f 934//1063 935//1063 947//1063 946//1063
f 949//1064 933//1064 934//1064 948//1064
f 932//1065 933//1065 949//1065 925//1065
f 921//1066 931//1066 932//1066 922//1066
f 919//1067 930//1067 931//1067 920//1067
f 929//1068 930//1068 916//1068 917//1068
f 914//1069 940//1069 929//1069 926//1069
f 923//1070 941//1070 938//1070
f 942//1071 943//1071 937//1071
f 950//1072 947//1072 935//1072
f 946//1073 951//1073 934//1073
f 951//1074 948//1074 934//1074
f 925//1075 922//1075 932//1075
f 924//1076 920//1076 931//1076
f 919//1077 916//1077 930//1077
f 918//1078 929//1078 917//1078
f 927//1079 926//1079 929//1079
f 945//1080 950//1080 935//1080
f 921//1081 924//1081 931//1081
f 927//1082 929//1082 928//1082
f 928//1083 929//1083 918//1083
f 971//1091 970//1091 969//1091 968//1091 967//1091 966//1091 965//1091 964//1091 963//1091 962//1091 961//1091 960//1091
f 970//1092 971//1092 958//1092 972//1092
f 969//1093 970//1093 972//1093 973//1093
f 968//1094 969//1094 973//1094 974//1094
f 976//1095 967//1095 968//1095 975//1095
f 978//1096 966//1096 967//1096 977//1096
f 965//1097 966//1097 978//1097 979//1097
f 964//1098 965//1098 979//1098 959//1098
f 955//1099 963//1099 964//1099 956//1099
f 952//1100 962//1100 963//1100 953//1100
f 961//1101 962//1101 952//1101 954//1101
f 960//1102 961//1102 954//1102 957//1102
f 971//1103 960//1103 957//1103 958//1103
f 974//1104 975//1104 968//1104
f 976//1105 977//1105 967//1105
f 959//1106 956//1106 964//1106
f 955//1107 953//1107 963//1107
f 1001//1116 1000//1116 999//1116 998//1116 997//1116 996//1116 995//1116 994//1116 993//1116 992//1116 991//1116 990//1116
f 1000//1117 1001//1117 980//1117 981//1117
f 999//1118 1000//1118 981//1118 982//1118
f 998//1119 999//1119 982//1119 1002//1119
f 997//1120 998//1120 1002//1120 1003//1120
f 1005//1121 996//1121 997//1121 1004//1121
f 995//1122 996//1122 1005//1122 1006//1122
f 994//1123 995//1123 1006//1123 987//1123
f 984//1124 993//1124 994//1124 985//1124
f 992//1125 993//1125 984//1125 986//1125
f 991//1126 992//1126 986//1126 988//1126
f 983//1127 990//1127 991//1127 989//1127
f 1001//1128 990//1128 983//1128 980//1128
f 1003//1129 1004//1129 997//1129
f 987//1130 985//1130 994//1130
f 988//1131 989//1131 991//1131
f 1028//1140 1027//1140 1026//1140 1025//1140 1024//1140 1023//1140 1022//1140 1021//1140 1020//1140 1019//1140 1018//1140 1017//1140
f 1027//1141 1028//1141 1007//1141 1008//1141
f 1026//1142 1027//1142 1008//1142 1009//1142
f 1025//1143 1026//1143 1009//1143 1010//1143
f 1024//1144 1025//1144 1010//1144 1029//1144
f 1031//1145 1023//1145 1024//1145 1030//1145
f 1033//1146 1022//1146 1023//1146 1032//1146
f 1021//1147 1022//1147 1033//1147 1014//1147
f 1011//1148 1020//1148 1021//1148 1012//1148
f 1019//1149 1020//1149 1011//1149 1013//1149
f 1018//1150 1019//1150 1013//1150 1015//1150
f 1034//1151 1017//1151 1018//1151 1016//1151
f 1028//1152 1017//1152 1034//1152 1007//1152
f 1029//1153 1030//1153 1024//1153
f 1031//1154 1032//1154 1023//1154
f 1014//1155 1012//1155 1021//1155
f 1015//1156 1016//1156 1018//1156
f 1060//1171 1059//1171 1058//1171 1057//1171 1056//1171 1055//1171 1054//1171 1053//1171 1052//1171 1051//1171 1050//1171 1049//1171
f 1059//1172 1060//1172 1062//1172 1061//1172
f 1039//1173 1058//1173 1059//1173 1063//1173
f 1035//1174 1057//1174 1058//1174 1036//1174
f 1056//1175 1057//1175 1035//1175 1044//1175
f 1037//1176 1055//1176 1056//1176 1038//1176
f 1042//1177 1054//1177 1055//1177 1043//1177
f 1053//1178 1054//1178 1042//1178 1047//1178
f 1052//1179 1053//1179 1047//1179 1048//1179
f 1040//1180 1051//1180 1052//1180 1041//1180
f 1050//1181 1051//1181 1040//1181 1064//1181
f 1049//1182 1050//1182 1064//1182 1065//1182
f 1060//1183 1049//1183 1065//1183 1062//1183
f 1061//1184 1063//1184 1059//1184
f 1039//1185 1036//1185 1058//1185
f 1046//1186 1038//1186 1056//1186
f 1045//1187 1055//1187 1037//1187
f 1045//1188 1043//1188 1055//1188
f 1048//1189 1041//1189 1052//1189
f 1044//1190 1046//1190 1056//1190
f 1097//1211 1096//1211 1095//1211 1094//1211 1093//1211 1092//1211 1091//1211 1090//1211 1089//1211 1088//1211 1087//1211 1086//1211
f 1099//1212 1096//1212 1097//1212 1098//1212
f 1068//1213 1095//1213 1096//1213 1069//1213
f 1066//1214 1094//1214 1095//1214 1067//1214
f 1093//1215 1094//1215 1066//1215 1074//1215
f 1075//1216 1092//1216 1093//1216 1076//1216
f 1082//1217 1091//1217 1092//1217 1083//1217
f 1071//1218 1090//1218 1091//1218 1072//1218
f 1089//1219 1090//1219 1071//1219 1079//1219
f 1088//1220 1089//1220 1079//1220 1085//1220
f 1087//1221 1088//1221 1085//1221 1100//1221
f 1102//1222 1086//1222 1087//1222 1101//1222
f 1097//1223 1086//1223 1104//1223 1103//1223
f 1099//1224 1105//1224 1096//1224
f 1105//1225 1069//1225 1096//1225
f 1070//1226 1067//1226 1095//1226
f 1076//1227 1093//1227 1078//1227
f 1093//1228 1077//1228 1078//1228
f 1084//1229 1092//1229 1075//1229
f 1084//1230 1083//1230 1092//1230
f 1073//1231 1072//1231 1091//1231
f 1100//1232 1101//1232 1087//1232
f 1102//1233 1104//1233 1086//1233
f 1106//1234 1097//1234 1103//1234
f 1068//1235 1070//1235 1095//1235
f 1074//1236 1077//1236 1093//1236
f 1073//1237 1091//1237 1081//1237
f 1091//1238 1080//1238 1081//1238
f 1106//1239 1098//1239 1097//1239
f 1082//1240 1080//1240 1091//1240
f 1146//1269 1145//1269 1144//1269 1143//1269 1142//1269 1141//1269 1140//1269 1139//1269 1138//1269 1137//1269 1136//1269 1135//1269
f 1112//1270 1145//1270 1146//1270 1113//1270
f 1144//1271 1145//1271 1109//1271 1110//1271
f 1116//1272 1143//1272 1144//1272 1117//1272
f 1129//1273 1142//1273 1143//1273 1116//1273
f 1122//1274 1141//1274 1142//1274 1123//1274
f 1140//1275 1141//1275 1125//1275 1126//1275
f 1118//1276 1139//1276 1140//1276 1119//1276
f 1107//1277 1138//1277 1139//1277 1108//1277
f 1137//1278 1138//1278 1107//1278 1121//1278
f 1136//1279 1137//1279 1121//1279 1147//1279
f 1135//1280 1136//1280 1149//1280 1148//1280
f 1146//1281 1135//1281 1151//1281 1150//1281
f 1113//1282 1146//1282 1152//1282
f 1146//1283 1153//1283 1152//1283
f 1109//1284 1145//1284 1115//1284
f 1145//1285 1114//1285 1115//1285
f 1110//1286 1111//1286 1144//1286
f 1111//1287 1117//1287 1144//1287
f 1129//1288 1134//1288 1142//1288
f 1124//1289 1123//1289 1142//1289
f 1125//1290 1141//1290 1128//1290
f 1141//1291 1127//1291 1128//1291
f 1126//1292 1133//1292 1140//1292
f 1120//1293 1119//1293 1140//1293
f 1118//1294 1108//1294 1139//1294
f 1147//1295 1149//1295 1136//1295
f 1148//1296 1154//1296 1135//1296
f 1154//1297 1151//1297 1135//1297
f 1150//1298 1155//1298 1146//1298
f 1155//1299 1153//1299 1146//1299
f 1112//1300 1114//1300 1145//1300
f 1134//1301 1124//1301 1142//1301
f 1132//1302 1127//1302 1141//1302
f 1120//1303 1140//1303 1131//1303
f 1140//1304 1130//1304 1131//1304
f 1122//1305 1132//1305 1141//1305
f 1133//1306 1130//1306 1140//1306
f 1201//1341 1200//1341 1199//1341 1198//1341 1197//1341 1196//1341 1195//1341 1194//1341 1193//1341 1192//1341 1191//1341 1190//1341
f 1203//1342 1200//1342 1201//1342 1202//1342
f 1163//1343 1199//1343 1200//1343 1164//1343
f 1165//1344 1198//1344 1199//1344 1166//1344
f 1197//1345 1198//1345 1165//1345 1177//1345
f 1196//1346 1197//1346 1175//1346 1176//1346
f 1195//1347 1196//1347 1182//1347 1183//1347
f 1194//1348 1195//1348 1172//1348 1173//1348
f 1158//1349 1193//1349 1194//1349 1159//1349
f 1156//1350 1192//1350 1193//1350 1157//1350
f 1204//1351 1191//1351 1192//1351 1156//1351
f 1190//1352 1191//1352 1206//1352 1205//1352
f 1201//1353 1190//1353 1208//1353 1207//1353
f 1200//1354 1210//1354 1209//1354
f 1167//1355 1164//1355 1200//1355
f 1163//1356 1166//1356 1199//1356
f 1189//1357 1175//1357 1197//1357
f 1176//1358 1178//1358 1196//1358
f 1184//1359 1182//1359 1196//1359
f 1187//1360 1195//1360 1188//1360
f 1188//1361 1195//1361 1183//1361
f 1195//1362 1179//1362 1180//1362
f 1173//1363 1174//1363 1194//1363
f 1159//1364 1194//1364 1162//1364
f 1194//1365 1161//1365 1162//1365
f 1160//1366 1157//1366 1193//1366
f 1204//1367 1211//1367 1191//1367
f 1212//1368 1206//1368 1191//1368
f 1205//1369 1213//1369 1190//1369
f 1213//1370 1208//1370 1190//1370
f 1202//1371 1201//1371 1214//1371
f 1214//1372 1201//1372 1207//1372
f 1200//1373 1203//1373 1215//1373
f 1171//1374 1200//1374 1209//1374
f 1167//1375 1200//1375 1169//1375
f 1200//1376 1168//1376 1169//1376
f 1177//1377 1189//1377 1197//1377
f 1178//1378 1184//1378 1196//1378
f 1186//1379 1179//1379 1195//1379
f 1181//1380 1172//1380 1195//1380
f 1174//1381 1161//1381 1194//1381
f 1158//1382 1160//1382 1193//1382
f 1211//1383 1212//1383 1191//1383
f 1210//1384 1200//1384 1216//1384
f 1200//1385 1215//1385 1216//1385
f 1171//1386 1170//1386 1200//1386
f 1170//1387 1168//1387 1200//1387
f 1187//1388 1186//1388 1195//1388
f 1195//1389 1180//1389 1185//1389
f 1185//1390 1181//1390 1195//1390
f 1278//1442 1277//1442 1276//1442 1275//1442 1274//1442 1273//1442 1272//1442 1271//1442 1270//1442 1269//1442 1268//1442 1267//1442
f 1277//1443 1278//1443 1228//1443 1229//1443
f 1218//1444 1276//1444 1277//1444 1219//1444
f 1275//1445 1276//1445 1220//1445 1221//1445
f 1245//1446 1274//1446 1275//1446 1246//1446
f 1243//1447 1273//1447 1274//1447 1244//1447
f 1258//1448 1272//1448 1273//1448 1259//1448
f 1226//1449 1271//1449 1272//1449 1227//1449
f 1280//1450 1270//1450 1271//1450 1279//1450
f 1217//1451 1269//1451 1270//1451 1281//1451
f 1268//1452 1269//1452 1217//1452 1240//1452
f 1238//1453 1267//1453 1268//1453 1239//1453
f 1278//1454 1267//1454 1241//1454 1242//1454
f 1230//1455 1278//1455 1231//1455
f 1277//1456 1232//1456 1233//1456
f 1236//1457 1219//1457 1277//1457
f 1276//1458 1222//1458 1223//1458
f 1221//1459 1225//1459 1275//1459
f 1225//1460 1246//1460 1275//1460
f 1244//1461 1274//1461 1248//1461
f 1274//1462 1247//1462 1248//1462
f 1259//1463 1273//1463 1263//1463
f 1273//1464 1262//1464 1263//1464
f 1272//1465 1254//1465 1255//1465
f 1253//1466 1279//1466 1271//1466
f 1280//1467 1281//1467 1270//1467
f 1265//1468 1239//1468 1268//1468
f 1238//1469 1241//1469 1267//1469
f 1242//1470 1251//1470 1278//1470
f 1278//1471 1251//1471 1252//1471
f 1278//1472 1230//1472 1235//1472
f 1235//1473 1228//1473 1278//1473
f 1232//1474 1277//1474 1234//1474
f 1277//1475 1229//1475 1234//1475
f 1236//1476 1277//1476 1237//1476
f 1237//1477 1277//1477 1233//1477
f 1218//1478 1222//1478 1276//1478
f 1220//1479 1276//1479 1224//1479
f 1276//1480 1223//1480 1224//1480
f 1249//1481 1247//1481 1274//1481
f 1266//1482 1273//1482 1243//1482
f 1266//1483 1262//1483 1273//1483
f 1260//1484 1254//1484 1272//1484
f 1272//1485 1256//1485 1257//1485
f 1227//1486 1272//1486 1257//1486
f 1226//1487 1253//1487 1271//1487
f 1240//1488 1265//1488 1268//1488
f 1252//1489 1231//1489 1278//1489
f 1250//1490 1249//1490 1274//1490
f 1264//1491 1260//1491 1272//1491
f 1256//1492 1272//1492 1261//1492
f 1272//1493 1255//1493 1261//1493
f 1245//1494 1250//1494 1274//1494
f 1258//1495 1264//1495 1272//1495
f 1305//1508 1304//1508 1303//1508 1302//1508 1301//1508 1300//1508 1299//1508 1298//1508 1297//1508 1296//1508 1295//1508 1294//1508
f 1304//1509 1305//1509 1307//1509 1306//1509
f 1303//1510 1304//1510 1306//1510 1291//1510
f 1289//1511 1302//1511 1303//1511 1290//1511
f 1301//1512 1302//1512 1289//1512 1292//1512
f 1300//1513 1301//1513 1292//1513 1293//1513
f 1287//1514 1299//1514 1300//1514 1288//1514
f 1284//1515 1298//1515 1299//1515 1285//1515
f 1282//1516 1297//1516 1298//1516 1283//1516
f 1296//1517 1297//1517 1282//1517 1308//1517
f 1295//1518 1296//1518 1310//1518 1309//1518
f 1312//1519 1294//1519 1295//1519 1311//1519
f 1305//1520 1294//1520 1312//1520 1307//1520
f 1291//1521 1290//1521 1303//1521
f 1293//1522 1288//1522 1300//1522
f 1287//1523 1285//1523 1299//1523
f 1286//1524 1283//1524 1298//1524
f 1310//1525 1296//1525 1313//1525
f 1296//1526 1314//1526 1313//1526
f 1309//1527 1315//1527 1295//1527
f 1315//1528 1311//1528 1295//1528
f 1284//1529 1286//1529 1298//1529
f 1308//1530 1314//1530 1296//1530
f 1348//1550 1347//1550 1346//1550 1345//1550 1344//1550 1343//1550 1342//1550 1341//1550 1340//1550 1339//1550 1338//1550 1337//1550
f 1350//1551 1347//1551 1348//1551 1349//1551
f 1346//1552 1347//1552 1351//1552 1336//1552
f 1331//1553 1345//1553 1346//1553 1332//1553
f 1324//1554 1344//1554 1345//1554 1325//1554
f 1343//1555 1344//1555 1318//1555 1319//1555
f 1342//1556 1343//1556 1316//1556 1317//1556
f 1341//1557 1342//1557 1328//1557 1333//1557
f 1326//1558 1340//1558 1341//1558 1327//1558
f 1352//1559 1339//1559 1340//1559 1326//1559
f 1354//1560 1338//1560 1339//1560 1353//1560
f 1337//1561 1338//1561 1355//1561 1334//1561
f 1348//1562 1337//1562 1357//1562 1356//1562
f 1350//1563 1351//1563 1347//1563
f 1336//1564 1332//1564 1346//1564
f 1325//1565 1345//1565 1330//1565
f 1345//1566 1329//1566 1330//1566
f 1344//1567 1321//1567 1322//1567
f 1319//1568 1320//1568 1343//1568
f 1320//1569 1316//1569 1343//1569
f 1317//1570 1328//1570 1342//1570
f 1333//1571 1327//1571 1341//1571
f 1352//1572 1358//1572 1339//1572
f 1359//1573 1353//1573 1339//1573
f 1354//1574 1355//1574 1338//1574
f 1360//1575 1337//1575 1335//1575
f 1335//1576 1337//1576 1334//1576
f 1360//1577 1357//1577 1337//1577
f 1348//1578 1362//1578 1361//1578
f 1331//1579 1329//1579 1345//1579
f 1324//1580 1321//1580 1344//1580
f 1344//1581 1322//1581 1323//1581
f 1323//1582 1318//1582 1344//1582
f 1358//1583 1359//1583 1339//1583
f 1362//1584 1348//1584 1363//1584
f 1348//1585 1356//1585 1363//1585
f 1361//1586 1364//1586 1348//1586
f 1348//1587 1364//1587 1365//1587
f 1365//1588 1349//1588 1348//1588
f 1402//1614 1401//1614 1400//1614 1399//1614 1398//1614 1397//1614 1396//1614 1395//1614 1394//1614 1393//1614 1392//1614 1391//1614
f 1401//1615 1402//1615 1404//1615 1403//1615
f 1400//1616 1401//1616 1388//1616 1387//1616
f 1399//1617 1400//1617 1383//1617 1384//1617
f 1374//1618 1398//1618 1399//1618 1375//1618
f 1397//1619 1398//1619 1376//1619 1377//1619
f 1396//1620 1397//1620 1366//1620 1367//1620
f 1368//1621 1395//1621 1396//1621 1369//1621
f 1394//1622 1395//1622 1368//1622 1382//1622
f 1406//1623 1393//1623 1394//1623 1405//1623
f 1392//1624 1393//1624 1408//1624 1407//1624
f 1391//1625 1392//1625 1410//1625 1409//1625
f 1402//1626 1391//1626 1412//1626 1411//1626
f 1413//1627 1404//1627 1402//1627
f 1388//1628 1401//1628 1414//1628
f 1414//1629 1401//1629 1403//1629
f 1383//1630 1400//1630 1386//1630
f 1400//1631 1385//1631 1386//1631
f 1384//1632 1389//1632 1399//1632
f 1390//1633 1375//1633 1399//1633
f 1378//1634 1376//1634 1398//1634
f 1377//1635 1381//1635 1397//1635
f 1372//1636 1366//1636 1397//1636
f 1367//1637 1371//1637 1396//1637
f 1370//1638 1369//1638 1396//1638
f 1382//1639 1405//1639 1394//1639
f 1393//1640 1416//1640 1415//1640
f 1417//1641 1392//1641 1407//1641
f 1392//1642 1419//1642 1418//1642
f 1420//1643 1391//1643 1409//1643
f 1421//1644 1412//1644 1391//1644
f 1411//1645 1413//1645 1402//1645
f 1387//1646 1385//1646 1400//1646
f 1389//1647 1390//1647 1399//1647
f 1374//1648 1378//1648 1398//1648
f 1373//1649 1372//1649 1397//1649
f 1371//1650 1370//1650 1396//1650
f 1406//1651 1416//1651 1393//1651
f 1393//1652 1415//1652 1422//1652
f 1422//1653 1408//1653 1393//1653
f 1423//1654 1392//1654 1417//1654
f 1424//1655 1419//1655 1392//1655
f 1392//1656 1418//1656 1425//1656
f 1425//1657 1410//1657 1392//1657
f 1420//1658 1421//1658 1391//1658
f 1373//1659 1397//1659 1380//1659
f 1397//1660 1379//1660 1380//1660
f 1423//1661 1424//1661 1392//1661
f 1381//1662 1379//1662 1397//1662
f 1484//1710 1483//1710 1482//1710 1481//1710 1480//1710 1479//1710 1478//1710 1477//1710 1476//1710 1475//1710 1474//1710 1473//1710
f 1426//1711 1483//1711 1484//1711 1427//1711
f 1482//1712 1483//1712 1426//1712 1450//1712
f 1481//1713 1482//1713 1448//1713 1449//1713
f 1430//1714 1480//1714 1481//1714 1431//1714
f 1479//1715 1480//1715 1428//1715 1429//1715
f 1435//1716 1478//1716 1479//1716 1436//1716
f 1486//1717 1477//1717 1478//1717 1485//1717
f 1476//1718 1477//1718 1486//1718 1471//1718
f 1475//1719 1476//1719 1446//1719 1447//1719
f 1474//1720 1475//1720 1458//1720 1459//1720
f 1473//1721 1474//1721 1451//1721 1452//1721
f 1484//1722 1473//1722 1453//1722 1454//1722
f 1442//1723 1427//1723 1484//1723
f 1450//1724 1448//1724 1482//1724
f 1449//1725 1466//1725 1481//1725
f 1432//1726 1431//1726 1481//1726
f 1434//1727 1428//1727 1480//1727
f 1429//1728 1433//1728 1479//1728
f 1439//1729 1436//1729 1479//1729
f 1441//1730 1485//1730 1478//1730
f 1471//1731 1446//1731 1476//1731
f 1460//1732 1475//1732 1447//1732
f 1472//1733 1458//1733 1475//1733
f 1463//1734 1474//1734 1459//1734
f 1456//1735 1451//1735 1474//1735
f 1452//1736 1457//1736 1473//1736
f 1453//1737 1473//1737 1462//1737
f 1473//1738 1461//1738 1462//1738
f 1455//1739 1484//1739 1454//1739
f 1444//1740 1432//1740 1481//1740
f 1434//1741 1480//1741 1438//1741
f 1480//1742 1437//1742 1438//1742
f 1443//1743 1439//1743 1479//1743
f 1440//1744 1441//1744 1478//1744
f 1465//1745 1475//1745 1460//1745
f 1468//1746 1474//1746 1463//1746
f 1464//1747 1461//1747 1473//1747
f 1469//1748 1484//1748 1455//1748
f 1445//1749 1444//1749 1481//1749
f 1430//1750 1437//1750 1480//1750
f 1433//1751 1443//1751 1479//1751
f 1435//1752 1440//1752 1478//1752
f 1465//1753 1472//1753 1475//1753
f 1468//1754 1456//1754 1474//1754
f 1457//1755 1464//1755 1473//1755
f 1470//1756 1484//1756 1469//1756
f 1467//1757 1445//1757 1481//1757
f 1470//1758 1442//1758 1484//1758
f 1466//1759 1467//1759 1481//1759
f 1521//1784 1520//1784 1519//1784 1518//1784 1517//1784 1516//1784 1515//1784 1514//1784 1513//1784 1512//1784 1511//1784 1510//1784
f 1505//1785 1520//1785 1521//1785 1522//1785
f 1519//1786 1520//1786 1505//1786 1504//1786
f 1518//1787 1519//1787 1502//1787 1503//1787
f 1517//1788 1518//1788 1487//1788 1488//1788
f 1493//1789 1516//1789 1517//1789 1492//1789
f 1515//1790 1516//1790 1494//1790 1495//1790
f 1514//1791 1515//1791 1497//1791 1498//1791
f 1513//1792 1514//1792 1501//1792 1506//1792
f 1524//1793 1512//1793 1513//1793 1523//1793
f 1511//1794 1512//1794 1526//1794 1525//1794
f 1528//1795 1510//1795 1511//1795 1527//1795
f 1521//1796 1510//1796 1530//1796 1529//1796
f 1531//1797 1522//1797 1521//1797
f 1504//1798 1502//1798 1519//1798
f 1503//1799 1507//1799 1518//1799
f 1489//1800 1487//1800 1518//1800
f 1490//1801 1517//1801 1491//1801
f 1490//1802 1492//1802 1517//1802
f 1493//1803 1494//1803 1516//1803
f 1495//1804 1496//1804 1515//1804
f 1500//1805 1497//1805 1515//1805
f 1498//1806 1501//1806 1514//1806
f 1513//1807 1509//1807 1532//1807
f 1524//1808 1526//1808 1512//1808
f 1525//1809 1527//1809 1511//1809
f 1528//1810 1533//1810 1510//1810
f 1534//1811 1510//1811 1533//1811
f 1535//1812 1521//1812 1529//1812
f 1508//1813 1489//1813 1518//1813
f 1517//1814 1488//1814 1499//1814
f 1499//1815 1491//1815 1517//1815
f 1496//1816 1500//1816 1515//1816
f 1506//1817 1509//1817 1513//1817
f 1523//1818 1513//1818 1536//1818
f 1513//1819 1532//1819 1536//1819
f 1530//1820 1510//1820 1537//1820
f 1510//1821 1534//1821 1537//1821
f 1535//1822 1531//1822 1521//1822
f 1507//1823 1508//1823 1518//1823
f 1588//1866 1587//1866 1586//1866 1585//1866 1584//1866 1583//1866 1582//1866 1581//1866 1580//1866 1579//1866 1578//1866 1577//1866
f 1538//1867 1587//1867 1588//1867 1539//1867
f 1586//1868 1587//1868 1538//1868 1557//1868
f 1585//1869 1586//1869 1558//1869 1559//1869
f 1545//1870 1584//1870 1585//1870 1544//1870
f 1547//1871 1583//1871 1584//1871 1546//1871
f 1582//1872 1583//1872 1548//1872 1549//1872
f 1551//1873 1581//1873 1582//1873 1550//1873
f 1580//1874 1581//1874 1552//1874 1572//1874
f 1571//1875 1579//1875 1580//1875 1570//1875
f 1578//1876 1579//1876 1568//1876 1569//1876
f 1567//1877 1577//1877 1578//1877 1566//1877
f 1565//1878 1588//1878 1577//1878 1564//1878
f 1540//1879 1539//1879 1588//1879
f 1557//1880 1558//1880 1586//1880
f 1560//1881 1585//1881 1561//1881
f 1554//1882 1544//1882 1585//1882
f 1545//1883 1546//1883 1584//1883
f 1547//1884 1548//1884 1583//1884
f 1549//1885 1550//1885 1582//1885
f 1552//1886 1581//1886 1553//1886
f 1570//1887 1580//1887 1575//1887
f 1580//1888 1574//1888 1575//1888
f 1571//1889 1568//1889 1579//1889
f 1569//1890 1566//1890 1578//1890
f 1567//1891 1564//1891 1577//1891
f 1573//1892 1588//1892 1565//1892
f 1541//1893 1588//1893 1542//1893
f 1585//1894 1559//1894 1563//1894
f 1563//1895 1561//1895 1585//1895
f 1556//1896 1554//1896 1585//1896
f 1581//1897 1551//1897 1555//1897
f 1555//1898 1553//1898 1581//1898
f 1572//1899 1574//1899 1580//1899
f 1576//1900 1588//1900 1573//1900
f 1540//1901 1588//1901 1543//1901
f 1588//1902 1541//1902 1543//1902
f 1562//1903 1556//1903 1585//1903
f 1576//1904 1542//1904 1588//1904
f 1560//1905 1562//1905 1585//1905
f 1693//2001 1692//2001 1691//2001 1690//2001 1689//2001 1688//2001 1687//2001 1686//2001 1685//2001 1684//2001 1683//2001 1682//2001
f 1692//2002 1693//2002 1605//2002 1606//2002
f 1691//2003 1692//2003 1607//2003 1653//2003
f 1690//2004 1691//2004 1651//2004 1652//2004
f 1689//2005 1690//2005 1620//2005 1621//2005
f 1688//2006 1689//2006 1610//2006 1611//2006
f 1687//2007 1688//2007 1589//2007 1590//2007
f 1686//2008 1687//2008 1591//2008 1592//2008
f 1685//2009 1686//2009 1597//2009 1643//2009
f 1641//2010 1684//2010 1685//2010 1642//2010
f 1633//2011 1683//2011 1684//2011 1634//2011
f 1682//2012 1683//2012 1656//2012 1657//2012
f 1693//2013 1682//2013 1666//2013 1667//2013
f 1609//2014 1605//2014 1693//2014
f 1607//2015 1692//2015 1608//2015
f 1608//2016 1692//2016 1606//2016
f 1654//2017 1651//2017 1691//2017
f 1655//2018 1690//2018 1652//2018
f 1681//2019 1620//2019 1690//2019
f 1622//2020 1689//2020 1623//2020
f 1618//2021 1610//2021 1689//2021
f 1612//2022 1688//2022 1613//2022
f 1614//2023 1589//2023 1688//2023
f 1593//2024 1687//2024 1594//2024
f 1593//2025 1591//2025 1687//2025
f 1686//2026 1595//2026 1596//2026
f 1643//2027 1642//2027 1685//2027
f 1684//2028 1635//2028 1636//2028
f 1683//2029 1658//2029 1659//2029
f 1657//2030 1665//2030 1682//2030
f 1665//2031 1666//2031 1682//2031
f 1693//2032 1668//2032 1669//2032
f 1632//2033 1609//2033 1693//2033
f 1653//2034 1654//2034 1691//2034
f 1655//2035 1680//2035 1690//2035
f 1680//2036 1681//2036 1690//2036
f 1624//2037 1623//2037 1689//2037
f 1619//2038 1618//2038 1689//2038
f 1688//2039 1615//2039 1616//2039
f 1613//2040 1688//2040 1616//2040
f 1630//2041 1614//2041 1688//2041
f 1687//2042 1590//2042 1599//2042
f 1599//2043 1594//2043 1687//2043
f 1686//2044 1600//2044 1601//2044
f 1597//2045 1686//2045 1598//2045
f 1598//2046 1686//2046 1596//2046
f 1684//2047 1639//2047 1640//2047
f 1684//2048 1636//2048 1637//2048
f 1684//2049 1637//2049 1638//2049
f 1683//2050 1660//2050 1661//2050
f 1683//2051 1659//2051 1662//2051
f 1683//2052 1662//2052 1663//2052
f 1693//2053 1670//2053 1671//2053
f 1669//2054 1632//2054 1693//2054
f 1689//2055 1621//2055 1631//2055
f 1631//2056 1624//2056 1689//2056
f 1689//2057 1625//2057 1626//2057
f 1615//2058 1688//2058 1617//2058
f 1688//2059 1611//2059 1617//2059
f 1612//2060 1630//2060 1688//2060
f 1686//2061 1592//2061 1603//2061
f 1686//2062 1603//2062 1604//2062
f 1600//2063 1686//2063 1604//2063
f 1686//2064 1601//2064 1602//2064
f 1602//2065 1595//2065 1686//2065
f 1650//2066 1639//2066 1684//2066
f 1684//2067 1645//2067 1646//2067
f 1634//2068 1684//2068 1644//2068
f 1684//2069 1638//2069 1644//2069
f 1633//2070 1660//2070 1683//2070
f 1658//2071 1683//2071 1678//2071
f 1683//2072 1661//2072 1678//2072
f 1683//2073 1663//2073 1664//2073
f 1664//2074 1656//2074 1683//2074
f 1693//2075 1673//2075 1674//2075
f 1693//2076 1671//2076 1672//2076
f 1625//2077 1689//2077 1628//2077
f 1689//2078 1627//2078 1628//2078
f 1689//2079 1626//2079 1629//2079
f 1629//2080 1619//2080 1689//2080
f 1641//2081 1650//2081 1684//2081
f 1645//2082 1684//2082 1647//2082
f 1684//2083 1640//2083 1647//2083
f 1684//2084 1646//2084 1648//2084
f 1684//2085 1648//2085 1649//2085
f 1635//2086 1684//2086 1649//2086
f 1673//2087 1693//2087 1677//2087
f 1693//2088 1667//2088 1677//2088
f 1693//2089 1674//2089 1675//2089
f 1693//2090 1675//2090 1676//2090
f 1670//2091 1693//2091 1676//2091
f 1668//2092 1693//2092 1679//2092
f 1693//2093 1672//2093 1679//2093
f 1622//2094 1627//2094 1689//2094
f 1756//2146 1755//2146 1754//2146 1753//2146 1752//2146 1751//2146 1750//2146 1749//2146 1748//2146 1747//2146 1746//2146 1745//2146
f 1694//2147 1755//2147 1756//2147 1695//2147
f 1706//2148 1754//2148 1755//2148 1707//2148
f 1734//2149 1753//2149 1754//2149 1706//2149
f 1732//2150 1752//2150 1753//2150 1733//2150
f 1700//2151 1751//2151 1752//2151 1701//2151
f 1696//2152 1750//2152 1751//2152 1697//2152
f 1758//2153 1749//2153 1750//2153 1757//2153
f 1714//2154 1748//2154 1749//2154 1759//2154
f 1715//2155 1747//2155 1748//2155 1714//2155
f 1746//2156 1747//2156 1720//2156 1721//2156
f 1745//2157 1746//2157 1722//2157 1723//2157
f 1756//2158 1745//2158 1728//2158 1729//2158
f 1705//2159 1755//2159 1694//2159
f 1711//2160 1707//2160 1755//2160
f 1736//2161 1753//2161 1737//2161
f 1735//2162 1733//2162 1753//2162
f 1701//2163 1752//2163 1719//2163
f 1752//2164 1718//2164 1719//2164
f 1751//2165 1698//2165 1699//2165
f 1757//2166 1750//2166 1760//2166
f 1750//2167 1703//2167 1760//2167
f 1761//2168 1759//2168 1749//2168
f 1716//2169 1747//2169 1715//2169
f 1742//2170 1747//2170 1717//2170
f 1742//2171 1720//2171 1747//2171
f 1721//2172 1724//2172 1746//2172
f 1746//2173 1724//2173 1725//2173
f 1743//2174 1722//2174 1746//2174
f 1726//2175 1745//2175 1727//2175
f 1744//2176 1745//2176 1726//2176
f 1744//2177 1728//2177 1745//2177
f 1729//2178 1695//2178 1756//2178
f 1708//2179 1755//2179 1705//2179
f 1753//2180 1734//2180 1738//2180
f 1738//2181 1737//2181 1753//2181
f 1753//2182 1739//2182 1740//2182
f 1732//2183 1718//2183 1752//2183
f 1700//2184 1698//2184 1751//2184
f 1751//2185 1699//2185 1704//2185
f 1704//2186 1697//2186 1751//2186
f 1702//2187 1703//2187 1750//2187
f 1762//2188 1761//2188 1749//2188
f 1716//2189 1717//2189 1747//2189
f 1730//2190 1746//2190 1725//2190
f 1727//2191 1745//2191 1731//2191
f 1745//2192 1723//2192 1731//2192
f 1755//2193 1709//2193 1710//2193
f 1736//2194 1739//2194 1753//2194
f 1753//2195 1740//2195 1741//2195
f 1741//2196 1735//2196 1753//2196
f 1696//2197 1702//2197 1750//2197
f 1758//2198 1762//2198 1749//2198
f 1730//2199 1743//2199 1746//2199
f 1712//2200 1709//2200 1755//2200
f 1710//2201 1711//2201 1755//2201
f 1712//2202 1755//2202 1713//2202
f 1755//2203 1708//2203 1713//2203
f 1818//2250 1817//2250 1816//2250 1815//2250 1814//2250 1813//2250 1812//2250 1811//2250 1810//2250 1809//2250 1808//2250 1807//2250
f 1769//2251 1817//2251 1818//2251 1770//2251
f 1816//2252 1817//2252 1777//2252 1778//2252
f 1798//2253 1815//2253 1816//2253 1799//2253
f 1788//2254 1814//2254 1815//2254 1789//2254
f 1813//2255 1814//2255 1788//2255 1804//2255
f 1790//2256 1812//2256 1813//2256 1791//2256
f 1763//2257 1811//2257 1812//2257 1764//2257
f 1765//2258 1810//2258 1811//2258 1766//2258
f 1784//2259 1809//2259 1810//2259 1765//2259
f 1782//2260 1808//2260 1809//2260 1783//2260
f 1807//2261 1808//2261 1785//2261 1786//2261
f 1818//2262 1807//2262 1805//2262 1770//2262
f 1772//2263 1817//2263 1769//2263
f 1781//2264 1777//2264 1817//2264
f 1779//2265 1816//2265 1780//2265
f 1780//2266 1816//2266 1778//2266
f 1800//2267 1816//2267 1779//2267
f 1800//2268 1799//2268 1816//2268
f 1793//2269 1789//2269 1815//2269
f 1804//2270 1791//2270 1813//2270
f 1764//2271 1812//2271 1768//2271
f 1812//2272 1767//2272 1768//2272
f 1763//2273 1766//2273 1811//2273
f 1784//2274 1803//2274 1809//2274
f 1803//2275 1783//2275 1809//2275
f 1787//2276 1785//2276 1808//2276
f 1792//2277 1807//2277 1786//2277
f 1772//2278 1773//2278 1817//2278
f 1817//2279 1773//2279 1774//2279
f 1776//2280 1781//2280 1817//2280
f 1793//2281 1815//2281 1795//2281
f 1815//2282 1794//2282 1795//2282
f 1771//2283 1767//2283 1812//2283
f 1782//2284 1787//2284 1808//2284
f 1805//2285 1807//2285 1806//2285
f 1806//2286 1807//2286 1792//2286
f 1775//2287 1817//2287 1774//2287
f 1796//2288 1794//2288 1815//2288
f 1790//2289 1771//2289 1812//2289
f 1775//2290 1776//2290 1817//2290
f 1797//2291 1796//2291 1815//2291
f 1797//2292 1815//2292 1802//2292
f 1815//2293 1801//2293 1802//2293
f 1798//2294 1801//2294 1815//2294
f 1848//2316 1847//2316 1846//2316 1845//2316 1844//2316 1843//2316 1842//2316 1841//2316 1840//2316 1839//2316 1838//2316 1837//2316
f 1823//2317 1847//2317 1848//2317 1824//2317
f 1846//2318 1847//2318 1823//2318 1831//2318
f 1845//2319 1846//2319 1831//2319 1849//2319
f 1844//2320 1845//2320 1851//2320 1850//2320
f 1853//2321 1843//2321 1844//2321 1852//2321
f 1842//2322 1843//2322 1853//2322 1854//2322
f 1856//2323 1841//2323 1842//2323 1855//2323
f 1826//2324 1840//2324 1841//2324 1857//2324
f 1827//2325 1839//2325 1840//2325 1826//2325
f 1838//2326 1839//2326 1828//2326 1829//2326
f 1833//2327 1837//2327 1838//2327 1834//2327
f 1848//2328 1837//2328 1833//2328 1825//2328
f 1825//2329 1824//2329 1848//2329
f 1849//2330 1851//2330 1845//2330
f 1850//2331 1858//2331 1844//2331
f 1858//2332 1852//2332 1844//2332
f 1854//2333 1855//2333 1842//2333
f 1859//2334 1857//2334 1841//2334
f 1830//2335 1839//2335 1827//2335
f 1832//2336 1828//2336 1839//2336
f 1829//2337 1836//2337 1838//2337
f 1835//2338 1834//2338 1838//2338
f 1856//2339 1859//2339 1841//2339
f 1830//2340 1832//2340 1839//2340
f 1836//2341 1835//2341 1838//2341
f 1883//2353 1882//2353 1881//2353 1880//2353 1879//2353 1878//2353 1877//2353 1876//2353 1875//2353 1874//2353 1873//2353 1872//2353
f 1860//2354 1882//2354 1883//2354 1861//2354
f 1881//2355 1882//2355 1860//2355 1863//2355
f 1880//2356 1881//2356 1863//2356 1866//2356
f 1885//2357 1879//2357 1880//2357 1884//2357
f 1878//2358 1879//2358 1887//2358 1886//2358
f 1889//2359 1877//2359 1878//2359 1888//2359
f 1876//2360 1877//2360 1889//2360 1890//2360
f 1875//2361 1876//2361 1890//2361 1871//2361
f 1874//2362 1875//2362 1871//2362 1870//2362
f 1868//2363 1873//2363 1874//2363 1869//2363
f 1864//2364 1872//2364 1873//2364 1865//2364
f 1862//2365 1883//2365 1872//2365 1867//2365
f 1862//2366 1861//2366 1883//2366
f 1866//2367 1884//2367 1880//2367
f 1885//2368 1887//2368 1879//2368
f 1886//2369 1891//2369 1878//2369
f 1892//2370 1888//2370 1878//2370
f 1870//2371 1869//2371 1874//2371
f 1868//2372 1865//2372 1873//2372
f 1864//2373 1867//2373 1872//2373
f 1891//2374 1892//2374 1878//2374
f 1919//2389 1918//2389 1917//2389 1916//2389 1915//2389 1914//2389 1913//2389 1912//2389 1911//2389 1910//2389 1909//2389 1908//2389
f 1894//2390 1918//2390 1919//2390 1893//2390
f 1895//2391 1917//2391 1918//2391 1894//2391
f 1899//2392 1916//2392 1917//2392 1900//2392
f 1920//2393 1915//2393 1916//2393 1899//2393
f 1922//2394 1914//2394 1915//2394 1921//2394
f 1923//2395 1913//2395 1914//2395 1922//2395
f 1925//2396 1912//2396 1913//2396 1924//2396
f 1911//2397 1912//2397 1925//2397 1906//2397
f 1910//2398 1911//2398 1906//2398 1905//2398
f 1901//2399 1909//2399 1910//2399 1902//2399
f 1908//2400 1909//2400 1901//2400 1904//2400
f 1896//2401 1919//2401 1908//2401 1903//2401
f 1896//2402 1893//2402 1919//2402
f 1897//2403 1917//2403 1898//2403
f 1898//2404 1917//2404 1895//2404
f 1897//2405 1900//2405 1917//2405
f 1920//2406 1926//2406 1915//2406
f 1921//2407 1915//2407 1927//2407
f 1915//2408 1928//2408 1927//2408
f 1929//2409 1913//2409 1923//2409
f 1930//2410 1924//2410 1913//2410
f 1905//2411 1902//2411 1910//2411
f 1907//2412 1903//2412 1908//2412
f 1926//2413 1928//2413 1915//2413
f 1929//2414 1930//2414 1913//2414
f 1904//2415 1907//2415 1908//2415
f 1964//2437 1963//2437 1962//2437 1961//2437 1960//2437 1959//2437 1958//2437 1957//2437 1956//2437 1955//2437 1954//2437 1953//2437
f 1934//2438 1963//2438 1964//2438 1933//2438
f 1935//2439 1962//2439 1963//2439 1934//2439
f 1931//2440 1961//2440 1962//2440 1932//2440
f 1965//2441 1960//2441 1961//2441 1931//2441
f 1967//2442 1959//2442 1960//2442 1966//2442
f 1968//2443 1958//2443 1959//2443 1967//2443
f 1957//2444 1958//2444 1970//2444 1969//2444
f 1972//2445 1956//2445 1957//2445 1971//2445
f 1955//2446 1956//2446 1972//2446 1951//2446
f 1948//2447 1954//2447 1955//2447 1949//2447
f 1946//2448 1953//2448 1954//2448 1947//2448
f 1964//2449 1953//2449 1944//2449 1945//2449
f 1936//2450 1933//2450 1964//2450
f 1935//2451 1938//2451 1962//2451
f 1962//2452 1938//2452 1939//2452
f 1940//2453 1932//2453 1962//2453
f 1965//2454 1973//2454 1960//2454
f 1966//2455 1960//2455 1974//2455
f 1960//2456 1975//2456 1974//2456
f 1976//2457 1958//2457 1968//2457
f 1977//2458 1970//2458 1958//2458
f 1969//2459 1978//2459 1957//2459
f 1978//2460 1971//2460 1957//2460
f 1951//2461 1949//2461 1955//2461
f 1950//2462 1947//2462 1954//2462
f 1946//2463 1944//2463 1953//2463
f 1942//2464 1964//2464 1952//2464
f 1952//2465 1964//2465 1945//2465
f 1937//2466 1936//2466 1964//2466
f 1940//2467 1962//2467 1941//2467
f 1960//2468 1980//2468 1979//2468
f 1981//2469 1958//2469 1976//2469
f 1948//2470 1950//2470 1954//2470
f 1942//2471 1937//2471 1964//2471
f 1962//2472 1939//2472 1943//2472
f 1943//2473 1941//2473 1962//2473
f 1973//2474 1980//2474 1960//2474
f 1975//2475 1960//2475 1982//2475
f 1960//2476 1979//2476 1982//2476
f 1983//2477 1958//2477 1981//2477
f 1983//2478 1977//2478 1958//2478
f 2025//2508 2024//2508 2023//2508 2022//2508 2021//2508 2020//2508 2019//2508 2018//2508 2017//2508 2016//2508 2015//2508 2014//2508
f 1989//2509 2024//2509 2025//2509 1988//2509
f 1986//2510 2023//2510 2024//2510 1987//2510
f 1984//2511 2022//2511 2023//2511 1985//2511
f 2021//2512 2022//2512 1984//2512 2026//2512
f 2020//2513 2021//2513 2028//2513 2027//2513
f 2030//2514 2019//2514 2020//2514 2029//2514
f 2018//2515 2019//2515 2032//2515 2031//2515
f 2034//2516 2017//2516 2018//2516 2033//2516
f 2016//2517 2017//2517 2034//2517 2013//2517
f 2010//2518 2015//2518 2016//2518 2011//2518
f 2006//2519 2014//2519 2015//2519 2007//2519
f 2025//2520 2014//2520 2002//2520 2003//2520
f 1991//2521 1988//2521 2025//2521
f 1990//2522 2024//2522 1989//2522
f 1986//2523 1985//2523 2023//2523
f 2035//2524 2021//2524 2026//2524
f 2035//2525 2028//2525 2021//2525
f 2037//2526 2020//2526 2036//2526
f 2038//2527 2020//2527 2037//2527
f 2030//2528 2032//2528 2019//2528
f 2031//2529 2039//2529 2018//2529
f 2018//2530 2039//2530 2040//2530
f 2041//2531 2033//2531 2018//2531
f 2013//2532 2011//2532 2016//2532
f 2009//2533 2007//2533 2015//2533
f 2002//2534 2014//2534 2005//2534
f 2014//2535 2004//2535 2005//2535
f 2003//2536 2001//2536 2025//2536
f 1992//2537 1991//2537 2025//2537
f 2024//2538 1990//2538 1993//2538
f 2024//2539 1993//2539 1994//2539
f 2020//2540 2043//2540 2042//2540
f 2036//2541 2020//2541 2042//2541
f 2020//2542 2038//2542 2044//2542
f 2040//2543 2041//2543 2018//2543
f 2012//2544 2009//2544 2015//2544
f 2008//2545 2004//2545 2014//2545
f 1997//2546 1992//2546 2025//2546
f 2024//2547 1995//2547 1996//2547
f 2020//2548 2046//2548 2045//2548
f 2020//2549 2044//2549 2047//2549
f 2010//2550 2012//2550 2015//2550
f 2006//2551 2008//2551 2014//2551
f 1998//2552 1997//2552 2025//2552
f 2024//2553 1994//2553 1999//2553
f 1999//2554 1995//2554 2024//2554
f 2024//2555 1996//2555 2000//2555
f 2000//2556 1987//2556 2024//2556
f 2046//2557 2020//2557 2048//2557
f 2020//2558 2027//2558 2048//2558
f 2043//2559 2020//2559 2049//2559
f 2020//2560 2045//2560 2049//2560
f 2020//2561 2047//2561 2050//2561
f 2001//2562 1998//2562 2025//2562
f 2020//2563 2050//2563 2051//2563
f 2029//2564 2020//2564 2052//2564
f 2020//2565 2051//2565 2052//2565
f 2085//2585 2084//2585 2083//2585 2082//2585 2081//2585 2080//2585 2079//2585 2078//2585 2077//2585 2076//2585 2075//2585 2074//2585
f 2055//2586 2084//2586 2085//2586 2056//2586
f 2053//2587 2083//2587 2084//2587 2054//2587
f 2082//2588 2083//2588 2053//2588 2066//2588
f 2081//2589 2082//2589 2086//2589 2071//2589
f 2080//2590 2081//2590 2088//2590 2087//2590
f 2090//2591 2079//2591 2080//2591 2089//2591
f 2078//2592 2079//2592 2092//2592 2091//2592
f 2065//2593 2077//2593 2078//2593 2093//2593
f 2076//2594 2077//2594 2065//2594 2064//2594
f 2062//2595 2075//2595 2076//2595 2063//2595
f 2074//2596 2075//2596 2058//2596 2059//2596
f 2057//2597 2085//2597 2074//2597 2072//2597
f 2057//2598 2056//2598 2085//2598
f 2055//2599 2054//2599 2084//2599
f 2066//2600 2086//2600 2082//2600
f 2071//2601 2070//2601 2081//2601
f 2070//2602 2088//2602 2081//2602
f 2094//2603 2080//2603 2087//2603
f 2095//2604 2089//2604 2080//2604
f 2092//2605 2079//2605 2096//2605
f 2079//2606 2097//2606 2096//2606
f 2091//2607 2098//2607 2078//2607
f 2098//2608 2093//2608 2078//2608
f 2069//2609 2063//2609 2076//2609
f 2062//2610 2058//2610 2075//2610
f 2059//2611 2060//2611 2074//2611
f 2074//2612 2060//2612 2061//2612
f 2073//2613 2074//2613 2067//2613
f 2073//2614 2072//2614 2074//2614
f 2094//2615 2095//2615 2080//2615
f 2090//2616 2097//2616 2079//2616
f 2064//2617 2069//2617 2076//2617
f 2067//2618 2074//2618 2068//2618
f 2068//2619 2074//2619 2061//2619
f 2133//2642 2132//2642 2131//2642 2130//2642 2129//2642 2128//2642 2127//2642 2126//2642 2125//2642 2124//2642 2123//2642 2122//2642
f 2099//2643 2132//2643 2133//2643 2100//2643
f 2131//2644 2132//2644 2103//2644 2104//2644
f 2130//2645 2131//2645 2135//2645 2134//2645
f 2137//2646 2129//2646 2130//2646 2136//2646
f 2139//2647 2128//2647 2129//2647 2138//2647
f 2127//2648 2128//2648 2141//2648 2140//2648
f 2126//2649 2127//2649 2143//2649 2142//2649
f 2125//2650 2126//2650 2144//2650 2121//2650
f 2117//2651 2124//2651 2125//2651 2118//2651
f 2123//2652 2124//2652 2112//2652 2113//2652
f 2122//2653 2123//2653 2109//2653 2110//2653
f 2133//2654 2122//2654 2107//2654 2108//2654
f 2102//2655 2132//2655 2101//2655
f 2101//2656 2132//2656 2099//2656
f 2105//2657 2132//2657 2102//2657
f 2105//2658 2103//2658 2132//2658
f 2104//2659 2106//2659 2131//2659
f 2106//2660 2135//2660 2131//2660
f 2134//2661 2145//2661 2130//2661
f 2136//2662 2130//2662 2146//2662
f 2130//2663 2147//2663 2146//2663
f 2148//2664 2138//2664 2129//2664
f 2139//2665 2141//2665 2128//2665
f 2149//2666 2127//2666 2140//2666
f 2150//2667 2143//2667 2127//2667
f 2142//2668 2144//2668 2126//2668
f 2121//2669 2118//2669 2125//2669
f 2117//2670 2112//2670 2124//2670
f 2123//2671 2114//2671 2115//2671
f 2111//2672 2109//2672 2123//2672
f 2110//2673 2120//2673 2122//2673
f 2120//2674 2107//2674 2122//2674
f 2108//2675 2100//2675 2133//2675
f 2151//2676 2147//2676 2130//2676
f 2137//2677 2148//2677 2129//2677
f 2149//2678 2152//2678 2127//2678
f 2127//2679 2152//2679 2153//2679
f 2123//2680 2113//2680 2119//2680
f 2119//2681 2114//2681 2123//2681
f 2115//2682 2116//2682 2123//2682
f 2116//2683 2111//2683 2123//2683
f 2145//2684 2151//2684 2130//2684
f 2153//2685 2150//2685 2127//2685
f 2202//2723 2201//2723 2200//2723 2199//2723 2198//2723 2197//2723 2196//2723 2195//2723 2194//2723 2193//2723 2192//2723 2191//2723
f 2162//2724 2201//2724 2202//2724 2161//2724
f 2163//2725 2200//2725 2201//2725 2162//2725
f 2199//2726 2200//2726 2204//2726 2203//2726
f 2198//2727 2199//2727 2206//2727 2205//2727
f 2197//2728 2198//2728 2208//2728 2207//2728
f 2156//2729 2196//2729 2197//2729 2157//2729
f 2154//2730 2195//2730 2196//2730 2155//2730
f 2194//2731 2195//2731 2154//2731 2171//2731
f 2193//2732 2194//2732 2169//2732 2170//2732
f 2192//2733 2193//2733 2172//2733 2173//2733
f 2181//2734 2191//2734 2192//2734 2180//2734
f 2202//2735 2191//2735 2176//2735 2177//2735
f 2164//2736 2161//2736 2202//2736
f 2167//2737 2200//2737 2163//2737
f 2209//2738 2204//2738 2200//2738
f 2203//2739 2210//2739 2199//2739
f 2206//2740 2199//2740 2211//2740
f 2199//2741 2212//2741 2211//2741
f 2205//2742 2213//2742 2198//2742
f 2213//2743 2208//2743 2198//2743
f 2214//2744 2197//2744 2207//2744
f 2158//2745 2157//2745 2197//2745
f 2159//2746 2155//2746 2196//2746
f 2171//2747 2169//2747 2194//2747
f 2175//2748 2193//2748 2170//2748
f 2189//2749 2172//2749 2193//2749
f 2174//2750 2192//2750 2173//2750
f 2180//2751 2192//2751 2183//2751
f 2192//2752 2182//2752 2183//2752
f 2179//2753 2176//2753 2191//2753
f 2202//2754 2186//2754 2187//2754
f 2165//2755 2202//2755 2166//2755
f 2165//2756 2164//2756 2202//2756
f 2167//2757 2168//2757 2200//2757
f 2215//2758 2209//2758 2200//2758
f 2216//2759 2212//2759 2199//2759
f 2214//2760 2217//2760 2197//2760
f 2197//2761 2217//2761 2218//2761
f 2219//2762 2158//2762 2197//2762
f 2160//2763 2159//2763 2196//2763
f 2175//2764 2178//2764 2193//2764
f 2178//2765 2189//2765 2193//2765
f 2174//2766 2185//2766 2192//2766
f 2184//2767 2182//2767 2192//2767
f 2181//2768 2179//2768 2191//2768
f 2202//2769 2177//2769 2188//2769
f 2188//2770 2186//2770 2202//2770
f 2187//2771 2166//2771 2202//2771
f 2168//2772 2215//2772 2200//2772
f 2210//2773 2216//2773 2199//2773
f 2218//2774 2220//2774 2197//2774
f 2197//2775 2220//2775 2221//2775
f 2222//2776 2219//2776 2197//2776
f 2156//2777 2160//2777 2196//2777
f 2190//2778 2184//2778 2192//2778
f 2221//2779 2222//2779 2197//2779
f 2185//2780 2190//2780 2192//2780
f 2267//2813 2266//2813 2265//2813 2264//2813 2263//2813 2262//2813 2261//2813 2260//2813 2259//2813 2258//2813 2257//2813 2256//2813
f 2266//2814 2267//2814 2223//2814 2224//2814
f 2226//2815 2265//2815 2266//2815 2227//2815
f 2264//2816 2265//2816 2269//2816 2268//2816
f 2263//2817 2264//2817 2271//2817 2270//2817
f 2262//2818 2263//2818 2273//2818 2272//2818
f 2275//2819 2261//2819 2262//2819 2274//2819
f 2260//2820 2261//2820 2277//2820 2276//2820
f 2259//2821 2260//2821 2234//2821 2233//2821
f 2258//2822 2259//2822 2231//2822 2232//2822
f 2257//2823 2258//2823 2244//2823 2245//2823
f 2256//2824 2257//2824 2238//2824 2239//2824
f 2267//2825 2256//2825 2250//2825 2251//2825
f 2228//2826 2267//2826 2229//2826
f 2224//2827 2225//2827 2266//2827
f 2225//2828 2227//2828 2266//2828
f 2278//2829 2269//2829 2265//2829
f 2268//2830 2279//2830 2264//2830
f 2271//2831 2264//2831 2280//2831
f 2264//2832 2281//2832 2280//2832
f 2282//2833 2263//2833 2270//2833
f 2283//2834 2273//2834 2263//2834
f 2272//2835 2284//2835 2262//2835
f 2262//2836 2284//2836 2285//2836
f 2262//2837 2287//2837 2286//2837
f 2288//2838 2277//2838 2261//2838
f 2276//2839 2234//2839 2260//2839
f 2233//2840 2231//2840 2259//2840
f 2235//2841 2258//2841 2236//2841
f 2246//2842 2244//2842 2258//2842
f 2248//2843 2257//2843 2245//2843
f 2238//2844 2257//2844 2242//2844
f 2257//2845 2241//2845 2242//2845
f 2240//2846 2256//2846 2239//2846
f 2252//2847 2250//2847 2256//2847
f 2251//2848 2229//2848 2267//2848
f 2267//2849 2228//2849 2230//2849
f 2230//2850 2223//2850 2267//2850
f 2289//2851 2265//2851 2226//2851
f 2289//2852 2278//2852 2265//2852
f 2290//2853 2281//2853 2264//2853
f 2292//2854 2263//2854 2291//2854
f 2291//2855 2263//2855 2282//2855
f 2292//2856 2283//2856 2263//2856
f 2285//2857 2293//2857 2262//2857
f 2294//2858 2287//2858 2262//2858
f 2262//2859 2286//2859 2295//2859
f 2275//2860 2288//2860 2261//2860
f 2236//2861 2258//2861 2237//2861
f 2258//2862 2232//2862 2237//2862
f 2247//2863 2246//2863 2258//2863
f 2248//2864 2243//2864 2257//2864
f 2243//2865 2241//2865 2257//2865
f 2240//2866 2255//2866 2256//2866
f 2252//2867 2256//2867 2254//2867
f 2256//2868 2253//2868 2254//2868
f 2279//2869 2290//2869 2264//2869
f 2293//2870 2294//2870 2262//2870
f 2274//2871 2262//2871 2296//2871
f 2262//2872 2295//2872 2296//2872
f 2249//2873 2247//2873 2258//2873
f 2255//2874 2253//2874 2256//2874
f 2235//2875 2249//2875 2258//2875
f 2331//2903 2330//2903 2329//2903 2328//2903 2327//2903 2326//2903 2325//2903 2324//2903 2323//2903 2322//2903 2321//2903 2320//2903
f 2299//2904 2330//2904 2331//2904 2300//2904
f 2329//2905 2330//2905 2297//2905 2298//2905
f 2305//2906 2328//2906 2329//2906 2306//2906
f 2327//2907 2328//2907 2305//2907 2312//2907
f 2326//2908 2327//2908 2312//2908 2316//2908
f 2307//2909 2325//2909 2326//2909 2308//2909
f 2324//2910 2325//2910 2307//2910 2315//2910
f 2303//2911 2323//2911 2324//2911 2304//2911
f 2311//2912 2322//2912 2323//2912 2303//2912
f 2313//2913 2321//2913 2322//2913 2314//2913
f 2320//2914 2321//2914 2313//2914 2317//2914
f 2331//2915 2320//2915 2317//2915 2300//2915
f 2299//2916 2301//2916 2330//2916
f 2330//2917 2301//2917 2302//2917
f 2306//2918 2329//2918 2310//2918
f 2329//2919 2309//2919 2310//2919
f 2316//2920 2308//2920 2326//2920
f 2315//2921 2304//2921 2324//2921
f 2311//2922 2319//2922 2322//2922
f 2318//2923 2314//2923 2322//2923
f 2302//2924 2297//2924 2330//2924
f 2298//2925 2309//2925 2329//2925
f 2319//2926 2318//2926 2322//2926
f 2426//3013 2425//3013 2424//3013 2423//3013 2422//3013 2421//3013 2420//3013 2419//3013 2418//3013 2417//3013 2416//3013 2415//3013
f 2332//3014 2425//3014 2426//3014 2333//3014
f 2424//3015 2425//3015 2334//3015 2376//3015
f 2372//3016 2423//3016 2424//3016 2373//3016
f 2422//3017 2423//3017 2335//3017 2336//3017
f 2421//3018 2422//3018 2346//3018 2347//3018
f 2344//3019 2420//3019 2421//3019 2343//3019
f 2419//3020 2420//3020 2338//3020 2339//3020
f 2418//3021 2419//3021 2341//3021 2383//3021
f 2417//3022 2418//3022 2380//3022 2381//3022
f 2386//3023 2416//3023 2417//3023 2385//3023
f 2415//3024 2416//3024 2388//3024 2389//3024
f 2426//3025 2415//3025 2377//3025 2378//3025
f 2332//3026 2334//3026 2425//3026
f 2375//3027 2373//3027 2424//3027
f 2374//3028 2335//3028 2423//3028
f 2337//3029 2422//3029 2336//3029
f 2348//3030 2346//3030 2422//3030
f 2347//3031 2349//3031 2421//3031
f 2421//3032 2349//3032 2350//3032
f 2421//3033 2352//3033 2353//3033
f 2345//3034 2338//3034 2420//3034
f 2340//3035 2419//3035 2339//3035
f 2382//3036 2380//3036 2418//3036
f 2387//3037 2417//3037 2381//3037
f 2416//3038 2394//3038 2395//3038
f 2388//3039 2416//3039 2392//3039
f 2416//3040 2391//3040 2392//3040
f 2390//3041 2415//3041 2389//3041
f 2379//3042 2377//3042 2415//3042
f 2378//3043 2333//3043 2426//3043
f 2376//3044 2375//3044 2424//3044
f 2372//3045 2374//3045 2423//3045
f 2342//3046 2422//3046 2337//3046
f 2422//3047 2357//3047 2358//3047
f 2350//3048 2351//3048 2421//3048
f 2356//3049 2352//3049 2421//3049
f 2421//3050 2353//3050 2354//3050
f 2344//3051 2345//3051 2420//3051
f 2340//3052 2341//3052 2419//3052
f 2383//3053 2382//3053 2418//3053
f 2387//3054 2385//3054 2417//3054
f 2396//3055 2394//3055 2416//3055
f 2398//3056 2416//3056 2395//3056
f 2393//3057 2391//3057 2416//3057
f 2415//3058 2399//3058 2400//3058
f 2384//3059 2379//3059 2415//3059
f 2422//3060 2362//3060 2363//3060
f 2369//3061 2357//3061 2422//3061
f 2422//3062 2358//3062 2359//3062
f 2366//3063 2356//3063 2421//3063
f 2343//3064 2421//3064 2355//3064
f 2421//3065 2354//3065 2355//3065
f 2416//3066 2386//3066 2397//3066
f 2397//3067 2396//3067 2416//3067
f 2408//3068 2416//3068 2398//3068
f 2401//3069 2399//3069 2415//3069
f 2411//3070 2415//3070 2400//3070
f 2415//3071 2404//3071 2405//3071
f 2364//3072 2362//3072 2422//3072
f 2367//3073 2422//3073 2368//3073
f 2367//3074 2369//3074 2422//3074
f 2422//3075 2359//3075 2360//3075
f 2422//3076 2360//3076 2361//3076
f 2348//3077 2422//3077 2361//3077
f 2351//3078 2366//3078 2421//3078
f 2408//3079 2393//3079 2416//3079
f 2415//3080 2390//3080 2402//3080
f 2415//3081 2402//3081 2403//3081
f 2401//3082 2415//3082 2403//3082
f 2411//3083 2414//3083 2415//3083
f 2415//3084 2409//3084 2410//3084
f 2415//3085 2405//3085 2406//3085
f 2364//3086 2422//3086 2365//3086
f 2422//3087 2342//3087 2365//3087
f 2422//3088 2363//3088 2370//3088
f 2414//3089 2409//3089 2415//3089
f 2412//3090 2404//3090 2415//3090
f 2415//3091 2406//3091 2407//3091
f 2407//3092 2384//3092 2415//3092
f 2422//3093 2370//3093 2371//3093
f 2371//3094 2368//3094 2422//3094
f 2412//3095 2415//3095 2413//3095
f 2415//3096 2410//3096 2413//3096
f 2486//3144 2485//3144 2484//3144 2483//3144 2482//3144 2481//3144 2480//3144 2479//3144 2478//3144 2477//3144 2476//3144 2475//3144
f 2485//3145 2486//3145 2427//3145 2428//3145
f 2429//3146 2484//3146 2485//3146 2430//3146
f 2483//3147 2484//3147 2429//3147 2464//3147
f 2482//3148 2483//3148 2464//3148 2487//3148
f 2481//3149 2482//3149 2489//3149 2488//3149
f 2491//3150 2480//3150 2481//3150 2490//3150
f 2493//3151 2479//3151 2480//3151 2492//3151
f 2478//3152 2479//3152 2495//3152 2494//3152
f 2477//3153 2478//3153 2496//3153 2474//3153
f 2451//3154 2476//3154 2477//3154 2452//3154
f 2475//3155 2476//3155 2453//3155 2454//3155
f 2486//3156 2475//3156 2465//3156 2466//3156
f 2431//3157 2486//3157 2432//3157
f 2431//3158 2427//3158 2486//3158
f 2437//3159 2485//3159 2436//3159
f 2433//3160 2430//3160 2485//3160
f 2487//3161 2489//3161 2482//3161
f 2497//3162 2481//3162 2488//3162
f 2498//3163 2490//3163 2481//3163
f 2499//3164 2492//3164 2480//3164
f 2500//3165 2495//3165 2479//3165
f 2478//3166 2502//3166 2501//3166
f 2477//3167 2458//3167 2459//3167
f 2453//3168 2476//3168 2456//3168
f 2476//3169 2455//3169 2456//3169
f 2457//3170 2475//3170 2454//3170
f 2465//3171 2475//3171 2469//3171
f 2475//3172 2468//3172 2469//3172
f 2467//3173 2486//3173 2466//3173
f 2439//3174 2436//3174 2485//3174
f 2485//3175 2434//3175 2435//3175
f 2481//3176 2504//3176 2503//3176
f 2481//3177 2506//3177 2505//3177
f 2480//3178 2508//3178 2507//3178
f 2493//3179 2500//3179 2479//3179
f 2478//3180 2510//3180 2509//3180
f 2502//3181 2478//3181 2509//3181
f 2501//3182 2496//3182 2478//3182
f 2460//3183 2458//3183 2477//3183
f 2477//3184 2459//3184 2461//3184
f 2477//3185 2461//3185 2462//3185
f 2451//3186 2455//3186 2476//3186
f 2470//3187 2475//3187 2471//3187
f 2472//3188 2468//3188 2475//3188
f 2467//3189 2432//3189 2486//3189
f 2440//3190 2439//3190 2485//3190
f 2438//3191 2485//3191 2437//3191
f 2485//3192 2435//3192 2450//3192
f 2450//3193 2433//3193 2485//3193
f 2504//3194 2481//3194 2511//3194
f 2481//3195 2497//3195 2511//3195
f 2513//3196 2481//3196 2512//3196
f 2514//3197 2481//3197 2513//3197
f 2481//3198 2505//3198 2515//3198
f 2481//3199 2515//3199 2516//3199
f 2498//3200 2481//3200 2516//3200
f 2491//3201 2508//3201 2480//3201
f 2480//3202 2507//3202 2517//3202
f 2480//3203 2517//3203 2518//3203
f 2510//3204 2478//3204 2519//3204
f 2478//3205 2494//3205 2519//3205
f 2474//3206 2460//3206 2477//3206
f 2477//3207 2462//3207 2463//3207
f 2463//3208 2452//3208 2477//3208
f 2475//3209 2457//3209 2473//3209
f 2473//3210 2471//3210 2475//3210
f 2470//3211 2472//3211 2475//3211
f 2445//3212 2440//3212 2485//3212
f 2485//3213 2438//3213 2441//3213
f 2485//3214 2441//3214 2442//3214
f 2481//3215 2521//3215 2520//3215
f 2512//3216 2481//3216 2520//3216
f 2481//3217 2514//3217 2522//3217
f 2499//3218 2480//3218 2523//3218
f 2480//3219 2518//3219 2523//3219
f 2446//3220 2445//3220 2485//3220
f 2485//3221 2443//3221 2444//3221
f 2481//3222 2525//3222 2524//3222
f 2481//3223 2522//3223 2526//3223
f 2485//3224 2428//3224 2449//3224
f 2449//3225 2446//3225 2485//3225
f 2485//3226 2442//3226 2447//3226
f 2447//3227 2443//3227 2485//3227
f 2485//3228 2444//3228 2448//3228
f 2448//3229 2434//3229 2485//3229
f 2525//3230 2481//3230 2527//3230
f 2481//3231 2503//3231 2527//3231
f 2521//3232 2481//3232 2528//3232
f 2481//3233 2524//3233 2528//3233
f 2481//3234 2526//3234 2529//3234
f 2481//3235 2529//3235 2530//3235
f 2506//3236 2481//3236 2531//3236
f 2481//3237 2530//3237 2531//3237
f 2627//3322 2626//3322 2625//3322 2624//3322 2623//3322 2622//3322 2621//3322 2620//3322 2619//3322 2618//3322 2617//3322 2616//3322
f 2532//3323 2626//3323 2627//3323 2533//3323
f 2629//3324 2625//3324 2626//3324 2628//3324
f 2630//3325 2624//3325 2625//3325 2629//3325
f 2572//3326 2623//3326 2624//3326 2573//3326
f 2622//3327 2623//3327 2534//3327 2535//3327
f 2548//3328 2621//3328 2622//3328 2549//3328
f 2620//3329 2621//3329 2550//3329 2551//3329
f 2619//3330 2620//3330 2557//3330 2601//3330
f 2595//3331 2618//3331 2619//3331 2596//3331
f 2617//3332 2618//3332 2589//3332 2590//3332
f 2582//3333 2616//3333 2617//3333 2583//3333
f 2627//3334 2616//3334 2575//3334 2576//3334
f 2626//3335 2543//3335 2544//3335
f 2628//3336 2626//3336 2631//3336
f 2626//3337 2632//3337 2631//3337
f 2630//3338 2633//3338 2624//3338
f 2624//3339 2634//3339 2588//3339
f 2546//3340 2534//3340 2623//3340
f 2536//3341 2622//3341 2535//3341
f 2622//3342 2559//3342 2560//3342
f 2548//3343 2550//3343 2621//3343
f 2551//3344 2552//3344 2620//3344
f 2620//3345 2552//3345 2553//3345
f 2597//3346 2596//3346 2619//3346
f 2589//3347 2618//3347 2592//3347
f 2618//3348 2591//3348 2592//3348
f 2617//3349 2602//3349 2603//3349
f 2587//3350 2583//3350 2617//3350
f 2577//3351 2575//3351 2616//3351
f 2586//3352 2627//3352 2576//3352
f 2543//3353 2626//3353 2545//3353
f 2626//3354 2532//3354 2545//3354
f 2636//3355 2626//3355 2635//3355
f 2635//3356 2626//3356 2544//3356
f 2637//3357 2626//3357 2636//3357
f 2634//3358 2624//3358 2638//3358
f 2624//3359 2639//3359 2638//3359
f 2624//3360 2588//3360 2585//3360
f 2585//3361 2573//3361 2624//3361
f 2574//3362 2546//3362 2623//3362
f 2622//3363 2537//3363 2538//3363
f 2622//3364 2562//3364 2563//3364
f 2549//3365 2622//3365 2561//3365
f 2622//3366 2560//3366 2561//3366
f 2553//3367 2554//3367 2620//3367
f 2620//3368 2554//3368 2555//3368
f 2597//3369 2619//3369 2600//3369
f 2619//3370 2599//3370 2600//3370
f 2591//3371 2618//3371 2594//3371
f 2618//3372 2593//3372 2594//3372
f 2617//3373 2590//3373 2604//3373
f 2604//3374 2602//3374 2617//3374
f 2603//3375 2613//3375 2617//3375
f 2587//3376 2617//3376 2606//3376
f 2617//3377 2605//3377 2606//3377
f 2616//3378 2578//3378 2579//3378
f 2586//3379 2533//3379 2627//3379
f 2626//3380 2637//3380 2640//3380
f 2640//3381 2632//3381 2626//3381
f 2624//3382 2642//3382 2641//3382
f 2572//3383 2574//3383 2623//3383
f 2622//3384 2536//3384 2539//3384
f 2622//3385 2539//3385 2540//3385
f 2541//3386 2622//3386 2538//3386
f 2547//3387 2562//3387 2622//3387
f 2622//3388 2564//3388 2565//3388
f 2556//3389 2620//3389 2555//3389
f 2601//3390 2599//3390 2619//3390
f 2598//3391 2593//3391 2618//3391
f 2617//3392 2607//3392 2608//3392
f 2582//3393 2578//3393 2616//3393
f 2616//3394 2580//3394 2581//3394
f 2577//3395 2616//3395 2581//3395
f 2633//3396 2642//3396 2624//3396
f 2643//3397 2639//3397 2624//3397
f 2537//3398 2622//3398 2542//3398
f 2622//3399 2540//3399 2542//3399
f 2541//3400 2547//3400 2622//3400
f 2566//3401 2564//3401 2622//3401
f 2622//3402 2565//3402 2567//3402
f 2557//3403 2620//3403 2558//3403
f 2558//3404 2620//3404 2556//3404
f 2595//3405 2598//3405 2618//3405
f 2610//3406 2607//3406 2617//3406
f 2617//3407 2608//3407 2609//3407
f 2616//3408 2579//3408 2584//3408
f 2584//3409 2580//3409 2616//3409
f 2643//3410 2624//3410 2644//3410
f 2624//3411 2641//3411 2644//3411
f 2622//3412 2563//3412 2571//3412
f 2571//3413 2566//3413 2622//3413
f 2622//3414 2568//3414 2569//3414
f 2559//3415 2622//3415 2569//3415
f 2617//3416 2611//3416 2612//3416
f 2605//3417 2617//3417 2615//3417
f 2617//3418 2609//3418 2615//3418
f 2622//3419 2567//3419 2570//3419
f 2570//3420 2568//3420 2622//3420
f 2613//3421 2611//3421 2617//3421
f 2610//3422 2617//3422 2614//3422
f 2617//3423 2612//3423 2614//3423
f 2699//3467 2698//3467 2697//3467 2696//3467 2695//3467 2694//3467 2693//3467 2692//3467 2691//3467 2690//3467 2689//3467 2688//3467
f 2646//3468 2698//3468 2699//3468 2645//3468
f 2697//3469 2698//3469 2647//3469 2648//3469
f 2696//3470 2697//3470 2653//3470 2700//3470
f 2695//3471 2696//3471 2702//3471 2701//3471
f 2694//3472 2695//3472 2704//3472 2703//3472
f 2693//3473 2694//3473 2706//3473 2705//3473
f 2655//3474 2692//3474 2693//3474 2656//3474
f 2691//3475 2692//3475 2657//3475 2658//3475
f 2690//3476 2691//3476 2679//3476 2680//3476
f 2689//3477 2690//3477 2676//3477 2677//3477
f 2688//3478 2689//3478 2670//3478 2671//3478
f 2699//3479 2688//3479 2665//3479 2666//3479
f 2649//3480 2645//3480 2699//3480
f 2646//3481 2647//3481 2698//3481
f 2653//3482 2697//3482 2654//3482
f 2654//3483 2697//3483 2648//3483
f 2702//3484 2696//3484 2707//3484
f 2696//3485 2708//3485 2707//3485
f 2701//3486 2709//3486 2695//3486
f 2695//3487 2711//3487 2710//3487
f 2703//3488 2712//3488 2694//3488
f 2713//3489 2706//3489 2694//3489
f 2714//3490 2693//3490 2705//3490
f 2715//3491 2656//3491 2693//3491
f 2692//3492 2660//3492 2661//3492
f 2658//3493 2659//3493 2691//3493
f 2659//3494 2679//3494 2691//3494
f 2683//3495 2690//3495 2680//3495
f 2690//3496 2681//3496 2682//3496
f 2678//3497 2689//3497 2677//3497
f 2674//3498 2670//3498 2689//3498
f 2671//3499 2673//3499 2688//3499
f 2669//3500 2665//3500 2688//3500
f 2699//3501 2667//3501 2668//3501
f 2649//3502 2699//3502 2651//3502
f 2699//3503 2650//3503 2651//3503
f 2716//3504 2708//3504 2696//3504
f 2717//3505 2711//3505 2695//3505
f 2704//3506 2695//3506 2718//3506
f 2695//3507 2710//3507 2718//3507
f 2712//3508 2713//3508 2694//3508
f 2714//3509 2719//3509 2693//3509
f 2693//3510 2719//3510 2720//3510
f 2721//3511 2715//3511 2693//3511
f 2664//3512 2660//3512 2692//3512
f 2662//3513 2657//3513 2692//3513
f 2684//3514 2690//3514 2685//3514
f 2685//3515 2690//3515 2683//3515
f 2684//3516 2681//3516 2690//3516
f 2676//3517 2690//3517 2686//3517
f 2690//3518 2682//3518 2686//3518
f 2678//3519 2687//3519 2689//3519
f 2687//3520 2674//3520 2689//3520
f 2673//3521 2669//3521 2688//3521
f 2672//3522 2667//3522 2699//3522
f 2668//3523 2652//3523 2699//3523
f 2652//3524 2650//3524 2699//3524
f 2700//3525 2716//3525 2696//3525
f 2709//3526 2717//3526 2695//3526
f 2720//3527 2721//3527 2693//3527
f 2655//3528 2664//3528 2692//3528
f 2662//3529 2692//3529 2663//3529
f 2692//3530 2661//3530 2663//3530
f 2672//3531 2699//3531 2675//3531
f 2699//3532 2666//3532 2675//3532
f 2974//3778 2973//3778 2972//3778 2971//3778 2970//3778 2969//3778 2968//3778 2967//3778 2966//3778 2965//3778 2964//3778 2963//3778
f 2973//3779 2974//3779 2923//3779 2924//3779
f 2972//3780 2973//3780 2924//3780 2940//3780
f 2971//3781 2972//3781 2940//3781 2941//3781
f 2934//3782 2970//3782 2971//3782 2935//3782
f 2969//3783 2970//3783 2932//3783 2933//3783
f 2968//3784 2969//3784 2925//3784 2926//3784
f 2967//3785 2968//3785 2930//3785 2949//3785
f 2966//3786 2967//3786 2949//3786 2961//3786
f 2959//3787 2965//3787 2966//3787 2960//3787
f 2964//3788 2965//3788 2942//3788 2943//3788
f 2963//3789 2964//3789 2950//3789 2951//3789
f 2974//3790 2963//3790 2958//3790 2923//3790
f 2941//3791 2935//3791 2971//3791
f 2934//3792 2932//3792 2970//3792
f 2937//3793 2969//3793 2933//3793
f 2938//3794 2925//3794 2969//3794
f 2968//3795 2927//3795 2928//3795
f 2961//3796 2960//3796 2966//3796
f 2965//3797 2944//3797 2945//3797
f 2943//3798 2962//3798 2964//3798
f 2955//3799 2950//3799 2964//3799
f 2951//3800 2952//3800 2963//3800
f 2963//3801 2952//3801 2953//3801
f 2938//3802 2969//3802 2939//3802
f 2939//3803 2969//3803 2937//3803
f 2929//3804 2927//3804 2968//3804
f 2930//3805 2968//3805 2931//3805
f 2931//3806 2968//3806 2928//3806
f 2944//3807 2965//3807 2948//3807
f 2965//3808 2947//3808 2948//3808
f 2965//3809 2945//3809 2946//3809
f 2955//3810 2964//3810 2957//3810
f 2964//3811 2956//3811 2957//3811
f 2953//3812 2958//3812 2963//3812
f 2929//3813 2968//3813 2936//3813
f 2968//3814 2926//3814 2936//3814
f 2959//3815 2947//3815 2965//3815
f 2965//3816 2946//3816 2954//3816
f 2954//3817 2942//3817 2965//3817
f 2962//3818 2956//3818 2964//3818
f 3000//3835 2999//3835 2998//3835 2997//3835 2996//3835 2995//3835 2994//3835 2993//3835 2992//3835 2991//3835 2990//3835 2989//3835
f 2999//3836 3000//3836 2975//3836 2976//3836
f 2998//3837 2999//3837 2976//3837 2977//3837
f 2997//3838 2998//3838 2977//3838 2981//3838
f 2996//3839 2997//3839 2981//3839 2985//3839
f 2979//3840 2995//3840 2996//3840 2980//3840
f 2994//3841 2995//3841 2979//3841 2978//3841
f 2993//3842 2994//3842 2978//3842 2984//3842
f 2982//3843 2992//3843 2993//3843 2983//3843
f 2991//3844 2992//3844 2982//3844 2986//3844
f 2990//3845 2991//3845 2986//3845 2987//3845
f 2989//3846 2990//3846 2987//3846 2988//3846
f 3000//3847 2989//3847 2988//3847 2975//3847
f 2985//3848 2980//3848 2996//3848
f 2984//3849 2983//3849 2993//3849
f 3027//3865 3026//3865 3025//3865 3024//3865 3023//3865 3022//3865 3021//3865 3020//3865 3019//3865 3018//3865 3017//3865 3016//3865
f 3026//3866 3027//3866 3001//3866 3002//3866
f 3025//3867 3026//3867 3002//3867 3003//3867
f 3024//3868 3025//3868 3003//3868 3009//3868
f 3023//3869 3024//3869 3009//3869 3028//3869
f 3022//3870 3023//3870 3028//3870 3015//3870
f 3013//3871 3021//3871 3022//3871 3014//3871
f 3011//3872 3020//3872 3021//3872 3012//3872
f 3007//3873 3019//3873 3020//3873 3008//3873
f 3018//3874 3019//3874 3007//3874 3006//3874
f 3017//3875 3018//3875 3006//3875 3010//3875
f 3004//3876 3016//3876 3017//3876 3005//3876
f 3027//3877 3016//3877 3004//3877 3001//3877
f 3015//3878 3014//3878 3022//3878
f 3013//3879 3012//3879 3021//3879
f 3011//3880 3008//3880 3020//3880
f 3010//3881 3005//3881 3017//3881
f 3069//3912 3068//3912 3067//3912 3066//3912 3065//3912 3064//3912 3063//3912 3062//3912 3061//3912 3060//3912 3059//3912 3058//3912
f 3036//3913 3068//3913 3069//3913 3037//3913
f 3067//3914 3068//3914 3029//3914 3030//3914
f 3066//3915 3067//3915 3033//3915 3046//3915
f 3031//3916 3065//3916 3066//3916 3032//3916
f 3034//3917 3064//3917 3065//3917 3035//3917
f 3042//3918 3063//3918 3064//3918 3043//3918
f 3055//3919 3062//3919 3063//3919 3042//3919
f 3044//3920 3061//3920 3062//3920 3045//3920
f 3040//3921 3060//3921 3061//3921 3041//3921
f 3051//3922 3059//3922 3060//3922 3052//3922
f 3058//3923 3059//3923 3048//3923 3049//3923
f 3069//3924 3058//3924 3050//3924 3037//3924
f 3038//3925 3068//3925 3036//3925
f 3039//3926 3029//3926 3068//3926
f 3030//3927 3033//3927 3067//3927
f 3046//3928 3032//3928 3066//3928
f 3031//3929 3035//3929 3065//3929
f 3047//3930 3064//3930 3034//3930
f 3047//3931 3043//3931 3064//3931
f 3056//3932 3062//3932 3057//3932
f 3057//3933 3062//3933 3055//3933
f 3056//3934 3045//3934 3062//3934
f 3044//3935 3041//3935 3061//3935
f 3053//3936 3052//3936 3060//3936
f 3051//3937 3048//3937 3059//3937
f 3049//3938 3050//3938 3058//3938
f 3038//3939 3039//3939 3068//3939
f 3054//3940 3060//3940 3040//3940
f 3054//3941 3053//3941 3060//3941
f 3104//3967 3103//3967 3102//3967 3101//3967 3100//3967 3099//3967 3098//3967 3097//3967 3096//3967 3095//3967 3094//3967 3093//3967
f 3072//3968 3103//3968 3104//3968 3073//3968
f 3102//3969 3103//3969 3072//3969 3081//3969
f 3070//3970 3101//3970 3102//3970 3071//3970
f 3074//3971 3100//3971 3101//3971 3075//3971
f 3099//3972 3100//3972 3074//3972 3084//3972
f 3082//3973 3098//3973 3099//3973 3083//3973
f 3077//3974 3097//3974 3098//3974 3078//3974
f 3089//3975 3096//3975 3097//3975 3077//3975
f 3079//3976 3095//3976 3096//3976 3080//3976
f 3085//3977 3094//3977 3095//3977 3086//3977
f 3087//3978 3093//3978 3094//3978 3088//3978
f 3104//3979 3093//3979 3087//3979 3076//3979
f 3076//3980 3073//3980 3104//3980
f 3081//3981 3071//3981 3102//3981
f 3070//3982 3075//3982 3101//3982
f 3084//3983 3083//3983 3099//3983
f 3090//3984 3078//3984 3098//3984
f 3091//3985 3096//3985 3092//3985
f 3092//3986 3096//3986 3089//3986
f 3091//3987 3080//3987 3096//3987
f 3079//3988 3086//3988 3095//3988
f 3085//3989 3088//3989 3094//3989
f 3082//3990 3090//3990 3098//3990
f 3138//4015 3137//4015 3136//4015 3135//4015 3134//4015 3133//4015 3132//4015 3131//4015 3130//4015 3129//4015 3128//4015 3127//4015
f 3137//4016 3138//4016 3107//4016 3108//4016
f 3136//4017 3137//4017 3105//4017 3106//4017
f 3110//4018 3135//4018 3136//4018 3111//4018
f 3134//4019 3135//4019 3110//4019 3121//4019
f 3119//4020 3133//4020 3134//4020 3120//4020
f 3132//4021 3133//4021 3119//4021 3126//4021
f 3118//4022 3131//4022 3132//4022 3125//4022
f 3112//4023 3130//4023 3131//4023 3113//4023
f 3116//4024 3129//4024 3130//4024 3117//4024
f 3114//4025 3128//4025 3129//4025 3115//4025
f 3127//4026 3128//4026 3114//4026 3124//4026
f 3107//4027 3138//4027 3127//4027 3123//4027
f 3108//4028 3105//4028 3137//4028
f 3106//4029 3109//4029 3136//4029
f 3109//4030 3111//4030 3136//4030
f 3121//4031 3120//4031 3134//4031
f 3126//4032 3125//4032 3132//4032
f 3118//4033 3113//4033 3131//4033
f 3122//4034 3130//4034 3112//4034
f 3122//4035 3117//4035 3130//4035
f 3116//4036 3115//4036 3129//4036
f 3124//4037 3123//4037 3127//4037
f 3173//4063 3172//4063 3171//4063 3170//4063 3169//4063 3168//4063 3167//4063 3166//4063 3165//4063 3164//4063 3163//4063 3162//4063
f 3139//4064 3172//4064 3173//4064 3140//4064
f 3171//4065 3172//4065 3142//4065 3143//4065
f 3170//4066 3171//4066 3144//4066 3155//4066
f 3169//4067 3170//4067 3155//4067 3161//4067
f 3159//4068 3168//4068 3169//4068 3160//4068
f 3153//4069 3167//4069 3168//4069 3154//4069
f 3151//4070 3166//4070 3167//4070 3152//4070
f 3149//4071 3165//4071 3166//4071 3150//4071
f 3148//4072 3164//4072 3165//4072 3147//4072
f 3145//4073 3163//4073 3164//4073 3146//4073
f 3162//4074 3163//4074 3145//4074 3156//4074
f 3140//4075 3173//4075 3162//4075 3157//4075
f 3139//4076 3141//4076 3172//4076
f 3141//4077 3142//4077 3172//4077
f 3143//4078 3144//4078 3171//4078
f 3161//4079 3160//4079 3169//4079
f 3159//4080 3154//4080 3168//4080
f 3153//4081 3152//4081 3167//4081
f 3158//4082 3150//4082 3166//4082
f 3149//4083 3147//4083 3165//4083
f 3148//4084 3146//4084 3164//4084
f 3156//4085 3157//4085 3162//4085
f 3151//4086 3158//4086 3166//4086
f 3206//4110 3205//4110 3204//4110 3203//4110 3202//4110 3201//4110 3200//4110 3199//4110 3198//4110 3197//4110 3196//4110 3195//4110
f 3205//4111 3206//4111 3176//4111 3177//4111
f 3204//4112 3205//4112 3177//4112 3183//4112
f 3178//4113 3203//4113 3204//4113 3179//4113
f 3202//4114 3203//4114 3178//4114 3189//4114
f 3187//4115 3201//4115 3202//4115 3188//4115
f 3185//4116 3200//4116 3201//4116 3186//4116
f 3199//4117 3200//4117 3185//4117 3192//4117
f 3198//4118 3199//4118 3192//4118 3194//4118
f 3174//4119 3197//4119 3198//4119 3175//4119
f 3196//4120 3197//4120 3174//4120 3182//4120
f 3180//4121 3195//4121 3196//4121 3181//4121
f 3190//4122 3206//4122 3195//4122 3180//4122
f 3183//4123 3179//4123 3204//4123
f 3189//4124 3188//4124 3202//4124
f 3191//4125 3186//4125 3201//4125
f 3184//4126 3175//4126 3198//4126
f 3182//4127 3181//4127 3196//4127
f 3190//4128 3176//4128 3206//4128
f 3193//4129 3201//4129 3187//4129
f 3193//4130 3191//4130 3201//4130
f 3194//4131 3184//4131 3198//4131
usemtl mat11
f 1819//2302 1822//2302 1821//2302 1820//2302
f 3383//4379 3382//4379 3381//4379 3380//4379
f 3383//4380 3380//4380 3377//4380 3376//4380
f 3381//4381 3382//4381 3379//4381 3378//4381
f 3372//4382 3382//4382 3383//4382 3376//4382
f 3377//4383 3380//4383 3381//4383 3373//4383
f 3372//4384 3379//4384 3382//4384
f 3378//4385 3373//4385 3381//4385
usemtl mat23
f 3351//4351 3350//4351 3349//4351 3348//4351
f 3355//4352 3354//4352 3353//4352 3352//4352
f 3349//4353 3355//4353 3352//4353 3348//4353
f 3353//4354 3354//4354 3350//4354 3351//4354
f 3352//4355 3353//4355 3351//4355 3348//4355
f 3350//4356 3354//4356 3355//4356 3349//4356
f 3359//4357 3358//4357 3357//4357 3356//4357
f 3363//4358 3362//4358 3361//4358 3360//4358
f 3357//4359 3363//4359 3360//4359 3356//4359
f 3361//4360 3362//4360 3358//4360 3359//4360
f 3360//4361 3361//4361 3359//4361 3356//4361
f 3358//4362 3362//4362 3363//4362 3357//4362
