# Alias OBJ Model File
# Exported from SketchUp, (c) 2000-2012 Trimble Navigation Limited
# File units = meters

mtllib Toolbox.mtl

g Mesh1 Group1 UC_091_1 Model

usemtl Tool_Detail
v 2.01673 0.0569282 -2.00777
vt 2.04724 2.12598
vn -2.85351e-14 1 2.69532e-14
v 2.00873 0.0569282 -2.00777
vt 2.04724 1.81102
v 2.00873 0.0569282 -2.00077
vt 2.32283 1.81102
v 2.01673 0.0569282 -2.00077
vt 2.32283 2.12598
f 1/1/1 2/2/1 3/3/1 4/4/1 

vt 2.04724 2.84651
vn -0.866025 0.5 1.35006e-14
v 2.00473 0.05 -2.00777
vt 2.04724 2.53155
v 2.00473 0.05 -2.00077
vt 2.32283 2.53155
vt 2.32283 2.84651
f 2/5/2 5/6/2 6/7/2 3/8/2 

vt 2.04724 0.878003
vn -0.866025 -0.5 -1.34525e-14
v 2.00873 0.0430718 -2.00777
vt 2.04724 0.563042
v 2.00873 0.0430718 -2.00077
vt 2.32283 0.563042
vt 2.32283 0.878003
f 5/9/3 7/10/3 8/11/3 6/12/3 

vt -2.04724 1.81102
vn 2.85351e-14 -1 -2.69532e-14
v 2.01673 0.0430718 -2.00777
vt -2.04724 2.12598
v 2.01673 0.0430718 -2.00077
vt -2.32283 2.12598
vt -2.32283 1.81102
f 7/13/4 9/14/4 10/15/4 8/16/4 

vt -2.04724 2.53155
vn 0.866025 -0.5 -1.35006e-14
v 2.02073 0.05 -2.00777
vt -2.04724 2.84651
v 2.02073 0.05 -2.00077
vt -2.32283 2.84651
vt -2.32283 2.53155
f 9/17/5 11/18/5 12/19/5 10/20/5 

vt -2.04724 0.563042
vn 0.866025 0.5 1.34525e-14
vt -2.04724 0.878003
vt -2.32283 0.878003
vt -2.32283 0.563042
f 11/21/6 1/22/6 4/23/6 12/24/6 

vt 1.81102 2.24127
vn 2.77556e-17 -2.69532e-14 1
vt 1.65354 1.9685
vt 1.81102 1.69574
vt 2.12598 1.69574
vt 2.28346 1.9685
vt 2.12598 2.24127
f 3/25/7 6/26/7 8/27/7 10/28/7 12/29/7 4/30/7 

g Mesh2 Group1 UC_091_1 Model

v 2.01673 0.0569282 -2.05677
vt 0.11811 2.12598
v 2.00873 0.0569282 -2.05677
vt 0.11811 1.81102
v 2.00873 0.0569282 -2.04977
vt 0.393701 1.81102
v 2.01673 0.0569282 -2.04977
vt 0.393701 2.12598
f 13/31/1 14/32/1 15/33/1 16/34/1 

v 2.00473 0.05 -2.05677
vt -1.65354 1.9685
vn -2.77556e-17 2.69532e-14 -1
vt -1.81102 2.24127
vt -2.12598 2.24127
v 2.02073 0.05 -2.05677
vt -2.28346 1.9685
v 2.01673 0.0430718 -2.05677
vt -2.12598 1.69574
v 2.00873 0.0430718 -2.05677
vt -1.81102 1.69574
f 17/35/8 14/36/8 13/37/8 18/38/8 19/39/8 20/40/8 

vt 0.11811 2.84651
vt 0.11811 2.53155
v 2.00473 0.05 -2.04977
vt 0.393701 2.53155
vt 0.393701 2.84651
f 14/41/2 17/42/2 21/43/2 15/44/2 

vt 0.11811 0.878003
vt 0.11811 0.563042
v 2.00873 0.0430718 -2.04977
vt 0.393701 0.563042
vt 0.393701 0.878003
f 17/45/3 20/46/3 22/47/3 21/48/3 

vt -0.11811 1.81102
vt -0.11811 2.12598
v 2.01673 0.0430718 -2.04977
vt -0.393701 2.12598
vt -0.393701 1.81102
f 20/49/4 19/50/4 23/51/4 22/52/4 

vt -0.11811 2.53155
vt -0.11811 2.84651
v 2.02073 0.05 -2.04977
vt -0.393701 2.84651
vt -0.393701 2.53155
f 19/53/5 18/54/5 24/55/5 23/56/5 

vt -0.11811 0.563042
vt -0.11811 0.878003
vt -0.393701 0.878003
vt -0.393701 0.563042
f 18/57/6 13/58/6 16/59/6 24/60/6 

g Mesh3 Group1 UC_091_1 Model

v 1.96512 0.115 -2.04577
vt -0.551181 0.0939333
vn 3.1592e-14 -1 -2.69532e-14
v 2.06035 0.115 -2.04577
vt -0.551181 3.84307
v 2.06035 0.115 -2.01177
vt -1.88976 3.84307
v 1.96512 0.115 -2.01177
vt -1.88976 0.0939333
f 25/61/9 26/62/9 27/63/9 28/64/9 

v 2.02659 0.0442597 -2.04577
vt 2.5141 1.74251
vt 3.84307 4.52756
vt 0.0939333 4.52756
v 1.99887 0.0442597 -2.04577
vt 1.42291 1.74251
v 2.00226 0.0396414 -2.04577
vt 1.55626 1.56069
v 2.0071 0.0365856 -2.04577
vt 1.74697 1.44038
v 2.01273 0.0355175 -2.04577
vt 1.9685 1.39833
v 2.01836 0.0365856 -2.04577
vt 2.19003 1.44038
v 2.0232 0.0396414 -2.04577
vt 2.38074 1.56069
f 29/65/7 26/66/7 25/67/7 30/68/7 31/69/7 32/70/7 33/71/7 34/72/7 35/73/7 

v 2.02659 0.0442597 -2.01177
vt -1.88976 2.65537
vn 0.85821 -0.513298 -1.32172e-14
vt -1.88976 5.74125
vn 0.902513 -0.430662 -1.03552e-14
vt -0.551181 5.74125
vt -0.551181 2.65537
v 2.02659 0.0442597 -2.05077
vt -0.354331 2.65537
v 2.06273 0.12 -2.05077
vt -0.354331 5.95936
v 2.06273 0.12 -2.00677
vt -2.08661 5.95936
v 2.02659 0.0442597 -2.00677
vt -2.08661 2.65537
f 36/74/10 27/75/11 26/76/11 29/77/10 37/78/10 38/79/11 39/80/11 40/81/10 

v 1.99887 0.0442597 -2.01177
vt -1.42291 1.74251
vn -2.77556e-17 -7.97006e-15 -1
vt -0.0939333 4.52756
vt -3.84307 4.52756
vt -2.5141 1.74251
v 2.0232 0.0396414 -2.01177
vt -2.38074 1.56069
v 2.01836 0.0365856 -2.01177
vt -2.19003 1.44038
v 2.01273 0.0355175 -2.01177
vt -1.9685 1.39833
v 2.0071 0.0365856 -2.01177
vt -1.74697 1.44038
v 2.00226 0.0396414 -2.01177
vt -1.55626 1.56069
f 41/82/12 28/83/12 27/84/12 36/85/12 42/86/12 43/87/12 44/88/12 45/89/12 46/90/12 

v 1.99887 0.0442597 -2.00677
vt 2.08661 0.959846
vn -0.85821 -0.513298 -1.31862e-14
v 1.96273 0.12 -2.00677
vt 2.08661 4.26384
vn -0.902513 -0.430662 -1.03383e-14
v 1.96273 0.12 -2.05077
vt 0.354331 4.26384
v 1.99887 0.0442597 -2.05077
vt 0.354331 0.959846
vt 0.551181 0.959846
vt 0.551181 4.04573
vt 1.88976 4.04573
vt 1.88976 0.959846
f 47/91/13 48/92/14 49/93/14 50/94/13 30/95/13 25/96/14 28/97/14 41/98/13 

vt 3.93701 4.72441
vt 0 4.72441
v 2.00226 0.0396414 -2.00677
v 2.0071 0.0365856 -2.00677
v 2.01273 0.0355175 -2.00677
v 2.01836 0.0365856 -2.00677
v 2.0232 0.0396414 -2.00677
f 39/99/7 48/100/7 47/68/7 51/69/7 52/70/7 53/71/7 54/72/7 55/73/7 40/65/7 

vt 2.08661 0
vn -3.13551e-14 1 2.69532e-14
vt 2.08661 3.93701
vt 0.354331 3.93701
vt 0.354331 0
f 48/101/15 39/102/15 38/103/15 49/104/15 

vt -3.93701 4.72441
v 2.0232 0.0396414 -2.05077
v 2.01836 0.0365856 -2.05077
v 2.01273 0.0355175 -2.05077
v 2.0071 0.0365856 -2.05077
v 2.00226 0.0396414 -2.05077
f 49/100/8 38/105/8 37/85/8 56/86/8 57/87/8 58/88/8 59/89/8 60/90/8 50/82/8 

vt -0.354331 2.6665
vn 0.681917 -0.73143 -1.97333e-14
vt -0.354331 2.89199
vt -0.551181 2.89199
vt -0.551181 2.6665
f 56/106/16 37/107/10 29/108/10 35/109/16 

vt -0.354331 2.62078
vn 0.366449 -0.930438 -2.50884e-14
vt -0.354331 2.84626
vt -0.551181 2.84626
vt -0.551181 2.62078
f 57/110/17 56/111/16 35/112/16 34/113/17 

vt -0.354331 2.19475
vn 3.13551e-14 -1 -2.69532e-14
vt -0.354331 2.42024
vt -0.551181 2.42024
vt -0.551181 2.19475
f 58/114/18 57/115/17 34/116/17 33/117/18 

vt 0.354331 -1.4477
vn -0.366449 -0.930438 -2.50681e-14
vt 0.354331 -1.67318
vt 0.551181 -1.67318
vt 0.551181 -1.4477
f 59/118/19 58/119/18 33/120/18 32/121/19 

vt 0.354331 -0.48355
vn -0.681917 -0.73143 -1.96954e-14
vt 0.354331 -0.709037
vt 0.551181 -0.709037
vt 0.551181 -0.48355
f 60/122/20 59/123/19 32/124/19 31/125/20 

vt 0.354331 0.563556
vt 0.354331 0.33807
vt 0.551181 0.33807
vt 0.551181 0.563556
f 50/126/13 60/127/20 31/128/20 30/129/13 

vt 1.88976 0.563556
vt 1.88976 0.33807
vt 2.08661 0.33807
vt 2.08661 0.563556
f 41/130/13 46/131/20 51/132/20 47/133/13 

vt 1.88976 -0.48355
vt 1.88976 -0.709037
vt 2.08661 -0.709037
vt 2.08661 -0.48355
f 46/134/20 45/135/19 52/136/19 51/137/20 

vt 1.88976 -1.4477
vt 1.88976 -1.67318
vt 2.08661 -1.67318
vt 2.08661 -1.4477
f 45/138/19 44/139/18 53/140/18 52/141/19 

vt -1.88976 2.19475
vt -1.88976 2.42024
vt -2.08661 2.42024
vt -2.08661 2.19475
f 44/142/18 43/143/17 54/144/17 53/145/18 

vt -1.88976 2.62078
vt -1.88976 2.84626
vt -2.08661 2.84626
vt -2.08661 2.62078
f 43/146/17 42/147/16 55/148/16 54/149/17 

vt -1.88976 2.6665
vt -1.88976 2.89199
vt -2.08661 2.89199
vt -2.08661 2.6665
f 42/150/16 36/151/10 40/152/10 55/153/16 

g Mesh4 Group1 UC_091_1 Model

v 2.01273 0.045 -2.05777
vt -1.88598 0.905077
vn -2.41561e-14 -0.694747 -0.719255
v 2.01023 0.0456699 -2.05777
vt -1.79069 0.941185
vn -0.347373 -0.601668 -0.719255
v 2.01127 0.047463 -2.05977
vt -1.84988 1.03784
v 2.01273 0.0470706 -2.05977
vt -1.90571 1.01668
f 61/154/21 62/155/22 63/156/22 64/157/21 

v 2.01273 0.045 -1.99977
vt 2.3622 -1.44289
vn -4.08552e-14 -1 -2.69532e-14
v 2.01023 0.0456699 -1.99977
vt 2.3622 -1.34099
vn -0.5 -0.866025 -2.33282e-14
vt 0.0787402 -1.34099
vt 0.0787402 -1.44289
f 65/158/23 66/159/24 62/160/24 61/161/23 

vt 2.4023 2.5552
vn -0.347373 -0.601668 0.719255
vt 2.49759 2.51909
vn -2.41303e-14 -0.694747 0.719255
v 2.01273 0.0470706 -1.99777
vt 2.51732 2.6307
v 2.01127 0.047463 -1.99777
vt 2.46149 2.65185
f 66/162/25 65/163/26 67/164/26 68/165/25 

vt 1.31383 3.19286
v 2.01523 0.0456699 -1.99977
vt 1.40911 3.22897
vn 0.347373 -0.601668 0.719255
v 2.0142 0.047463 -1.99777
vt 1.34993 3.32562
vt 1.2941 3.30447
f 65/166/26 69/167/27 70/168/27 67/169/26 

vt -2.3622 2.46186
vn 0.5 -0.866025 -2.3356e-14
vt -2.3622 2.35997
vt -0.0787402 2.35997
v 2.01523 0.0456699 -2.05777
vt -0.0787402 2.46186
f 69/170/28 65/171/23 61/172/23 71/173/28 

vt -2.02072 1.61495
vn 0.347373 -0.601668 -0.719255
vt -1.92544 1.57885
vt -1.90571 1.69045
v 2.0142 0.047463 -2.05977
vt -1.96154 1.71161
f 71/174/29 61/175/21 64/176/21 72/177/29 

v 2.01566 0.05 -2.05977
vt -2.08384 1.9685
v 2.01527 0.0485353 -2.05977
vt -2.06838 1.91084
vt -2.02617 1.86862
vt -1.9685 1.85317
vt -1.91084 1.86862
v 2.01019 0.0485353 -2.05977
vt -1.86862 1.91084
v 2.0098 0.05 -2.05977
vt -1.85317 1.9685
v 2.01019 0.0514647 -2.05977
vt -1.86862 2.02617
v 2.01127 0.052537 -2.05977
vt -1.91084 2.06838
v 2.01273 0.0529294 -2.05977
vt -1.9685 2.08384
v 2.0142 0.052537 -2.05977
vt -2.02617 2.06838
v 2.01527 0.0514647 -2.05977
vt -2.06838 2.02617
f 73/178/8 74/179/8 72/180/8 64/181/8 63/182/8 75/183/8 76/184/8 77/185/8 78/186/8 79/187/8 80/188/8 81/189/8 

v 2.01773 0.05 -2.05777
vt -1.61215 2.20021
vn 0.694747 5.51592e-14 -0.719255
v 2.01706 0.0475 -2.05777
vt -1.59318 2.1001
vn 0.601668 -0.347373 -0.719255
vt -1.4877 2.14155
vt -1.49881 2.20021
f 82/190/30 83/191/31 74/192/31 73/193/30 

v 2.01773 0.05 -1.99977
vn 1 3.13551e-14 -2.77556e-17
v 2.01706 0.0475 -1.99977
f 84/170/32 85/171/5 83/172/5 82/173/32 

vt -0.102661 2.4214
vn 0.601668 -0.347373 0.719255
vt -0.0836926 2.52152
vn 0.694747 1.66409e-14 0.719255
v 2.01566 0.05 -1.99777
vt -0.197029 2.52152
v 2.01527 0.0485353 -1.99777
vt -0.208143 2.46286
f 85/194/33 84/195/34 86/196/34 87/197/33 

vt -0.0836926 1.34899
v 2.01706 0.0525 -1.99977
vt -0.102661 1.44911
vn 0.601668 0.347373 0.719255
v 2.01527 0.0514647 -1.99777
vt -0.208143 1.40765
vt -0.197029 1.34899
f 84/198/34 88/199/35 89/200/35 86/201/34 

vt -2.3622 1.44289
vt -2.3622 1.34099
vt -0.0787402 1.34099
v 2.01706 0.0525 -2.05777
vt -0.0787402 1.44289
f 88/202/6 84/203/32 82/204/32 90/205/6 

vt -1.59318 1.77042
vn 0.601668 0.347373 -0.719255
vt -1.61215 1.6703
vt -1.49881 1.6703
vt -1.4877 1.72896
f 90/206/36 82/207/30 73/208/30 81/209/36 

v 2.01523 0.0543301 -2.05777
vt -1.7331 1.28789
vn 0.347373 0.601668 -0.719255
vt -1.79193 1.20469
vt -1.68883 1.15762
vt -1.65436 1.20637
f 91/210/37 90/211/36 81/212/36 80/213/37 

v 2.01523 0.0543301 -1.99977
vt -2.3622 0.0509486
vn 0.5 0.866025 2.33282e-14
vt -2.3622 -0.0509486
vt -0.0787402 -0.0509486
vt -0.0787402 0.0509486
f 92/214/38 88/215/6 90/216/6 91/217/38 

vt 0.382651 0.208176
vt 0.323821 0.291375
vn 0.347373 0.601668 0.719255
v 2.0142 0.052537 -1.99777
vt 0.245081 0.209857
vt 0.279549 0.161112
f 88/218/35 92/219/39 93/220/39 89/221/35 

vt 1.40911 -0.353352
v 2.01273 0.055 -1.99977
vt 1.31383 -0.317245
vn 2.41561e-14 0.694747 0.719255
v 2.01273 0.0529294 -1.99777
vt 1.2941 -0.428851
vt 1.34993 -0.450005
f 92/222/39 94/223/40 95/224/40 93/225/39 

vt -2.3622 -1.34099
vn 4.08552e-14 1 2.69532e-14
vt -2.3622 -1.44289
vt -0.0787402 -1.44289
v 2.01273 0.055 -2.05777
vt -0.0787402 -1.34099
f 94/226/41 92/227/38 91/228/38 96/229/41 

vt -1.92544 1.29677
vn 2.41021e-14 0.694747 -0.719255
vt -2.02072 1.26066
vt -1.96154 1.16401
vt -1.90571 1.18516
f 96/230/42 91/231/37 80/232/37 79/233/42 

v 2.01023 0.0543301 -2.05777
vt -1.79069 1.93443
vn -0.347373 0.601668 -0.719255
vt -1.88598 1.97054
vt -1.90571 1.85893
vt -1.84988 1.83778
f 97/234/43 96/235/42 79/236/42 78/237/43 

v 2.01023 0.0543301 -1.99977
vt 2.3622 2.35997
vn -0.5 0.866025 2.3356e-14
vt 2.3622 2.46186
vt 0.0787402 2.46186
vt 0.0787402 2.35997
f 98/238/44 94/239/41 96/240/41 97/241/44 

vt 2.49759 0.356525
vt 2.4023 0.320418
vn -0.347373 0.601668 0.719255
v 2.01127 0.052537 -1.99777
vt 2.46149 0.223765
vt 2.51732 0.244919
f 94/242/40 98/243/45 99/244/45 95/245/40 

vt 2.89073 1.42789
v 2.0084 0.0525 -1.99977
vt 2.8319 1.34469
vn -0.601668 0.347373 0.719255
v 2.01019 0.0514647 -1.99777
vt 2.935 1.29763
vt 2.96947 1.34637
f 98/246/45 100/247/46 101/248/46 99/249/45 

vt 2.3622 2.73294
vt 2.3622 2.83483
vt 0.0787402 2.83483
v 2.0084 0.0525 -2.05777
vt 0.0787402 2.73294
f 100/250/2 98/251/44 97/252/44 102/253/2 

vt -1.42262 2.3412
vn -0.601668 0.347373 -0.719255
vt -1.48145 2.4244
vt -1.56019 2.34289
vt -1.52572 2.29414
f 102/254/47 97/255/43 78/256/43 77/257/47 

v 2.00773 0.05 -2.05777
vt -1.21957 2.17088
vn -0.694747 -1.64009e-14 -0.719255
vt -1.23853 2.271
vt -1.34402 2.22954
vt -1.3329 2.17088
f 103/258/48 102/259/47 77/260/47 76/261/48 

v 2.00773 0.05 -1.99977
vn -1 -3.13551e-14 2.77556e-17
f 104/238/49 100/239/2 102/240/2 103/241/49 

vt 2.93437 1.94969
vt 2.9154 1.84957
vn -0.694747 -5.54133e-14 0.719255
v 2.0098 0.05 -1.99777
vt 3.02874 1.84957
vt 3.03985 1.90823
f 100/262/46 104/263/50 105/264/50 101/265/46 

vt 2.9154 2.02094
v 2.0084 0.0475 -1.99977
vt 2.93437 1.92082
vn -0.601668 -0.347373 0.719255
v 2.01019 0.0485353 -1.99777
vt 3.03985 1.96228
vt 3.02874 2.02094
f 104/266/50 106/267/51 107/268/51 105/269/50 

vt 2.3622 1.34099
vt 2.3622 1.44289
vt 0.0787402 1.44289
v 2.0084 0.0475 -2.05777
vt 0.0787402 1.34099
f 106/270/3 104/271/49 103/272/49 108/273/3 

vt -1.23853 1.59951
vn -0.601668 -0.347373 -0.719255
vt -1.21957 1.69963
vt -1.3329 1.69963
vt -1.34402 1.64097
f 108/274/52 103/275/48 76/276/48 75/277/52 

vt -1.48145 0.985146
vt -1.42262 1.06834
vt -1.52572 1.11541
vt -1.56019 1.06666
f 62/278/22 108/279/52 75/280/52 63/281/22 

vt 2.3622 -0.0509486
vt 2.3622 0.0509486
vt 0.0787402 0.0509486
vt 0.0787402 -0.0509486
f 66/282/24 106/283/3 108/284/3 62/285/24 

vt 2.8319 2.06486
vt 2.89073 1.98166
vt 2.96947 2.06318
vt 2.935 2.11192
f 106/286/51 66/287/25 68/288/25 107/289/51 

vt 1.9685 2.08384
vt 1.91084 2.06838
vt 1.86862 2.02617
vt 1.85317 1.9685
vt 1.86862 1.91084
vt 1.91084 1.86862
vt 1.9685 1.85317
vt 2.02617 1.86862
vt 2.06838 1.91084
vt 2.08384 1.9685
vt 2.06838 2.02617
vt 2.02617 2.06838
f 95/290/7 99/291/7 101/292/7 105/293/7 107/294/7 68/295/7 67/296/7 70/297/7 87/298/7 86/299/7 89/300/7 93/301/7 

vt 0.323821 3.11817
vt 0.382651 3.20137
vt 0.279549 3.24844
vt 0.245081 3.19969
f 69/302/27 85/303/33 87/304/33 70/305/27 

vt -2.3622 2.83483
vt -2.3622 2.73294
vt -0.0787402 2.73294
vt -0.0787402 2.83483
f 85/306/5 69/307/28 71/308/28 83/309/5 

vt -1.79193 2.20486
vt -1.7331 2.12166
vt -1.65436 2.20318
vt -1.68883 2.25193
f 83/310/31 71/311/29 72/312/29 74/313/31 

g Mesh5 Group1 UC_091_1 Model

usemtl Tool_Rubber
v 2.06273 0.05 -2.04377
vt -0.629921 1.16261
vn 1 3.13551e-14 5.39322e-16
v 2.05893 0.0691342 -2.04377
vt -0.629921 1.93068
vn 0.92388 0.382683 1.0303e-14
v 2.05893 0.0691342 -2.01377
vt -1.81102 1.93068
v 2.06273 0.05 -2.01377
vt -1.81102 1.16261
f 109/314/53 110/315/54 111/316/54 112/317/53 

v 2.05893 0.0308658 -2.04377
vt -3.78716 1.21519
vn 5.39322e-16 2.56209e-14 -1
vt -3.78716 2.72182
vt -3.93701 1.9685
f 113/318/55 110/319/55 109/320/55

v 2.05254 0.05 -2.04377
vt -3.53559 1.9685
f 113/318/55 114/321/55 110/319/55

v 2.04951 0.0347676 -2.04377
vt -3.41631 1.3688
f 113/318/55 115/322/55 114/321/55

v 2.04809 0.0146447 -2.04377
vt -3.36045 0.576561
f 116/323/55 115/322/55 113/318/55

v 2.04088 0.0218543 -2.04377
vt -3.0766 0.860404
f 116/323/55 117/324/55 115/322/55

v 2.03187 0.00380602 -2.04377
vt -2.72182 0.149843
f 118/325/55 117/324/55 116/323/55

v 2.02796 0.0132258 -2.04377
vt -2.5682 0.520701
f 118/325/55 119/326/55 117/324/55

v 2.01273 9.70743e-15 -2.04377
vt -1.9685 -8.39224e-16
f 120/327/55 119/326/55 118/325/55

v 2.01273 0.0101959 -2.04377
vt -1.9685 0.401414
f 120/327/55 121/328/55 119/326/55

v 1.9975 0.0132258 -2.04377
vt -1.3688 0.520701
f 120/327/55 122/329/55 121/328/55

v 1.9936 0.00380602 -2.04377
vt -1.21519 0.149843
f 123/330/55 122/329/55 120/327/55

v 1.98459 0.0218543 -2.04377
vt -0.860404 0.860404
f 123/330/55 124/331/55 122/329/55

v 1.97738 0.0146447 -2.04377
vt -0.576561 0.576561
f 125/332/55 124/331/55 123/330/55

v 1.97596 0.0347676 -2.04377
vt -0.520701 1.3688
f 125/332/55 126/333/55 124/331/55

v 1.97293 0.05 -2.04377
vt -0.401414 1.9685
f 125/332/55 127/334/55 126/333/55

v 1.96654 0.0308658 -2.04377
vt -0.149843 1.21519
f 127/334/55 125/332/55 128/335/55

vt 0.629921 0.927145
vn -0.92388 -0.382683 -1.0303e-14
vt 0.629921 0.159073
vn -0.707107 -0.707107 -1.84981e-14
v 1.97738 0.0146447 -2.01377
vt 1.81102 0.159073
v 1.96654 0.0308658 -2.01377
vt 1.81102 0.927145
f 128/336/56 125/337/57 129/338/57 130/339/56 

vt 0.629921 -0.159073
vt 0.629921 -0.927145
vn -0.382683 -0.92388 -2.3877e-14
v 1.9936 0.00380602 -2.01377
vt 1.81102 -0.927145
vt 1.81102 -0.159073
f 125/340/57 123/341/58 131/342/58 129/343/57 

vt 0.629921 -1.16261
vt 0.629921 -1.93068
vn 3.13551e-14 -1 -2.56209e-14
v 2.01273 8.94396e-15 -2.01377
vt 1.81102 -1.93068
vt 1.81102 -1.16261
f 123/344/58 120/345/59 132/346/59 131/347/58 

vt -0.629921 2.69875
vn 0.382683 -0.92388 -2.34642e-14
v 2.03187 0.00380602 -2.01377
vt -1.81102 2.69875
f 120/315/59 118/348/60 133/349/60 132/316/59 

vt -0.629921 2.34636
vt -0.629921 3.11443
vn 0.707107 -0.707107 -1.77354e-14
v 2.04809 0.0146447 -2.01377
vt -1.81102 3.11443
vt -1.81102 2.34636
f 118/350/60 116/351/61 134/352/61 133/353/60 

vn 0.92388 -0.382683 -9.30643e-15
v 2.05893 0.0308658 -2.01377
f 116/350/61 113/351/62 135/352/62 134/353/61 

f 113/315/62 109/348/53 112/349/53 135/316/62 

vt 3.78716 2.72182
vn -5.39322e-16 -2.56209e-14 1
vt 3.78716 1.21519
vt 3.93701 1.9685
f 111/354/63 135/355/63 112/356/63

v 2.05254 0.05 -2.01377
vt 3.53559 1.9685
f 111/354/63 136/357/63 135/355/63

v 2.04951 0.0652324 -2.01377
vt 3.41631 2.5682
f 111/354/63 137/358/63 136/357/63

v 2.04809 0.0853553 -2.01377
vt 3.36045 3.36045
f 138/359/63 137/358/63 111/354/63

v 2.04088 0.0781457 -2.01377
vt 3.0766 3.0766
f 138/359/63 139/360/63 137/358/63

v 2.03187 0.096194 -2.01377
vt 2.72182 3.78716
f 140/361/63 139/360/63 138/359/63

v 2.02796 0.0867742 -2.01377
vt 2.5682 3.41631
f 140/361/63 141/362/63 139/360/63

v 2.01273 0.1 -2.01377
vt 1.9685 3.93701
f 142/363/63 141/362/63 140/361/63

v 2.01273 0.0898041 -2.01377
vt 1.9685 3.53559
f 142/363/63 143/364/63 141/362/63

v 1.9975 0.0867742 -2.01377
vt 1.3688 3.41631
f 142/363/63 144/365/63 143/364/63

v 1.9936 0.096194 -2.01377
vt 1.21519 3.78716
f 145/366/63 144/365/63 142/363/63

v 1.98459 0.0781457 -2.01377
vt 0.860404 3.0766
f 145/366/63 146/367/63 144/365/63

v 1.97738 0.0853553 -2.01377
vt 0.576561 3.36045
f 147/368/63 146/367/63 145/366/63

v 1.97596 0.0652324 -2.01377
vt 0.520701 2.5682
f 147/368/63 148/369/63 146/367/63

v 1.97293 0.05 -2.01377
vt 0.401414 1.9685
f 147/368/63 149/370/63 148/369/63

v 1.96654 0.0691342 -2.01377
vt 0.149843 2.72182
f 149/370/63 147/368/63 150/371/63

v 1.97738 0.0853553 -2.04377
vt 0.629921 3.11443
vn -0.707107 0.707107 1.77354e-14
v 1.96654 0.0691342 -2.04377
vt 0.629921 2.34636
vn -0.92388 0.382683 9.30643e-15
vt 1.81102 2.34636
vt 1.81102 3.11443
f 151/372/64 152/373/65 150/374/65 147/375/64 

vt -0.149843 2.72182
vt -0.576561 3.36045
f 128/335/55 152/376/55 151/377/55

v 1.96273 0.05 -2.04377
vt -3.57214e-16 1.9685
f 152/376/55 128/335/55 153/378/55

vt 0.629921 1.93068
vn -1 -3.13551e-14 -5.39322e-16
vt 0.629921 1.16261
vt 1.81102 1.16261
v 1.96273 0.05 -2.01377
vt 1.81102 1.93068
f 153/379/66 128/380/56 130/381/56 154/382/66 

vt 0.149843 1.21519
vt 1.02699e-15 1.9685
f 130/383/63 150/371/63 154/384/63

vt 0.576561 0.576561
f 150/371/63 130/383/63 129/385/63

f 150/371/63 129/385/63 149/370/63

v 1.97596 0.0347676 -2.01377
vt 0.520701 1.3688
f 149/370/63 129/385/63 155/386/63

v 1.98459 0.0218543 -2.01377
vt 0.860404 0.860404
f 155/386/63 129/385/63 156/387/63

vt 1.21519 0.149843
f 156/387/63 129/385/63 131/388/63

v 1.9975 0.0132258 -2.01377
vt 1.3688 0.520701
f 156/387/63 131/388/63 157/389/63

vt 1.9685 -6.36411e-16
f 157/389/63 131/388/63 132/390/63

v 2.01273 0.0101959 -2.01377
vt 1.9685 0.401414
f 157/389/63 132/390/63 158/391/63

vt 2.72182 0.149843
f 158/391/63 132/390/63 133/392/63

v 2.02796 0.0132258 -2.01377
vt 2.5682 0.520701
f 158/391/63 133/392/63 159/393/63

v 2.04088 0.0218543 -2.01377
vt 3.0766 0.860404
f 159/393/63 133/392/63 160/394/63

vt 3.36045 0.576561
f 160/394/63 133/392/63 134/395/63

v 2.04951 0.0347676 -2.01377
vt 3.41631 1.3688
f 160/394/63 134/395/63 161/396/63

f 161/396/63 134/395/63 135/355/63

f 161/396/63 135/355/63 136/357/63

vt 1.81102 2.00899
vn -0.92388 0.382683 9.17222e-15
vt 1.81102 2.62044
vn -1 -3.13551e-14 -6.8458e-16
v 2.05254 0.05 -2.01877
vt 1.61417 2.62044
v 2.04951 0.0347676 -2.01877
vt 1.61417 2.00899
f 161/397/67 136/398/68 162/399/68 163/400/67 

vt 1.81102 1.24092
vt 1.81102 1.85237
vn -0.92388 -0.382683 -1.04372e-14
v 2.04951 0.0652324 -2.01877
vt 1.61417 1.85237
vt 1.61417 1.24092
f 136/401/68 137/402/69 164/403/69 162/404/68 

vt 1.81102 0.237385
vt 1.81102 0.848833
vn -0.707107 -0.707107 -1.86008e-14
v 2.04088 0.0781457 -2.01877
vt 1.61417 0.848833
vt 1.61417 0.237385
f 137/405/69 139/406/70 165/407/70 164/408/69 

vt 1.81102 -0.848833
vt 1.81102 -0.237385
vn -0.382683 -0.92388 -2.39326e-14
v 2.02796 0.0867742 -2.01877
vt 1.61417 -0.237385
vt 1.61417 -0.848833
f 139/409/70 141/410/71 166/411/71 165/412/70 

vt 1.81102 -1.85237
vt 1.81102 -1.24092
v 2.01273 0.0898041 -2.01877
vt 1.61417 -1.24092
vt 1.61417 -1.85237
f 141/413/71 143/414/59 167/415/59 166/416/71 

vt -1.81102 2.62044
vt -1.81102 2.00899
vn 0.382683 -0.92388 -2.34086e-14
v 1.9975 0.0867742 -2.01877
vt -1.61417 2.00899
vt -1.61417 2.62044
f 143/417/59 144/418/72 168/419/72 167/420/59 

vt -1.81102 3.03612
vt -1.81102 2.42467
vn 0.707107 -0.707107 -1.76326e-14
v 1.98459 0.0781457 -2.01877
vt -1.61417 2.42467
vt -1.61417 3.03612
f 144/421/72 146/422/73 169/423/73 168/424/72 

vn 0.92388 -0.382683 -9.17222e-15
v 1.97596 0.0652324 -2.01877
f 146/421/73 148/422/74 170/423/74 169/424/73 

vn 1 3.13551e-14 6.8458e-16
v 1.97293 0.05 -2.01877
f 148/417/74 149/418/75 171/419/75 170/420/74 

vt -1.81102 1.85237
vt -1.81102 1.24092
vn 0.92388 0.382683 1.04372e-14
v 1.97596 0.0347676 -2.01877
vt -1.61417 1.24092
vt -1.61417 1.85237
f 149/425/75 155/426/76 172/427/76 171/428/75 

vt -1.81102 0.848833
vt -1.81102 0.237385
vn 0.707107 0.707107 1.86008e-14
v 1.98459 0.0218543 -2.01877
vt -1.61417 0.237385
vt -1.61417 0.848833
f 155/429/76 156/430/77 173/431/77 172/432/76 

vt -1.81102 -0.237385
vt -1.81102 -0.848833
vn 0.382683 0.92388 2.39326e-14
v 1.9975 0.0132258 -2.01877
vt -1.61417 -0.848833
vt -1.61417 -0.237385
f 156/433/77 157/434/78 174/435/78 173/436/77 

vt -1.81102 -1.24092
vt -1.81102 -1.85237
vn -3.13551e-14 1 2.56209e-14
v 2.01273 0.0101959 -2.01877
vt -1.61417 -1.85237
vt -1.61417 -1.24092
f 157/437/78 158/438/79 175/439/79 174/440/78 

vn -0.382683 0.92388 2.34086e-14
v 2.02796 0.0132258 -2.01877
f 158/397/79 159/398/80 176/399/80 175/400/79 

vt 1.81102 2.42467
vt 1.81102 3.03612
vn -0.707107 0.707107 1.76326e-14
v 2.04088 0.0218543 -2.01877
vt 1.61417 3.03612
vt 1.61417 2.42467
f 159/441/80 160/442/81 177/443/81 176/444/80 

f 160/441/81 161/442/67 163/443/67 177/444/81 

vn -6.8458e-16 -2.56209e-14 1
f 168/365/82 169/367/82 170/369/82 171/370/82 172/386/82 173/387/82 174/389/82 175/391/82 176/393/82 177/394/82 163/396/82 162/357/82 164/358/82 165/360/82 166/362/82 167/364/82 

vt 0.629921 2.69875
vt 1.81102 2.69875
f 152/445/65 153/379/66 154/382/66 150/446/65 

f 128/335/55 151/377/55 127/334/55

v 1.97596 0.0652324 -2.04377
vt -0.520701 2.5682
f 127/334/55 151/377/55 178/447/55

v 1.98459 0.0781457 -2.04377
vt -0.860404 3.0766
f 178/447/55 151/377/55 179/448/55

v 1.9936 0.096194 -2.04377
vt -1.21519 3.78716
f 179/448/55 151/377/55 180/449/55

vn -0.382683 0.92388 2.34642e-14
f 180/372/83 151/373/64 147/374/64 145/375/83 

v 2.01273 0.1 -2.04377
f 181/445/79 180/379/83 145/382/83 142/446/79 

v 1.9975 0.0867742 -2.04377
vt -1.3688 3.41631
vt -1.9685 3.93701
f 182/450/55 180/449/55 181/451/55

f 179/448/55 180/449/55 182/450/55

vt -0.629921 2.42467
vt -0.629921 3.03612
v 1.9975 0.0867742 -2.03877
vt -0.826772 3.03612
v 1.98459 0.0781457 -2.03877
vt -0.826772 2.42467
f 179/452/73 182/453/72 183/454/72 184/455/73 

vt -0.629921 2.00899
v 2.01273 0.0898041 -2.04377
vt -0.629921 2.62044
v 2.01273 0.0898041 -2.03877
vt -0.826772 2.62044
vt -0.826772 2.00899
f 182/456/72 185/457/59 186/458/59 183/459/72 

vt -1.9685 3.53559
f 182/450/55 181/451/55 185/460/55

v 2.03187 0.096194 -2.04377
vt -2.72182 3.78716
f 185/460/55 181/451/55 187/461/55

vt -0.629921 -1.93068
vn 0.382683 0.92388 2.3877e-14
vt -0.629921 -1.16261
vt -1.81102 -1.16261
vt -1.81102 -1.93068
f 187/462/84 181/463/79 142/464/79 140/465/84 

v 2.04809 0.0853553 -2.04377
vt -0.629921 -0.927145
vn 0.707107 0.707107 1.84981e-14
vt -0.629921 -0.159073
vt -1.81102 -0.159073
vt -1.81102 -0.927145
f 188/466/85 187/467/84 140/468/84 138/469/85 

v 2.04088 0.0781457 -2.04377
vt -3.0766 3.0766
vt -3.36045 3.36045
f 189/470/55 187/461/55 188/471/55

v 2.02796 0.0867742 -2.04377
vt -2.5682 3.41631
f 190/472/55 187/461/55 189/470/55

f 185/460/55 187/461/55 190/472/55

vt 0.629921 -1.24092
vt 0.629921 -1.85237
v 2.02796 0.0867742 -2.03877
vt 0.826772 -1.85237
vt 0.826772 -1.24092
f 185/473/59 190/474/71 191/475/71 186/476/59 

vt 0.629921 -0.237385
vt 0.629921 -0.848833
v 2.04088 0.0781457 -2.03877
vt 0.826772 -0.848833
vt 0.826772 -0.237385
f 190/477/71 189/478/70 192/479/70 191/480/71 

vt 0.629921 0.848833
v 2.04951 0.0652324 -2.04377
vt 0.629921 0.237385
v 2.04951 0.0652324 -2.03877
vt 0.826772 0.237385
vt 0.826772 0.848833
f 189/481/70 193/482/69 194/483/69 192/484/70 

vt -3.41631 2.5682
f 189/470/55 188/471/55 193/485/55

f 193/485/55 188/471/55 110/319/55

vt -0.629921 0.159073
vt -0.629921 0.927145
vt -1.81102 0.927145
vt -1.81102 0.159073
f 110/486/54 188/487/85 138/488/85 111/489/54 

f 193/485/55 110/319/55 114/321/55

vt 0.629921 1.85237
vt 0.629921 1.24092
v 2.05254 0.05 -2.03877
vt 0.826772 1.24092
vt 0.826772 1.85237
f 193/490/69 114/491/68 195/492/68 194/493/69 

vt 0.629921 2.62044
vt 0.629921 2.00899
v 2.04951 0.0347676 -2.03877
vt 0.826772 2.00899
vt 0.826772 2.62044
f 114/494/68 115/495/67 196/496/67 195/497/68 

vt 0.629921 3.03612
vt 0.629921 2.42467
v 2.04088 0.0218543 -2.03877
vt 0.826772 2.42467
vt 0.826772 3.03612
f 115/498/67 117/499/81 197/500/81 196/501/67 

v 2.02796 0.0132258 -2.03877
f 117/498/81 119/499/80 198/500/80 197/501/81 

v 2.01273 0.0101959 -2.03877
f 119/494/80 121/495/79 199/496/79 198/497/80 

vt -0.629921 -1.85237
vt -0.629921 -1.24092
v 1.9975 0.0132258 -2.03877
vt -0.826772 -1.24092
vt -0.826772 -1.85237
f 121/502/79 122/503/78 200/504/78 199/505/79 

vt -0.629921 -0.848833
vt -0.629921 -0.237385
v 1.98459 0.0218543 -2.03877
vt -0.826772 -0.237385
vt -0.826772 -0.848833
f 122/506/78 124/507/77 201/508/77 200/509/78 

vt -0.629921 0.237385
vt -0.629921 0.848833
v 1.97596 0.0347676 -2.03877
vt -0.826772 0.848833
vt -0.826772 0.237385
f 124/510/77 126/511/76 202/512/76 201/513/77 

vt -0.629921 1.24092
vt -0.629921 1.85237
v 1.97293 0.05 -2.03877
vt -0.826772 1.85237
vt -0.826772 1.24092
f 126/514/76 127/515/75 203/516/75 202/517/76 

v 1.97596 0.0652324 -2.03877
f 127/456/75 178/457/74 204/458/74 203/459/75 

f 178/452/74 179/453/73 184/454/73 204/455/74 

vn 6.8458e-16 2.56209e-14 -1
f 183/450/86 186/460/86 191/472/86 192/470/86 194/485/86 195/321/86 196/322/86 197/324/86 198/326/86 199/328/86 200/329/86 201/331/86 202/333/86 203/334/86 204/447/86 184/448/86 

g Mesh6 Group1 UC_091_1 Model

usemtl Tool_Detail
v 2.01773 0.113 -2.03743
vt -2.31921 4.44882
vn 0.5 3.90197e-14 -0.866025
v 2.01273 0.113 -2.03877
vt -2.11541 4.44882
v 2.01273 0.125 -2.03877
vt -2.11541 4.92126
v 2.01773 0.125 -2.03743
vt -2.31921 4.92126
f 205/518/87 206/519/8 207/520/8 208/521/87 

vt -2.11541 2.438
vn 2.53758e-14 -0.809824 -0.586673
vt -2.31921 2.438
vn 0.293336 -0.809824 -0.508073
v 2.01566 0.11 -2.03385
vt -2.27701 2.24115
v 2.01273 0.11 -2.03463
vt -2.15761 2.24115
f 206/522/88 205/523/89 209/524/89 210/525/88 

vt -2.15305 3.39667
v 2.02139 0.113 -2.03377
vt -2.35684 3.39667
vn 0.508073 -0.809824 -0.293336
v 2.01781 0.11 -2.0317
vt -2.31465 3.19982
vt -2.19525 3.19982
f 205/526/89 211/527/90 212/528/90 209/529/89 

vt -2.35684 4.44882
vn 0.866025 4.06309e-14 -0.5
vt -2.15305 4.44882
vt -2.15305 4.92126
v 2.02139 0.125 -2.03377
vt -2.35684 4.92126
f 211/530/91 205/531/87 208/532/87 213/533/91 

v 2.02273 0.113 -2.02877
vt -1.79027 4.44882
vt -1.58647 4.44882
vt -1.58647 4.92126
v 2.02273 0.125 -2.02877
vt -1.79027 4.92126
f 214/534/32 211/535/91 213/536/91 215/537/32 

vt -1.58647 4.24196
vt -1.79027 4.24196
vn 0.586673 -0.809824 -2.18436e-14
v 2.01859 0.11 -2.02877
vt -1.74807 4.04511
vt -1.62867 4.04511
f 211/538/90 214/539/92 216/540/92 212/541/90 

vt -0.567502 4.74737
v 2.02139 0.113 -2.02377
vt -0.771297 4.74737
vn 0.508073 -0.809824 0.293336
v 2.01781 0.11 -2.02585
vt -0.7291 4.55052
vt -0.609699 4.55052
f 214/542/92 217/543/93 218/544/93 216/545/92 

vt -0.771297 4.44882
vn 0.866025 1.36777e-14 0.5
vt -0.567502 4.44882
vt -0.567502 4.92126
v 2.02139 0.125 -2.02377
vt -0.771297 4.92126
f 217/546/94 214/547/32 215/548/32 219/549/94 

v 2.01773 0.113 -2.02011
vt 0.427041 4.44882
vn 0.5 -7.6646e-15 0.866025
vt 0.630835 4.44882
vt 0.630835 4.92126
v 2.01773 0.125 -2.02011
vt 0.427041 4.92126
f 220/550/95 217/551/94 219/552/94 221/553/95 

vt 0.630835 4.77748
vt 0.427041 4.77748
vn 0.293336 -0.809824 0.508073
v 2.01566 0.11 -2.0237
vt 0.469238 4.58063
vt 0.588639 4.58063
f 217/554/93 220/555/96 222/556/96 218/557/93 

vt 1.68744 4.32422
v 2.01273 0.113 -2.01877
vt 1.48365 4.32422
vn 2.54084e-14 -0.809824 0.586673
v 2.01273 0.11 -2.02292
vt 1.52585 4.12737
vt 1.64525 4.12737
f 220/558/96 223/559/97 224/560/97 222/561/96 

vt 1.48365 4.44882
vt 1.68744 4.44882
vt 1.68744 4.92126
v 2.01273 0.125 -2.01877
vt 1.48365 4.92126
f 223/562/7 220/563/95 221/564/95 225/565/7 

v 2.00773 0.113 -2.02011
vt 2.11541 4.44882
vn -0.5 -3.90197e-14 0.866025
vt 2.31921 4.44882
vt 2.31921 4.92126
v 2.00773 0.125 -2.02011
vt 2.11541 4.92126
f 226/566/98 223/567/7 225/568/7 227/569/98 

vt 2.31921 3.50904
vt 2.11541 3.50904
vn -0.293336 -0.809824 0.508073
v 2.0098 0.11 -2.0237
vt 2.15761 3.31219
vt 2.27701 3.31219
f 223/570/97 226/571/99 228/572/99 224/573/97 

vt 2.35684 2.55037
v 2.00407 0.113 -2.02377
vt 2.15305 2.55037
vn -0.508073 -0.809824 0.293336
v 2.00766 0.11 -2.02585
vt 2.19525 2.35352
vt 2.31465 2.35352
f 226/574/99 229/575/100 230/576/100 228/577/99 

vt 2.15305 4.44882
vn -0.866025 -4.06309e-14 0.5
vt 2.35684 4.44882
vt 2.35684 4.92126
v 2.00407 0.125 -2.02377
vt 2.15305 4.92126
f 229/578/101 226/579/98 227/580/98 231/581/101 

v 2.00273 0.113 -2.02877
vt 1.58647 4.44882
vt 1.79027 4.44882
vt 1.79027 4.92126
v 2.00273 0.125 -2.02877
vt 1.58647 4.92126
f 232/582/49 229/583/101 231/584/101 233/585/49 

vt 1.79027 1.70508
vt 1.58647 1.70508
vn -0.586673 -0.809824 -2.1811e-14
v 2.00687 0.11 -2.02877
vt 1.62867 1.50823
vt 1.74807 1.50823
f 229/586/100 232/587/102 234/588/102 230/589/100 

vt 0.771297 1.19967
v 2.00407 0.113 -2.03377
vt 0.567502 1.19967
vn -0.508073 -0.809824 -0.293336
v 2.00766 0.11 -2.0317
vt 0.609699 1.00282
vt 0.7291 1.00282
f 232/590/102 235/591/103 236/592/103 234/593/102 

vt 0.567502 4.44882
vn -0.866025 -1.36777e-14 -0.5
vt 0.771297 4.44882
vt 0.771297 4.92126
v 2.00407 0.125 -2.03377
vt 0.567502 4.92126
f 235/594/104 232/595/49 233/596/49 237/597/104 

v 2.00773 0.113 -2.03743
vt -0.630835 4.44882
vn -0.5 7.6646e-15 -0.866025
vt -0.427041 4.44882
vt -0.427041 4.92126
v 2.00773 0.125 -2.03743
vt -0.630835 4.92126
f 238/598/105 235/599/104 237/600/104 239/601/105 

vt -0.427041 1.16956
vt -0.630835 1.16956
vn -0.293336 -0.809824 -0.508073
v 2.0098 0.11 -2.03385
vt -0.588639 0.972712
vt -0.469238 0.972712
f 235/602/103 238/603/106 240/604/106 236/605/103 

vt -1.48365 1.62282
vt -1.68744 1.62282
vt -1.64525 1.42597
vt -1.52585 1.42597
f 238/606/106 206/607/88 210/608/88 240/609/106 

vt -1.68744 4.44882
vt -1.48365 4.44882
vt -1.48365 4.92126
vt -1.68744 4.92126
f 206/610/8 238/611/105 239/612/105 207/613/8 

vt -1.02071 1.85317
vt -0.989807 1.9685
vt -1.02071 2.08384
vt -1.10514 2.16827
vt -1.22047 2.19917
vt -1.33581 2.16827
vt -1.42023 2.08384
vt -1.45114 1.9685
vt -1.42023 1.85317
vt -1.33581 1.76874
vt -1.22047 1.73784
vt -1.10514 1.76874
f 240/614/18 210/615/18 209/616/18 212/617/18 216/618/18 218/619/18 222/620/18 224/621/18 228/622/18 230/623/18 234/624/18 236/625/18 

g Mesh7 Group1 UC_091_1 Model

v 1.94007 0.071813 -2.01377
vt -0.892171 2.82728
v 1.94007 0.066813 -2.01377
vt -0.892171 2.63043
v 1.95573 0.05 -2.01377
vt -0.275591 1.9685
v 1.96073 0.05 -2.01377
vt -0.0787402 1.9685
v 1.96469 0.0698995 -2.01377
vt 0.077097 2.75195
v 1.97596 0.0867696 -2.01377
vt 0.520884 3.41612
v 1.99283 0.0980417 -2.01377
vt 1.18506 3.85991
v 2.01273 0.102 -2.01377
vt 1.9685 4.01575
v 2.01273 0.107 -2.01377
vt 1.9685 4.2126
v 1.99092 0.102661 -2.01377
vt 1.10973 4.04178
v 1.97243 0.0903051 -2.01377
vt 0.38169 3.55532
v 1.96007 0.071813 -2.01377
vt -0.104769 2.82728
f 241/626/7 242/627/7 243/628/7 244/629/7 245/630/7 246/631/7 247/632/7 248/633/7 249/634/7 250/635/7 251/636/7 252/637/7 

vt 1.81102 2.63043
vt 1.81102 2.82728
v 1.94007 0.071813 -2.04377
vt 0.629921 2.82728
v 1.94007 0.066813 -2.04377
vt 0.629921 2.63043
f 242/638/49 241/639/49 253/640/49 254/641/49 

vt 1.81102 -0.892171
vt 1.81102 -0.104769
v 1.96007 0.071813 -2.04377
vt 0.629921 -0.104769
vt 0.629921 -0.892171
f 241/642/15 252/643/15 255/644/15 253/645/15 

vt 1.81102 2.29259
vn -0.83147 0.55557 1.49975e-14
vt 1.81102 3.16819
vn -0.707107 0.707107 1.90784e-14
v 1.97243 0.0903051 -2.04377
vt 0.629921 3.16819
vt 0.629921 2.29259
f 252/646/107 251/647/108 256/648/108 255/649/107 

vn -0.382683 0.92388 2.49121e-14
v 1.99092 0.102661 -2.04377
f 251/646/108 250/647/109 257/648/109 256/649/108 

vt 1.81102 1.87691
vt 1.81102 2.75252
vn -0.19509 0.980785 2.64407e-14
v 2.01273 0.107 -2.04377
vt 0.629921 2.75252
vt 0.629921 1.87691
f 250/650/109 249/651/110 258/652/110 257/653/109 

vt -1.81102 4.2126
vt -1.81102 4.01575
v 2.01273 0.102 -2.04377
vt -0.629921 4.01575
vt -0.629921 4.2126
f 249/654/32 248/655/32 259/656/32 258/657/32 

vt -1.81102 2.71411
vn 0.19509 -0.980785 -2.64407e-14
vt -1.81102 1.91532
vn 0.382683 -0.92388 -2.49121e-14
v 1.99283 0.0980417 -2.04377
vt -0.629921 1.91532
vt -0.629921 2.71411
f 248/658/111 247/659/112 260/660/112 259/661/111 

vt -1.81102 3.12979
vt -1.81102 2.331
vn 0.707107 -0.707107 -1.90784e-14
v 1.97596 0.0867696 -2.04377
vt -0.629921 2.331
vt -0.629921 3.12979
f 247/662/112 246/663/113 261/664/113 260/665/112 

vn 0.92388 -0.382683 -1.03402e-14
v 1.96469 0.0698995 -2.04377
f 246/662/113 245/663/114 262/664/114 261/665/113 

vn 0.980785 -0.19509 -5.28552e-15
v 1.96073 0.05 -2.04377
f 245/658/114 244/659/115 263/660/115 262/661/114 

vt -1.81102 -0.0787402
vt -1.81102 -0.275591
v 1.95573 0.05 -2.04377
vt -0.629921 -0.275591
vt -0.629921 -0.0787402
f 244/666/18 243/667/18 264/668/18 263/669/18 

vt 1.81102 1.62825
vn -0.731727 -0.681598 -1.83414e-14
vt 1.81102 2.53286
vt 0.629921 2.53286
vt 0.629921 1.62825
f 243/670/116 242/671/116 254/672/116 264/673/116 

vt 0.0787402 1.9685
vn -8.78772e-14 9.44964e-14 -1
vt 0.275591 1.9685
vt 0.892171 2.63043
vt 0.892171 2.82728
vt 0.104769 2.82728
vt -0.38169 3.55532
vt -1.10973 4.04178
vt -1.9685 4.2126
vt -1.9685 4.01575
vt -1.18506 3.85991
vt -0.520884 3.41612
vt -0.077097 2.75195
f 263/674/117 264/675/117 254/676/117 253/677/117 255/678/117 256/679/117 257/680/117 258/681/117 259/682/117 260/683/117 261/684/117 262/685/117 

g Mesh8 Group1 UC_091_1 Model

v 2.01273 0.1015 -2.05177
vt -1.87177 2.40312
vn 2.19214e-14 -0.700215 -0.713933
v 2.01158 0.101728 -2.05177
vt -1.82741 2.41559
vn -0.26796 -0.646914 -0.713933
v 2.01197 0.10267 -2.05277
vt -1.85002 2.46707
v 2.01273 0.10252 -2.05277
vt -1.87931 2.45883
f 265/686/118 266/687/119 267/688/119 268/689/118 

v 2.01273 0.1015 -2.00577
vt 2.12598 -1.15109
v 2.01158 0.101728 -2.00577
vt 2.12598 -1.105
vn -0.382683 -0.92388 -2.48909e-14
vt 0.314961 -1.105
vt 0.314961 -1.15109
f 269/690/18 270/691/120 266/692/120 265/693/18 

vt 2.2948 4.07711
vn -0.26796 -0.646914 0.713933
vt 2.33916 4.06464
vn 2.19891e-14 -0.700215 0.713933
v 2.01273 0.10252 -2.00477
vt 2.3467 4.12035
v 2.01197 0.10267 -2.00477
vt 2.31742 4.12859
f 270/694/121 269/695/122 271/696/122 272/697/121 

vt 1.525 4.58745
v 2.01388 0.101728 -2.00577
vt 1.56936 4.59993
vn 0.26796 -0.646914 0.713933
v 2.01349 0.10267 -2.00477
vt 1.54674 4.65141
vt 1.51746 4.64317
f 269/698/122 273/699/123 274/700/123 271/701/122 

vt -2.12598 2.75636
vt -2.12598 2.71027
vt -0.314961 2.71027
v 2.01388 0.101728 -2.05177
vt -0.314961 2.75636
f 273/702/112 269/703/18 265/704/18 275/705/112 

vt -2.03675 2.93841
vn 0.26796 -0.646914 -0.713933
vt -1.99239 2.92593
vt -1.98485 2.98165
v 2.01349 0.10267 -2.05277
vt -2.01414 2.98989
f 275/706/124 265/707/118 268/708/118 276/709/124 

v 2.01133 0.1059 -2.05277
vt -1.91337 4.16931
v 2.01197 0.10633 -2.05277
vt -1.93867 4.18621
v 2.01273 0.10648 -2.05277
vt -1.9685 4.19214
v 2.01349 0.10633 -2.05277
vt -1.99834 4.18621
v 2.01413 0.1059 -2.05277
vt -2.02364 4.16931
v 2.01456 0.105258 -2.05277
vt -2.04054 4.14401
v 2.01471 0.1045 -2.05277
vt -2.04647 4.11417
v 2.01456 0.103742 -2.05277
vt -2.04054 4.08434
v 2.01413 0.1031 -2.05277
vt -2.02364 4.05904
vt -1.99834 4.04214
vt -1.9685 4.0362
vt -1.93867 4.04214
v 2.01133 0.1031 -2.05277
vt -1.91337 4.05904
v 2.0109 0.103742 -2.05277
vt -1.89647 4.08434
v 2.01075 0.1045 -2.05277
vt -1.89054 4.11417
v 2.0109 0.105258 -2.05277
vt -1.89647 4.14401
f 277/710/8 278/711/8 279/712/8 280/713/8 281/714/8 282/715/8 283/716/8 284/717/8 285/718/8 276/719/8 268/720/8 267/721/8 286/722/8 287/723/8 288/724/8 289/725/8 

v 2.01061 0.106621 -2.05177
vt -1.4948 4.09564
vn -0.495126 0.495126 -0.713933
v 2.01158 0.107272 -2.05177
vt -1.5283 4.12729
vn -0.26796 0.646914 -0.713933
vt -1.56085 4.08144
vt -1.53874 4.06055
f 290/726/125 291/727/126 278/728/126 277/729/125 

v 2.01061 0.106621 -2.00577
vt 2.12598 3.89942
v 2.01158 0.107272 -2.00577
vt 2.12598 3.94551
vt 0.314961 3.94551
vt 0.314961 3.89942
f 292/730/108 293/731/109 291/732/109 290/733/108 

vt 2.71375 2.87277
vn -0.26796 0.646914 0.713933
vt 2.68026 2.84112
vn -0.495126 0.495126 0.713933
v 2.01133 0.1059 -2.00477
vt 2.72419 2.80603
v 2.01197 0.10633 -2.00477
vt 2.7463 2.82693
f 293/734/127 292/735/128 294/736/128 295/737/127 

vt 2.80864 3.69145
v 2.00996 0.105648 -2.00577
vt 2.78895 3.64978
vn -0.646914 0.26796 0.713933
v 2.0109 0.105258 -2.00477
vt 2.84264 3.63308
vt 2.85563 3.66059
f 292/738/128 296/739/129 297/740/129 294/741/128 

vt 2.12598 4.49141
vn -0.92388 0.382683 1.03402e-14
vt 2.12598 4.53749
vt 0.314961 4.53749
v 2.00996 0.105648 -2.05177
vt 0.314961 4.49141
f 296/742/130 292/743/108 290/744/108 298/745/130 

vt -1.22836 4.38712
vn -0.646914 0.26796 -0.713933
vt -1.24805 4.42879
vt -1.29504 4.39792
vt -1.28205 4.37042
f 298/746/131 290/747/125 277/748/125 289/749/131 

v 2.00973 0.1045 -2.05177
vt -1.10052 4.2846
vn -0.700215 -2.69852e-15 -0.713933
vt -1.10693 4.33023
vt -1.16098 4.31472
vt -1.15674 4.2846
f 299/750/132 298/751/131 289/752/131 288/753/132 

v 2.00973 0.1045 -2.00577
vt 2.12598 4.39611
vt 2.12598 4.4422
vt 0.314961 4.4422
vt 0.314961 4.39611
f 300/754/49 296/755/130 298/756/130 299/757/49 

vt 2.81612 4.08983
vt 2.8097 4.04419
vn -0.700215 -4.1212e-14 0.713933
v 2.01075 0.1045 -2.00477
vt 2.86593 4.04419
vt 2.87016 4.07432
f 296/758/129 300/759/133 301/760/133 297/761/129 

vt 2.8097 4.10548
v 2.00996 0.103352 -2.00577
vt 2.81612 4.05985
vn -0.646914 -0.26796 0.713933
v 2.0109 0.103742 -2.00477
vt 2.87016 4.07536
vt 2.86593 4.10548
f 300/762/133 302/763/134 303/764/134 301/765/133 

vt 2.12598 3.62804
vn -0.92388 -0.382683 -1.02889e-14
vt 2.12598 3.67413
vt 0.314961 3.67413
v 2.00996 0.103352 -2.05177
vt 0.314961 3.62804
f 302/766/135 300/767/49 299/768/49 304/769/135 

vt -1.10693 3.81945
vn -0.646914 -0.26796 -0.713933
vt -1.10052 3.86508
vt -1.15674 3.86508
vt -1.16098 3.83496
f 304/770/136 299/771/132 288/772/132 287/773/136 

v 2.01061 0.102379 -2.05177
vt -1.24805 3.13803
vn -0.495126 -0.495126 -0.713933
vt -1.22836 3.1797
vt -1.28205 3.1964
vt -1.29504 3.16889
f 305/774/137 304/775/136 287/776/136 286/777/137 

v 2.01061 0.102379 -2.00577
vt 2.12598 2.30413
vn -0.707107 -0.707107 -1.90391e-14
vt 2.12598 2.35021
vt 0.314961 2.35021
vt 0.314961 2.30413
f 306/778/138 302/779/135 304/780/135 305/781/138 

vt 2.78895 3.91703
vt 2.80864 3.87537
vn -0.495126 -0.495126 0.713933
v 2.01133 0.1031 -2.00477
vt 2.85563 3.90623
vt 2.84264 3.93374
f 302/782/134 306/783/139 307/784/139 303/785/134 

vt 2.68026 3.81484
vt 2.71375 3.78319
vt 2.7463 3.82903
vt 2.72419 3.84993
f 306/786/139 270/787/121 272/788/121 307/789/139 

vt 2.12598 0.625919
vt 2.12598 0.672003
vt 0.314961 0.672003
vt 0.314961 0.625919
f 270/790/120 306/791/138 305/792/138 266/793/120 

vt -1.5283 2.52867
vt -1.4948 2.56032
vt -1.53874 2.59541
vt -1.56085 2.57452
f 266/794/119 305/795/137 286/796/137 267/797/119 

v 2.01471 0.1045 -2.00477
vt 2.04647 4.11417
v 2.01456 0.105258 -2.00477
vt 2.04054 4.14401
v 2.01413 0.1059 -2.00477
vt 2.02364 4.16931
v 2.01349 0.10633 -2.00477
vt 1.99834 4.18621
v 2.01273 0.10648 -2.00477
vt 1.9685 4.19214
vt 1.93867 4.18621
vt 1.91337 4.16931
vt 1.89647 4.14401
vt 1.89054 4.11417
vt 1.89647 4.08434
vt 1.91337 4.05904
vt 1.93867 4.04214
vt 1.9685 4.0362
vt 1.99834 4.04214
v 2.01413 0.1031 -2.00477
vt 2.02364 4.05904
v 2.01456 0.103742 -2.00477
vt 2.04054 4.08434
f 308/798/7 309/799/7 310/800/7 311/801/7 312/802/7 295/803/7 294/804/7 297/805/7 301/806/7 303/807/7 307/808/7 272/809/7 271/810/7 274/811/7 313/812/7 314/813/7 

v 2.01573 0.1045 -2.00577
vt 0.0010567 3.6639
vn 0.700215 2.72654e-15 0.713933
v 2.0155 0.105648 -2.00577
vt -0.00536199 3.70954
vn 0.646914 0.26796 0.713933
vt -0.0594062 3.69403
vt -0.055169 3.6639
f 315/814/140 316/815/141 309/816/141 308/817/140 

vt -2.12598 3.67413
vn 0.92388 0.382683 1.02889e-14
vt -2.12598 3.62804
v 2.01573 0.1045 -2.05177
vt -0.314961 3.62804
v 2.0155 0.105648 -2.05177
vt -0.314961 3.67413
f 316/818/142 315/819/32 317/820/32 318/821/142 

vt -2.12598 4.4422
v 2.0155 0.103352 -2.00577
vt -2.12598 4.39611
v 2.0155 0.103352 -2.05177
vt -0.314961 4.39611
vt -0.314961 4.4422
f 315/822/32 319/823/114 320/824/114 317/825/32 

vt -0.00536199 4.44014
vn 0.646914 -0.26796 0.713933
vt 0.0010567 4.48578
vt -0.055169 4.48578
vt -0.0594062 4.45565
f 319/826/143 315/827/140 308/828/140 314/829/143 

v 2.01485 0.102379 -2.00577
vt 0.218628 4.86419
vn 0.495126 -0.495126 0.713933
vt 0.238315 4.90586
vt 0.184628 4.92257
vt 0.171632 4.89506
f 321/830/144 319/831/143 314/832/143 313/833/144 

vt -2.12598 4.53749
vt -2.12598 4.49141
v 2.01485 0.102379 -2.05177
vt -0.314961 4.49141
vt -0.314961 4.53749
f 319/834/114 321/835/113 322/836/113 320/837/114 

vt -2.12598 3.94551
vt -2.12598 3.89942
vt -0.314961 3.89942
vt -0.314961 3.94551
f 321/838/113 273/839/112 275/840/112 322/841/113 

vt 0.727792 4.90734
vt 0.761287 4.93899
vt 0.717355 4.97408
vt 0.695243 4.95318
f 273/842/123 321/843/144 313/844/144 274/845/123 

vt -1.94674 3.68447
vn 0.495126 -0.495126 -0.713933
vt -1.91324 3.65282
vt -1.8807 3.69867
vt -1.90281 3.71956
f 322/846/145 275/847/124 276/848/124 285/849/145 

vt -1.7989 4.16852
vn 0.646914 -0.26796 -0.713933
vt -1.77922 4.12686
vt -1.73222 4.15772
vt -1.74522 4.18523
f 320/850/146 322/851/145 285/852/145 284/853/146 

vt -1.71024 4.24537
vn 0.700215 4.1184e-14 -0.713933
vt -1.70382 4.19974
vt -1.64978 4.21525
vt -1.65402 4.24537
f 317/854/147 320/855/146 284/856/146 283/857/147 

vt -1.70382 3.94994
vn 0.646914 0.26796 -0.713933
vt -1.71024 3.9043
vt -1.65402 3.9043
vt -1.64978 3.93443
f 318/858/148 317/859/147 283/860/147 282/861/148 

v 2.01485 0.106621 -2.05177
vt -1.77922 3.43996
vn 0.495126 0.495126 -0.713933
vt -1.7989 3.39829
vt -1.74522 3.38159
vt -1.73222 3.40909
f 323/862/149 318/863/148 282/864/148 281/865/149 

v 2.01485 0.106621 -2.00577
vt -2.12598 2.35021
vn 0.707107 0.707107 1.90391e-14
vt -2.12598 2.30413
vt -0.314961 2.30413
vt -0.314961 2.35021
f 324/866/150 316/867/142 318/868/142 323/869/150 

vt 0.238315 2.66096
vt 0.218628 2.70262
vn 0.495126 0.495126 0.713933
vt 0.171632 2.67176
vt 0.184628 2.64425
f 316/870/141 324/871/151 310/872/151 309/873/141 

vt 0.761287 1.71697
v 2.01388 0.107272 -2.00577
vt 0.727792 1.74862
vn 0.26796 0.646914 0.713933
vt 0.695243 1.70278
vt 0.717355 1.68188
f 324/874/151 325/875/152 311/876/152 310/877/151 

vt -2.12598 0.672003
vn 0.382683 0.92388 2.48909e-14
vt -2.12598 0.625919
vt -0.314961 0.625919
v 2.01388 0.107272 -2.05177
vt -0.314961 0.672003
f 325/878/153 324/879/150 323/880/150 326/881/153 

vt -1.91324 3.00314
vn 0.26796 0.646914 -0.713933
vt -1.94674 2.97149
vt -1.90281 2.9364
vt -1.8807 2.95729
f 326/882/154 323/883/149 281/884/149 280/885/154 

v 2.01273 0.1075 -2.05177
vt -1.99239 3.00208
vn -2.19611e-14 0.700215 -0.713933
vt -2.03675 2.9896
vt -2.01414 2.93812
vt -1.98485 2.94636
f 327/886/155 326/887/154 280/888/154 279/889/155 

v 2.01273 0.1075 -2.00577
vt -2.12598 -1.105
vt -2.12598 -1.15109
vt -0.314961 -1.15109
vt -0.314961 -1.105
f 328/890/15 325/891/153 326/892/153 327/893/15 

vt 1.56936 1.32808
vt 1.525 1.34056
vn -2.19495e-14 0.700215 0.713933
vt 1.51746 1.28484
vt 1.54674 1.2766
f 325/894/152 328/895/156 312/896/156 311/897/152 

vt 2.33916 1.86337
vt 2.2948 1.85089
vt 2.31742 1.79942
vt 2.3467 1.80766
f 328/898/156 293/899/127 295/900/127 312/901/156 

vt 2.12598 2.71027
vt 2.12598 2.75636
vt 0.314961 2.75636
vt 0.314961 2.71027
f 293/902/109 328/903/15 327/904/15 291/905/109 

vt -1.82741 3.51241
vt -1.87177 3.52489
vt -1.87931 3.46918
vt -1.85002 3.46094
f 291/906/126 327/907/155 279/908/155 278/909/126 

g Mesh9 Group2 UC_091_1 Model

usemtl Tool_Base
v 1.92273 0.125 -1.54977
vt 29.5276 7.48016
vn -1 -2.36911e-06 3.38764e-08
v 1.92273 0.15 -1.54977
vt 29.5276 8.46442
v 1.92273 0.15 -2.09977
vt 7.87402 8.46442
v 1.92273 0.125 -2.09977
vt 7.87402 7.48016
f 329/910/157 330/911/157 331/912/157 332/913/157 

vt -2.26141e-06 8.4644
vn 2.74174e-08 4.91717e-07 1
vt 7.03917e-08 7.48015
v 2.77273 0.125 -1.54977
vt 33.4646 7.48015
v 2.77273 0.15 -1.54977
vt 33.4646 8.4644
f 330/914/158 329/915/158 333/916/158 334/917/158 

v 2.77273 0.125 -2.09977
vt -7.87402 33.4646
vn 3.06915e-14 -1 -2.69532e-14
vt -29.5276 33.4646
vt -29.5276 8.7996e-07
vt -7.87402 1.46416e-07
f 335/918/159 333/919/159 329/920/159 332/921/159 

vt -7.87402 7.48007
vn 1 2.7148e-06 -4.95898e-08
v 2.77273 0.15 -2.09977
vt -7.87402 8.46432
vt -29.5276 8.46432
vt -29.5276 7.48007
f 335/922/160 336/923/160 334/924/160 333/925/160 

vt 2.40127e-06 8.46441
vn -2.74174e-08 -4.91717e-07 -1
vt -33.4646 8.46441
vt -33.4646 7.48016
vt 6.94693e-08 7.48016
f 331/926/161 336/927/161 335/928/161 332/929/161 

vt 2.40127e-06 8.46442
vn -2.74174e-08 8.50377e-08 -1
v 1.92273 0.82899 -2.09977
vt -1.45864e-06 35.1963
v 2.77273 0.82899 -2.09977
vt -33.4646 35.1963
vt -33.4646 8.46442
f 331/930/162 337/931/162 338/932/162 336/933/162 

vn -1 1.44393e-07 3.38764e-08
v 1.92273 0.82899 -1.54977
vt 29.5276 35.1963
vt 7.87402 35.1963
f 330/911/163 339/934/163 337/935/163 331/912/163 

vt -2.268e-06 8.46442
vn 2.76407e-08 -8.75106e-08 1
v 1.97273 0.17 -1.54977
vt 1.9685 9.25182
vt 1.5919e-06 35.1963
f 330/936/164 340/937/164 339/938/164

vt 33.4646 8.46442
f 340/937/164 330/936/164 334/939/164

v 2.72273 0.17 -1.54977
vt 31.4961 9.25182
f 340/937/164 334/939/164 341/940/164

v 2.72273 0.80899 -1.54977
vt 31.4961 34.4089
f 341/940/164 334/939/164 342/941/164

v 2.77273 0.82899 -1.54977
vt 33.4646 35.1963
f 343/942/164 342/941/164 334/939/164

v 1.97273 0.80899 -1.54977
vt 1.96851 34.4089
f 343/942/164 344/943/164 342/941/164

f 339/938/164 344/943/164 343/942/164

f 344/943/164 339/938/164 340/937/164

v 1.97273 0.17 -1.57977
vt -28.3465 9.25182
vn 1 -1.53432e-07 -2.98013e-08
v 1.97273 0.80899 -1.57977
vt -28.3465 34.4089
vt -29.5276 34.4089
vt -29.5276 9.25182
f 345/944/165 346/945/165 344/946/165 340/947/165 

v 2.72273 0.80899 -1.57977
vt -28.3465 31.4961
vn 2.77455e-14 -1 -2.69532e-14
vt -29.5276 31.4961
vt -29.5276 1.96851
vt -28.3465 1.96851
f 347/948/166 342/949/166 344/950/166 346/951/166 

vt 29.5276 9.25182
vn -1 1.53432e-07 2.98011e-08
vt 29.5276 34.4089
vt 28.3465 34.4089
v 2.72273 0.17 -1.57977
vt 28.3465 9.25182
f 341/952/167 342/953/167 347/954/167 348/955/167 

vt 28.3465 31.4961
vn -2.77455e-14 1 2.69532e-14
vt 28.3465 1.9685
vt 29.5276 1.9685
vt 29.5276 31.4961
f 348/956/168 345/957/168 340/958/168 341/959/168 

v 1.92273 0.885004 -1.54977
vt 7.03917e-08 37.4016
vn 2.74174e-08 8.11343e-07 1
vt 1.5985e-06 35.1963
v 2.77273 0.885004 -1.54977
vt 33.4646 37.4016
f 349/960/169 339/961/169 343/942/169 350/962/169 

vn -1 -8.9244e-07 5.41955e-08
vt 29.5276 37.4016
v 1.92273 0.885004 -2.09977
vt 7.87402 37.4016
f 339/934/170 349/963/170 351/964/170 337/935/170 

v 1.93773 0.885004 -2.08477
vt 8.46457 0.59055
vn -2.93567e-14 1 -1.49905e-15
vt 7.87402 -7.33544e-07
vt 29.5276 8.7996e-07
f 352/965/171 351/966/171 349/967/171

v 2.75773 0.885004 -2.08477
vt 8.46457 32.874
f 351/966/171 352/965/171 353/968/171

usemtl Tool_Rubber
vn -2.91541e-14 1 -2.20095e-15
v 1.93773 0.885004 -1.56477
vt 28.937 0.590552
v 2.75773 0.885004 -1.56477
vt 28.937 32.874
f 353/968/172 352/965/172 354/969/172 355/970/172 

usemtl Tool_Base
f 352/965/171 349/967/171 354/969/171

vt 29.5276 33.4646
f 354/969/171 349/967/171 350/971/171

f 350/971/171 355/970/171 354/969/171

f 350/971/171 353/968/171 355/970/171

v 2.77273 0.885004 -2.09977
vt 7.87402 33.4646
f 356/972/171 353/968/171 350/971/171

f 353/968/171 356/972/171 351/966/171

vt 9.49429e-07 37.4016
vn -2.74174e-08 -8.11343e-07 -1
vt -33.4646 37.4016
f 351/973/173 356/974/173 338/932/173 337/931/173 

vt -7.87402 35.1963
vn 1 7.38151e-07 -6.99089e-08
vt -7.87402 37.4016
vt -29.5276 37.4016
vt -29.5276 35.1963
f 338/975/174 356/976/174 350/977/174 343/978/174 

vt -7.87402 8.46442
vn 1 -1.44393e-07 -6.53032e-08
vt -29.5276 8.46442
f 336/979/175 338/975/175 343/978/175 334/980/175 

g Mesh10 Group3 UC_091_1 Model

usemtl Tool_Detail
v 2.01673 0.0569282 -1.59977
v 2.00873 0.0569282 -1.59977
v 2.00873 0.0569282 -1.59277
v 2.01673 0.0569282 -1.59277
f 357/1/1 358/2/1 359/3/1 360/4/1 

v 2.00473 0.05 -1.59977
v 2.00473 0.05 -1.59277
f 358/5/2 361/6/2 362/7/2 359/8/2 

v 2.00873 0.0430718 -1.59977
v 2.00873 0.0430718 -1.59277
f 361/9/3 363/10/3 364/11/3 362/12/3 

v 2.01673 0.0430718 -1.59977
v 2.01673 0.0430718 -1.59277
f 363/13/4 365/14/4 366/15/4 364/16/4 

v 2.02073 0.05 -1.59977
v 2.02073 0.05 -1.59277
f 365/17/5 367/18/5 368/19/5 366/20/5 

f 367/21/6 357/22/6 360/23/6 368/24/6 

f 359/25/7 362/26/7 364/27/7 366/28/7 368/29/7 360/30/7 

g Mesh11 Group3 UC_091_1 Model

v 2.01673 0.0569282 -1.64877
v 2.00873 0.0569282 -1.64877
v 2.00873 0.0569282 -1.64177
v 2.01673 0.0569282 -1.64177
f 369/31/1 370/32/1 371/33/1 372/34/1 

v 2.00473 0.05 -1.64877
v 2.02073 0.05 -1.64877
v 2.01673 0.0430718 -1.64877
v 2.00873 0.0430718 -1.64877
f 373/35/8 370/36/8 369/37/8 374/38/8 375/39/8 376/40/8 

v 2.00473 0.05 -1.64177
f 370/41/2 373/42/2 377/43/2 371/44/2 

v 2.00873 0.0430718 -1.64177
f 373/45/3 376/46/3 378/47/3 377/48/3 

v 2.01673 0.0430718 -1.64177
f 376/49/4 375/50/4 379/51/4 378/52/4 

v 2.02073 0.05 -1.64177
f 375/53/5 374/54/5 380/55/5 379/56/5 

f 374/57/6 369/58/6 372/59/6 380/60/6 

g Mesh12 Group3 UC_091_1 Model

v 1.96512 0.115 -1.63777
v 2.06035 0.115 -1.63777
v 2.06035 0.115 -1.60377
v 1.96512 0.115 -1.60377
f 381/61/9 382/62/9 383/63/9 384/64/9 

v 2.02659 0.0442597 -1.63777
v 1.99887 0.0442597 -1.63777
v 2.00226 0.0396414 -1.63777
v 2.0071 0.0365856 -1.63777
v 2.01273 0.0355175 -1.63777
v 2.01836 0.0365856 -1.63777
v 2.0232 0.0396414 -1.63777
f 385/65/7 382/66/7 381/67/7 386/68/7 387/69/7 388/70/7 389/71/7 390/72/7 391/73/7 

v 2.02659 0.0442597 -1.60377
v 2.02659 0.0442597 -1.64277
v 2.06273 0.12 -1.64277
v 2.06273 0.12 -1.59877
v 2.02659 0.0442597 -1.59877
f 392/74/10 383/75/11 382/76/11 385/77/10 393/78/10 394/79/11 395/80/11 396/81/10 

v 1.99887 0.0442597 -1.60377
v 2.0232 0.0396414 -1.60377
v 2.01836 0.0365856 -1.60377
v 2.01273 0.0355175 -1.60377
v 2.0071 0.0365856 -1.60377
v 2.00226 0.0396414 -1.60377
f 397/82/12 384/83/12 383/84/12 392/85/12 398/86/12 399/87/12 400/88/12 401/89/12 402/90/12 

v 1.99887 0.0442597 -1.59877
v 1.96273 0.12 -1.59877
v 1.96273 0.12 -1.64277
v 1.99887 0.0442597 -1.64277
f 403/91/13 404/92/14 405/93/14 406/94/13 386/95/13 381/96/14 384/97/14 397/98/13 

v 2.00226 0.0396414 -1.59877
v 2.0071 0.0365856 -1.59877
v 2.01273 0.0355175 -1.59877
v 2.01836 0.0365856 -1.59877
v 2.0232 0.0396414 -1.59877
f 395/99/7 404/100/7 403/68/7 407/69/7 408/70/7 409/71/7 410/72/7 411/73/7 396/65/7 

f 404/101/15 395/102/15 394/103/15 405/104/15 

v 2.0232 0.0396414 -1.64277
v 2.01836 0.0365856 -1.64277
v 2.01273 0.0355175 -1.64277
v 2.0071 0.0365856 -1.64277
v 2.00226 0.0396414 -1.64277
f 405/100/8 394/105/8 393/85/8 412/86/8 413/87/8 414/88/8 415/89/8 416/90/8 406/82/8 

f 412/106/16 393/107/10 385/108/10 391/109/16 

f 413/110/17 412/111/16 391/112/16 390/113/17 

f 414/114/18 413/115/17 390/116/17 389/117/18 

f 415/118/19 414/119/18 389/120/18 388/121/19 

f 416/122/20 415/123/19 388/124/19 387/125/20 

f 406/126/13 416/127/20 387/128/20 386/129/13 

f 397/130/13 402/131/20 407/132/20 403/133/13 

f 402/134/20 401/135/19 408/136/19 407/137/20 

f 401/138/19 400/139/18 409/140/18 408/141/19 

f 400/142/18 399/143/17 410/144/17 409/145/18 

f 399/146/17 398/147/16 411/148/16 410/149/17 

f 398/150/16 392/151/10 396/152/10 411/153/16 

g Mesh13 Group3 UC_091_1 Model

v 2.01273 0.045 -1.64977
v 2.01023 0.0456699 -1.64977
v 2.01127 0.047463 -1.65177
v 2.01273 0.0470706 -1.65177
f 417/154/21 418/155/22 419/156/22 420/157/21 

v 2.01273 0.045 -1.59177
vn -4.08839e-14 -1 -2.69532e-14
v 2.01023 0.0456699 -1.59177
f 421/158/176 422/159/24 418/160/24 417/161/176 

v 2.01273 0.0470706 -1.58977
v 2.01127 0.047463 -1.58977
f 422/162/25 421/163/26 423/164/26 424/165/25 

v 2.01523 0.0456699 -1.59177
v 2.0142 0.047463 -1.58977
f 421/166/26 425/167/27 426/168/27 423/169/26 

v 2.01523 0.0456699 -1.64977
f 425/170/28 421/171/176 417/172/176 427/173/28 

v 2.0142 0.047463 -1.65177
f 427/174/29 417/175/21 420/176/21 428/177/29 

v 2.01566 0.05 -1.65177
v 2.01527 0.0485353 -1.65177
v 2.01019 0.0485353 -1.65177
v 2.0098 0.05 -1.65177
v 2.01019 0.0514647 -1.65177
v 2.01127 0.052537 -1.65177
v 2.01273 0.0529294 -1.65177
v 2.0142 0.052537 -1.65177
v 2.01527 0.0514647 -1.65177
f 429/178/8 430/179/8 428/180/8 420/181/8 419/182/8 431/183/8 432/184/8 433/185/8 434/186/8 435/187/8 436/188/8 437/189/8 

v 2.01773 0.05 -1.64977
v 2.01706 0.0475 -1.64977
f 438/190/30 439/191/31 430/192/31 429/193/30 

v 2.01773 0.05 -1.59177
v 2.01706 0.0475 -1.59177
f 440/170/32 441/171/5 439/172/5 438/173/32 

v 2.01566 0.05 -1.58977
v 2.01527 0.0485353 -1.58977
f 441/194/33 440/195/34 442/196/34 443/197/33 

v 2.01706 0.0525 -1.59177
v 2.01527 0.0514647 -1.58977
f 440/198/34 444/199/35 445/200/35 442/201/34 

v 2.01706 0.0525 -1.64977
f 444/202/6 440/203/32 438/204/32 446/205/6 

f 446/206/36 438/207/30 429/208/30 437/209/36 

v 2.01523 0.0543301 -1.64977
f 447/210/37 446/211/36 437/212/36 436/213/37 

v 2.01523 0.0543301 -1.59177
f 448/214/38 444/215/6 446/216/6 447/217/38 

v 2.0142 0.052537 -1.58977
f 444/218/35 448/219/39 449/220/39 445/221/35 

v 2.01273 0.055 -1.59177
v 2.01273 0.0529294 -1.58977
f 448/222/39 450/223/40 451/224/40 449/225/39 

vn 4.08839e-14 1 2.69532e-14
v 2.01273 0.055 -1.64977
f 450/226/177 448/227/38 447/228/38 452/229/177 

f 452/230/42 447/231/37 436/232/37 435/233/42 

v 2.01023 0.0543301 -1.64977
f 453/234/43 452/235/42 435/236/42 434/237/43 

v 2.01023 0.0543301 -1.59177
f 454/238/44 450/239/177 452/240/177 453/241/44 

v 2.01127 0.052537 -1.58977
f 450/242/40 454/243/45 455/244/45 451/245/40 

v 2.0084 0.0525 -1.59177
v 2.01019 0.0514647 -1.58977
f 454/246/45 456/247/46 457/248/46 455/249/45 

v 2.0084 0.0525 -1.64977
f 456/250/2 454/251/44 453/252/44 458/253/2 

f 458/254/47 453/255/43 434/256/43 433/257/47 

v 2.00773 0.05 -1.64977
f 459/258/48 458/259/47 433/260/47 432/261/48 

v 2.00773 0.05 -1.59177
f 460/238/49 456/239/2 458/240/2 459/241/49 

v 2.0098 0.05 -1.58977
f 456/262/46 460/263/50 461/264/50 457/265/46 

v 2.0084 0.0475 -1.59177
v 2.01019 0.0485353 -1.58977
f 460/266/50 462/267/51 463/268/51 461/269/50 

v 2.0084 0.0475 -1.64977
f 462/270/3 460/271/49 459/272/49 464/273/3 

f 464/274/52 459/275/48 432/276/48 431/277/52 

f 418/278/22 464/279/52 431/280/52 419/281/22 

f 422/282/24 462/283/3 464/284/3 418/285/24 

f 462/286/51 422/287/25 424/288/25 463/289/51 

f 451/290/7 455/291/7 457/292/7 461/293/7 463/294/7 424/295/7 423/296/7 426/297/7 443/298/7 442/299/7 445/300/7 449/301/7 

f 425/302/27 441/303/33 443/304/33 426/305/27 

f 441/306/5 425/307/28 427/308/28 439/309/5 

f 439/310/31 427/311/29 428/312/29 430/313/31 

g Mesh14 Group3 UC_091_1 Model

v 2.01773 0.113 -1.62943
v 2.01273 0.113 -1.63077
v 2.01273 0.125 -1.63077
v 2.01773 0.125 -1.62943
f 465/518/87 466/519/8 467/520/8 468/521/87 

v 2.01566 0.11 -1.62585
v 2.01273 0.11 -1.62663
f 466/522/88 465/523/89 469/524/89 470/525/88 

v 2.02139 0.113 -1.62577
v 2.01781 0.11 -1.6237
f 465/526/89 471/527/90 472/528/90 469/529/89 

v 2.02139 0.125 -1.62577
f 471/530/91 465/531/87 468/532/87 473/533/91 

v 2.02273 0.113 -1.62077
v 2.02273 0.125 -1.62077
f 474/534/32 471/535/91 473/536/91 475/537/32 

v 2.01859 0.11 -1.62077
f 471/538/90 474/539/92 476/540/92 472/541/90 

v 2.02139 0.113 -1.61577
v 2.01781 0.11 -1.61785
f 474/542/92 477/543/93 478/544/93 476/545/92 

v 2.02139 0.125 -1.61577
f 477/546/94 474/547/32 475/548/32 479/549/94 

v 2.01773 0.113 -1.61211
v 2.01773 0.125 -1.61211
f 480/550/95 477/551/94 479/552/94 481/553/95 

v 2.01566 0.11 -1.6157
f 477/554/93 480/555/96 482/556/96 478/557/93 

v 2.01273 0.113 -1.61077
v 2.01273 0.11 -1.61492
f 480/558/96 483/559/97 484/560/97 482/561/96 

v 2.01273 0.125 -1.61077
f 483/562/7 480/563/95 481/564/95 485/565/7 

v 2.00773 0.113 -1.61211
v 2.00773 0.125 -1.61211
f 486/566/98 483/567/7 485/568/7 487/569/98 

v 2.0098 0.11 -1.6157
f 483/570/97 486/571/99 488/572/99 484/573/97 

v 2.00407 0.113 -1.61577
v 2.00766 0.11 -1.61785
f 486/574/99 489/575/100 490/576/100 488/577/99 

v 2.00407 0.125 -1.61577
f 489/578/101 486/579/98 487/580/98 491/581/101 

v 2.00273 0.113 -1.62077
v 2.00273 0.125 -1.62077
f 492/582/49 489/583/101 491/584/101 493/585/49 

v 2.00687 0.11 -1.62077
f 489/586/100 492/587/102 494/588/102 490/589/100 

v 2.00407 0.113 -1.62577
v 2.00766 0.11 -1.6237
f 492/590/102 495/591/103 496/592/103 494/593/102 

v 2.00407 0.125 -1.62577
f 495/594/104 492/595/49 493/596/49 497/597/104 

v 2.00773 0.113 -1.62943
v 2.00773 0.125 -1.62943
f 498/598/105 495/599/104 497/600/104 499/601/105 

v 2.0098 0.11 -1.62585
f 495/602/103 498/603/106 500/604/106 496/605/103 

f 498/606/106 466/607/88 470/608/88 500/609/106 

f 466/610/8 498/611/105 499/612/105 467/613/8 

f 500/614/18 470/615/18 469/616/18 472/617/18 476/618/18 478/619/18 482/620/18 484/621/18 488/622/18 490/623/18 494/624/18 496/625/18 

g Mesh15 Group3 UC_091_1 Model

usemtl Tool_Rubber
v 2.06273 0.05 -1.63577
v 2.05893 0.0691342 -1.63577
v 2.05893 0.0691342 -1.60577
v 2.06273 0.05 -1.60577
f 501/314/53 502/315/54 503/316/54 504/317/53 

v 2.05893 0.0308658 -1.63577
f 505/318/55 502/319/55 501/320/55

v 2.05254 0.05 -1.63577
f 505/318/55 506/321/55 502/319/55

v 2.04951 0.0347676 -1.63577
f 505/318/55 507/322/55 506/321/55

v 2.04809 0.0146447 -1.63577
f 508/323/55 507/322/55 505/318/55

v 2.04088 0.0218543 -1.63577
f 508/323/55 509/324/55 507/322/55

v 2.03187 0.00380602 -1.63577
f 510/325/55 509/324/55 508/323/55

v 2.02796 0.0132258 -1.63577
f 510/325/55 511/326/55 509/324/55

v 2.01273 7.63476e-16 -1.63577
f 512/327/55 511/326/55 510/325/55

v 2.01273 0.0101959 -1.63577
f 512/327/55 513/328/55 511/326/55

v 1.9975 0.0132258 -1.63577
f 512/327/55 514/329/55 513/328/55

v 1.9936 0.00380602 -1.63577
f 515/330/55 514/329/55 512/327/55

v 1.98459 0.0218543 -1.63577
f 515/330/55 516/331/55 514/329/55

v 1.97738 0.0146447 -1.63577
f 517/332/55 516/331/55 515/330/55

v 1.97596 0.0347676 -1.63577
f 517/332/55 518/333/55 516/331/55

v 1.97293 0.05 -1.63577
f 517/332/55 519/334/55 518/333/55

v 1.96654 0.0308658 -1.63577
f 519/334/55 517/332/55 520/335/55

v 1.97738 0.0146447 -1.60577
v 1.96654 0.0308658 -1.60577
f 520/336/56 517/337/57 521/338/57 522/339/56 

v 1.9936 0.00380602 -1.60577
f 517/340/57 515/341/58 523/342/58 521/343/57 

v 2.01273 4.43734e-31 -1.60577
f 515/344/58 512/345/59 524/346/59 523/347/58 

v 2.03187 0.00380602 -1.60577
f 512/315/59 510/348/60 525/349/60 524/316/59 

v 2.04809 0.0146447 -1.60577
f 510/350/60 508/351/61 526/352/61 525/353/60 

v 2.05893 0.0308658 -1.60577
f 508/350/61 505/351/62 527/352/62 526/353/61 

f 505/315/62 501/348/53 504/349/53 527/316/62 

f 503/354/63 527/355/63 504/356/63

v 2.05254 0.05 -1.60577
f 503/354/63 528/357/63 527/355/63

v 2.04951 0.0652324 -1.60577
f 503/354/63 529/358/63 528/357/63

v 2.04809 0.0853553 -1.60577
f 530/359/63 529/358/63 503/354/63

v 2.04088 0.0781457 -1.60577
f 530/359/63 531/360/63 529/358/63

v 2.03187 0.096194 -1.60577
f 532/361/63 531/360/63 530/359/63

v 2.02796 0.0867742 -1.60577
f 532/361/63 533/362/63 531/360/63

v 2.01273 0.1 -1.60577
f 534/363/63 533/362/63 532/361/63

v 2.01273 0.0898041 -1.60577
f 534/363/63 535/364/63 533/362/63

v 1.9975 0.0867742 -1.60577
f 534/363/63 536/365/63 535/364/63

v 1.9936 0.096194 -1.60577
f 537/366/63 536/365/63 534/363/63

v 1.98459 0.0781457 -1.60577
f 537/366/63 538/367/63 536/365/63

v 1.97738 0.0853553 -1.60577
f 539/368/63 538/367/63 537/366/63

v 1.97596 0.0652324 -1.60577
f 539/368/63 540/369/63 538/367/63

v 1.97293 0.05 -1.60577
f 539/368/63 541/370/63 540/369/63

v 1.96654 0.0691342 -1.60577
f 541/370/63 539/368/63 542/371/63

v 1.97738 0.0853553 -1.63577
v 1.96654 0.0691342 -1.63577
f 543/372/64 544/373/65 542/374/65 539/375/64 

f 520/335/55 544/376/55 543/377/55

v 1.96273 0.05 -1.63577
f 544/376/55 520/335/55 545/378/55

v 1.96273 0.05 -1.60577
f 545/379/66 520/380/56 522/381/56 546/382/66 

f 522/383/63 542/371/63 546/384/63

f 542/371/63 522/383/63 521/385/63

f 542/371/63 521/385/63 541/370/63

v 1.97596 0.0347676 -1.60577
f 541/370/63 521/385/63 547/386/63

v 1.98459 0.0218543 -1.60577
f 547/386/63 521/385/63 548/387/63

f 548/387/63 521/385/63 523/388/63

v 1.9975 0.0132258 -1.60577
f 548/387/63 523/388/63 549/389/63

f 549/389/63 523/388/63 524/390/63

v 2.01273 0.0101959 -1.60577
f 549/389/63 524/390/63 550/391/63

f 550/391/63 524/390/63 525/392/63

v 2.02796 0.0132258 -1.60577
f 550/391/63 525/392/63 551/393/63

v 2.04088 0.0218543 -1.60577
f 551/393/63 525/392/63 552/394/63

f 552/394/63 525/392/63 526/395/63

v 2.04951 0.0347676 -1.60577
f 552/394/63 526/395/63 553/396/63

f 553/396/63 526/395/63 527/355/63

f 553/396/63 527/355/63 528/357/63

v 2.05254 0.05 -1.61077
v 2.04951 0.0347676 -1.61077
f 553/397/67 528/398/68 554/399/68 555/400/67 

v 2.04951 0.0652324 -1.61077
f 528/401/68 529/402/69 556/403/69 554/404/68 

v 2.04088 0.0781457 -1.61077
f 529/405/69 531/406/70 557/407/70 556/408/69 

v 2.02796 0.0867742 -1.61077
f 531/409/70 533/410/71 558/411/71 557/412/70 

v 2.01273 0.0898041 -1.61077
f 533/413/71 535/414/59 559/415/59 558/416/71 

v 1.9975 0.0867742 -1.61077
f 535/417/59 536/418/72 560/419/72 559/420/59 

v 1.98459 0.0781457 -1.61077
f 536/421/72 538/422/73 561/423/73 560/424/72 

v 1.97596 0.0652324 -1.61077
f 538/421/73 540/422/74 562/423/74 561/424/73 

v 1.97293 0.05 -1.61077
f 540/417/74 541/418/75 563/419/75 562/420/74 

v 1.97596 0.0347676 -1.61077
f 541/425/75 547/426/76 564/427/76 563/428/75 

v 1.98459 0.0218543 -1.61077
f 547/429/76 548/430/77 565/431/77 564/432/76 

v 1.9975 0.0132258 -1.61077
f 548/433/77 549/434/78 566/435/78 565/436/77 

v 2.01273 0.0101959 -1.61077
f 549/437/78 550/438/79 567/439/79 566/440/78 

v 2.02796 0.0132258 -1.61077
f 550/397/79 551/398/80 568/399/80 567/400/79 

v 2.04088 0.0218543 -1.61077
f 551/441/80 552/442/81 569/443/81 568/444/80 

f 552/441/81 553/442/67 555/443/67 569/444/81 

f 560/365/82 561/367/82 562/369/82 563/370/82 564/386/82 565/387/82 566/389/82 567/391/82 568/393/82 569/394/82 555/396/82 554/357/82 556/358/82 557/360/82 558/362/82 559/364/82 

f 544/445/65 545/379/66 546/382/66 542/446/65 

f 520/335/55 543/377/55 519/334/55

v 1.97596 0.0652324 -1.63577
f 519/334/55 543/377/55 570/447/55

v 1.98459 0.0781457 -1.63577
f 570/447/55 543/377/55 571/448/55

v 1.9936 0.096194 -1.63577
f 571/448/55 543/377/55 572/449/55

f 572/372/83 543/373/64 539/374/64 537/375/83 

v 2.01273 0.1 -1.63577
f 573/445/79 572/379/83 537/382/83 534/446/79 

v 1.9975 0.0867742 -1.63577
f 574/450/55 572/449/55 573/451/55

f 571/448/55 572/449/55 574/450/55

v 1.9975 0.0867742 -1.63077
v 1.98459 0.0781457 -1.63077
f 571/452/73 574/453/72 575/454/72 576/455/73 

v 2.01273 0.0898041 -1.63577
v 2.01273 0.0898041 -1.63077
f 574/456/72 577/457/59 578/458/59 575/459/72 

f 574/450/55 573/451/55 577/460/55

v 2.03187 0.096194 -1.63577
f 577/460/55 573/451/55 579/461/55

f 579/462/84 573/463/79 534/464/79 532/465/84 

v 2.04809 0.0853553 -1.63577
f 580/466/85 579/467/84 532/468/84 530/469/85 

v 2.04088 0.0781457 -1.63577
f 581/470/55 579/461/55 580/471/55

v 2.02796 0.0867742 -1.63577
f 582/472/55 579/461/55 581/470/55

f 577/460/55 579/461/55 582/472/55

v 2.02796 0.0867742 -1.63077
f 577/473/59 582/474/71 583/475/71 578/476/59 

v 2.04088 0.0781457 -1.63077
f 582/477/71 581/478/70 584/479/70 583/480/71 

v 2.04951 0.0652324 -1.63577
v 2.04951 0.0652324 -1.63077
f 581/481/70 585/482/69 586/483/69 584/484/70 

f 581/470/55 580/471/55 585/485/55

f 585/485/55 580/471/55 502/319/55

f 502/486/54 580/487/85 530/488/85 503/489/54 

f 585/485/55 502/319/55 506/321/55

v 2.05254 0.05 -1.63077
f 585/490/69 506/491/68 587/492/68 586/493/69 

v 2.04951 0.0347676 -1.63077
f 506/494/68 507/495/67 588/496/67 587/497/68 

v 2.04088 0.0218543 -1.63077
f 507/498/67 509/499/81 589/500/81 588/501/67 

v 2.02796 0.0132258 -1.63077
f 509/498/81 511/499/80 590/500/80 589/501/81 

v 2.01273 0.0101959 -1.63077
f 511/494/80 513/495/79 591/496/79 590/497/80 

v 1.9975 0.0132258 -1.63077
f 513/502/79 514/503/78 592/504/78 591/505/79 

v 1.98459 0.0218543 -1.63077
f 514/506/78 516/507/77 593/508/77 592/509/78 

v 1.97596 0.0347676 -1.63077
f 516/510/77 518/511/76 594/512/76 593/513/77 

v 1.97293 0.05 -1.63077
f 518/514/76 519/515/75 595/516/75 594/517/76 

v 1.97596 0.0652324 -1.63077
f 519/456/75 570/457/74 596/458/74 595/459/75 

f 570/452/74 571/453/73 576/454/73 596/455/74 

f 575/450/86 578/460/86 583/472/86 584/470/86 586/485/86 587/321/86 588/322/86 589/324/86 590/326/86 591/328/86 592/329/86 593/331/86 594/333/86 595/334/86 596/447/86 576/448/86 

g Mesh16 Group3 UC_091_1 Model

usemtl Tool_Detail
v 2.01273 0.1075 -1.59777
v 2.01158 0.107272 -1.59777
v 2.01197 0.10633 -1.59677
v 2.01273 0.10648 -1.59677
f 597/898/156 598/899/127 599/900/127 600/901/156 

v 2.01273 0.1075 -1.64377
v 2.01158 0.107272 -1.64377
f 598/902/109 597/903/15 601/904/15 602/905/109 

v 2.01388 0.107272 -1.59777
v 2.01388 0.107272 -1.64377
f 597/890/15 603/891/153 604/892/153 601/893/15 

v 2.01349 0.10633 -1.59677
f 603/894/152 597/895/156 600/896/156 605/897/152 

v 2.01471 0.1045 -1.59677
v 2.01456 0.105258 -1.59677
v 2.01413 0.1059 -1.59677
v 2.01133 0.1059 -1.59677
v 2.0109 0.105258 -1.59677
v 2.01075 0.1045 -1.59677
v 2.0109 0.103742 -1.59677
v 2.01133 0.1031 -1.59677
v 2.01197 0.10267 -1.59677
v 2.01273 0.10252 -1.59677
v 2.01349 0.10267 -1.59677
v 2.01413 0.1031 -1.59677
v 2.01456 0.103742 -1.59677
f 606/798/7 607/799/7 608/800/7 605/801/7 600/802/7 599/803/7 609/804/7 610/805/7 611/806/7 612/807/7 613/808/7 614/809/7 615/810/7 616/811/7 617/812/7 618/813/7 

v 2.01573 0.1045 -1.59777
v 2.0155 0.105648 -1.59777
f 619/814/140 620/815/141 607/816/141 606/817/140 

v 2.01573 0.1045 -1.64377
v 2.0155 0.105648 -1.64377
f 620/818/142 619/819/32 621/820/32 622/821/142 

v 2.0155 0.103352 -1.59777
v 2.0155 0.103352 -1.64377
f 619/822/32 623/823/114 624/824/114 621/825/32 

f 623/826/143 619/827/140 606/828/140 618/829/143 

v 2.01485 0.102379 -1.59777
f 625/830/144 623/831/143 618/832/143 617/833/144 

v 2.01485 0.102379 -1.64377
f 623/834/114 625/835/113 626/836/113 624/837/114 

v 2.01388 0.101728 -1.59777
v 2.01388 0.101728 -1.64377
f 625/838/113 627/839/112 628/840/112 626/841/113 

f 627/842/123 625/843/144 617/844/144 616/845/123 

v 2.01273 0.1015 -1.59777
f 629/698/122 627/699/123 616/700/123 615/701/122 

v 2.01273 0.1015 -1.64377
f 627/702/112 629/703/18 630/704/18 628/705/112 

v 2.01158 0.101728 -1.59777
v 2.01158 0.101728 -1.64377
f 629/690/18 631/691/120 632/692/120 630/693/18 

f 631/694/121 629/695/122 615/696/122 614/697/121 

v 2.01061 0.102379 -1.59777
f 633/786/139 631/787/121 614/788/121 613/789/139 

v 2.01061 0.102379 -1.64377
f 631/790/120 633/791/138 634/792/138 632/793/120 

v 2.00996 0.103352 -1.59777
v 2.00996 0.103352 -1.64377
f 633/778/138 635/779/135 636/780/135 634/781/138 

f 635/782/134 633/783/139 613/784/139 612/785/134 

v 2.00973 0.1045 -1.59777
f 637/762/133 635/763/134 612/764/134 611/765/133 

v 2.00973 0.1045 -1.64377
f 635/766/135 637/767/49 638/768/49 636/769/135 

v 2.00996 0.105648 -1.59777
v 2.00996 0.105648 -1.64377
f 637/754/49 639/755/130 640/756/130 638/757/49 

f 639/758/129 637/759/133 611/760/133 610/761/129 

v 2.01061 0.106621 -1.59777
f 641/738/128 639/739/129 610/740/129 609/741/128 

v 2.01061 0.106621 -1.64377
f 639/742/130 641/743/108 642/744/108 640/745/130 

f 641/730/108 598/731/109 602/732/109 642/733/108 

f 598/734/127 641/735/128 609/736/128 599/737/127 

v 2.01197 0.10633 -1.64477
v 2.01133 0.1059 -1.64477
f 642/726/125 602/727/126 643/728/126 644/729/125 

v 2.01273 0.10648 -1.64477
f 602/906/126 601/907/155 645/908/155 643/909/126 

v 2.01349 0.10633 -1.64477
f 601/886/155 604/887/154 646/888/154 645/889/155 

v 2.01485 0.106621 -1.64377
v 2.01413 0.1059 -1.64477
f 604/882/154 647/883/149 648/884/149 646/885/154 

v 2.01485 0.106621 -1.59777
f 603/878/153 649/879/150 647/880/150 604/881/153 

f 649/874/151 603/875/152 605/876/152 608/877/151 

f 620/870/141 649/871/151 608/872/151 607/873/141 

f 649/866/150 620/867/142 622/868/142 647/869/150 

v 2.01456 0.105258 -1.64477
f 647/862/149 622/863/148 650/864/148 648/865/149 

v 2.01471 0.1045 -1.64477
f 622/858/148 621/859/147 651/860/147 650/861/148 

v 2.01456 0.103742 -1.64477
f 621/854/147 624/855/146 652/856/146 651/857/147 

v 2.01413 0.1031 -1.64477
f 624/850/146 626/851/145 653/852/145 652/853/146 

v 2.01349 0.10267 -1.64477
f 626/846/145 628/847/124 654/848/124 653/849/145 

v 2.01273 0.10252 -1.64477
f 628/706/124 630/707/118 655/708/118 654/709/124 

v 2.01197 0.10267 -1.64477
f 630/686/118 632/687/119 656/688/119 655/689/118 

v 2.01133 0.1031 -1.64477
f 632/794/119 634/795/137 657/796/137 656/797/119 

v 2.0109 0.103742 -1.64477
f 634/774/137 636/775/136 658/776/136 657/777/137 

v 2.01075 0.1045 -1.64477
f 636/770/136 638/771/132 659/772/132 658/773/136 

v 2.0109 0.105258 -1.64477
f 638/750/132 640/751/131 660/752/131 659/753/132 

f 640/746/131 642/747/125 644/748/125 660/749/131 

f 644/710/8 643/711/8 645/712/8 646/713/8 648/714/8 650/715/8 651/716/8 652/717/8 653/718/8 654/719/8 655/720/8 656/721/8 657/722/8 658/723/8 659/724/8 660/725/8 

g Mesh17 Group3 UC_091_1 Model

v 1.99283 0.0980417 -1.60577
v 1.97596 0.0867696 -1.60577
v 1.97596 0.0867696 -1.63577
v 1.99283 0.0980417 -1.63577
f 661/662/112 662/663/113 663/664/113 664/665/112 

v 1.94007 0.071813 -1.60577
v 1.94007 0.066813 -1.60577
v 1.95573 0.05 -1.60577
v 1.96073 0.05 -1.60577
v 1.96469 0.0698995 -1.60577
v 2.01273 0.102 -1.60577
v 2.01273 0.107 -1.60577
v 1.99092 0.102661 -1.60577
v 1.97243 0.0903051 -1.60577
v 1.96007 0.071813 -1.60577
f 665/626/7 666/627/7 667/628/7 668/629/7 669/630/7 662/631/7 661/632/7 670/633/7 671/634/7 672/635/7 673/636/7 674/637/7 

v 1.94007 0.071813 -1.63577
v 1.94007 0.066813 -1.63577
f 666/638/49 665/639/49 675/640/49 676/641/49 

v 1.96007 0.071813 -1.63577
f 665/642/15 674/643/15 677/644/15 675/645/15 

v 1.97243 0.0903051 -1.63577
f 674/646/107 673/647/108 678/648/108 677/649/107 

v 1.99092 0.102661 -1.63577
f 673/646/108 672/647/109 679/648/109 678/649/108 

v 2.01273 0.107 -1.63577
f 672/650/109 671/651/110 680/652/110 679/653/109 

v 2.01273 0.102 -1.63577
f 671/654/32 670/655/32 681/656/32 680/657/32 

f 670/658/111 661/659/112 664/660/112 681/661/111 

v 1.96073 0.05 -1.63577
v 1.95573 0.05 -1.63577
v 1.96469 0.0698995 -1.63577
f 682/674/117 683/675/117 676/676/117 675/677/117 677/678/117 678/679/117 679/680/117 680/681/117 681/682/117 664/683/117 663/684/117 684/685/117 

f 668/666/18 667/667/18 683/668/18 682/669/18 

f 667/670/116 666/671/116 676/672/116 683/673/116 

f 669/658/114 668/659/115 682/660/115 684/661/114 

f 662/662/113 669/663/114 684/664/114 663/665/113 

g Mesh18 Group4 UC_091_1 Model

v 2.68673 0.0569282 -2.00777
v 2.67873 0.0569282 -2.00777
v 2.67873 0.0569282 -2.00077
v 2.68673 0.0569282 -2.00077
f 685/1/1 686/2/1 687/3/1 688/4/1 

v 2.67473 0.05 -2.00777
v 2.67473 0.05 -2.00077
f 686/5/2 689/6/2 690/7/2 687/8/2 

v 2.67873 0.0430718 -2.00777
v 2.67873 0.0430718 -2.00077
f 689/9/3 691/10/3 692/11/3 690/12/3 

v 2.68673 0.0430718 -2.00777
v 2.68673 0.0430718 -2.00077
f 691/13/4 693/14/4 694/15/4 692/16/4 

v 2.69073 0.05 -2.00777
v 2.69073 0.05 -2.00077
f 693/17/5 695/18/5 696/19/5 694/20/5 

f 695/21/6 685/22/6 688/23/6 696/24/6 

f 687/25/7 690/26/7 692/27/7 694/28/7 696/29/7 688/30/7 

g Mesh19 Group4 UC_091_1 Model

v 2.68673 0.0569282 -2.05677
v 2.67873 0.0569282 -2.05677
v 2.67873 0.0569282 -2.04977
v 2.68673 0.0569282 -2.04977
f 697/31/1 698/32/1 699/33/1 700/34/1 

v 2.67473 0.05 -2.05677
v 2.69073 0.05 -2.05677
v 2.68673 0.0430718 -2.05677
v 2.67873 0.0430718 -2.05677
f 701/35/8 698/36/8 697/37/8 702/38/8 703/39/8 704/40/8 

v 2.67473 0.05 -2.04977
f 698/41/2 701/42/2 705/43/2 699/44/2 

v 2.67873 0.0430718 -2.04977
f 701/45/3 704/46/3 706/47/3 705/48/3 

v 2.68673 0.0430718 -2.04977
f 704/49/4 703/50/4 707/51/4 706/52/4 

v 2.69073 0.05 -2.04977
f 703/53/5 702/54/5 708/55/5 707/56/5 

f 702/57/6 697/58/6 700/59/6 708/60/6 

g Mesh20 Group4 UC_091_1 Model

v 2.63512 0.115 -2.04577
v 2.73035 0.115 -2.04577
v 2.73035 0.115 -2.01177
v 2.63512 0.115 -2.01177
f 709/61/9 710/62/9 711/63/9 712/64/9 

v 2.69659 0.0442597 -2.04577
v 2.66887 0.0442597 -2.04577
v 2.67226 0.0396414 -2.04577
v 2.6771 0.0365856 -2.04577
v 2.68273 0.0355175 -2.04577
v 2.68836 0.0365856 -2.04577
v 2.6932 0.0396414 -2.04577
f 713/65/7 710/66/7 709/67/7 714/68/7 715/69/7 716/70/7 717/71/7 718/72/7 719/73/7 

v 2.69659 0.0442597 -2.01177
v 2.69659 0.0442597 -2.05077
v 2.73273 0.12 -2.05077
v 2.73273 0.12 -2.00677
v 2.69659 0.0442597 -2.00677
f 720/74/10 711/75/11 710/76/11 713/77/10 721/78/10 722/79/11 723/80/11 724/81/10 

v 2.66887 0.0442597 -2.01177
v 2.6932 0.0396414 -2.01177
v 2.68836 0.0365856 -2.01177
v 2.68273 0.0355175 -2.01177
v 2.6771 0.0365856 -2.01177
v 2.67226 0.0396414 -2.01177
f 725/82/12 712/83/12 711/84/12 720/85/12 726/86/12 727/87/12 728/88/12 729/89/12 730/90/12 

v 2.66887 0.0442597 -2.00677
v 2.63273 0.12 -2.00677
v 2.63273 0.12 -2.05077
v 2.66887 0.0442597 -2.05077
f 731/91/13 732/92/14 733/93/14 734/94/13 714/95/13 709/96/14 712/97/14 725/98/13 

v 2.73273 0.125 -2.00677
vt 3.93701 4.92126
v 2.63273 0.125 -2.00677
vt 0 4.92126
v 2.67226 0.0396414 -2.00677
v 2.6771 0.0365856 -2.00677
v 2.68273 0.0355175 -2.00677
v 2.68836 0.0365856 -2.00677
v 2.6932 0.0396414 -2.00677
f 724/65/7 723/99/7 735/981/7 736/982/7 732/100/7 731/68/7 737/69/7 738/70/7 739/71/7 740/72/7 741/73/7 

vt -2.08661 4.92126
vt -2.08661 4.72441
vt -0.354331 4.72441
v 2.73273 0.125 -2.05077
vt -0.354331 4.92126
f 735/983/32 723/984/32 722/985/32 742/986/32 

v 2.63273 0.125 -2.05077
vt -3.93701 4.92126
v 2.6932 0.0396414 -2.05077
v 2.68836 0.0365856 -2.05077
v 2.68273 0.0355175 -2.05077
v 2.6771 0.0365856 -2.05077
v 2.67226 0.0396414 -2.05077
f 734/82/8 733/100/8 743/982/8 742/987/8 722/105/8 721/85/8 744/86/8 745/87/8 746/88/8 747/89/8 748/90/8 

vt 2.08661 4.72441
vt 2.08661 4.92126
vt 0.354331 4.92126
vt 0.354331 4.72441
f 732/988/49 736/989/49 743/990/49 733/991/49 

f 744/106/16 721/107/10 713/108/10 719/109/16 

f 745/110/17 744/111/16 719/112/16 718/113/17 

f 746/114/18 745/115/17 718/116/17 717/117/18 

f 747/118/19 746/119/18 717/120/18 716/121/19 

f 748/122/20 747/123/19 716/124/19 715/125/20 

f 734/126/13 748/127/20 715/128/20 714/129/13 

f 725/130/13 730/131/20 737/132/20 731/133/13 

f 730/134/20 729/135/19 738/136/19 737/137/20 

f 729/138/19 728/139/18 739/140/18 738/141/19 

f 728/142/18 727/143/17 740/144/17 739/145/18 

f 727/146/17 726/147/16 741/148/16 740/149/17 

f 726/150/16 720/151/10 724/152/10 741/153/16 

g Mesh21 Group4 UC_091_1 Model

v 2.68273 0.045 -2.05777
v 2.68023 0.0456699 -2.05777
v 2.68127 0.047463 -2.05977
v 2.68273 0.0470706 -2.05977
f 749/154/21 750/155/22 751/156/22 752/157/21 

v 2.68273 0.045 -1.99977
v 2.68023 0.0456699 -1.99977
f 753/158/23 754/159/24 750/160/24 749/161/23 

v 2.68273 0.0470706 -1.99777
v 2.68127 0.047463 -1.99777
f 754/162/25 753/163/26 755/164/26 756/165/25 

v 2.68523 0.0456699 -1.99977
v 2.6842 0.047463 -1.99777
f 753/166/26 757/167/27 758/168/27 755/169/26 

v 2.68523 0.0456699 -2.05777
f 757/170/28 753/171/23 749/172/23 759/173/28 

v 2.6842 0.047463 -2.05977
f 759/174/29 749/175/21 752/176/21 760/177/29 

v 2.68566 0.05 -2.05977
v 2.68527 0.0485353 -2.05977
v 2.68019 0.0485353 -2.05977
v 2.6798 0.05 -2.05977
v 2.68019 0.0514647 -2.05977
v 2.68127 0.052537 -2.05977
v 2.68273 0.0529294 -2.05977
v 2.6842 0.052537 -2.05977
v 2.68527 0.0514647 -2.05977
f 761/178/8 762/179/8 760/180/8 752/181/8 751/182/8 763/183/8 764/184/8 765/185/8 766/186/8 767/187/8 768/188/8 769/189/8 

v 2.68773 0.05 -2.05777
v 2.68706 0.0475 -2.05777
f 770/190/30 771/191/31 762/192/31 761/193/30 

v 2.68773 0.05 -1.99977
v 2.68706 0.0475 -1.99977
f 772/170/32 773/171/5 771/172/5 770/173/32 

v 2.68566 0.05 -1.99777
v 2.68527 0.0485353 -1.99777
f 773/194/33 772/195/34 774/196/34 775/197/33 

v 2.68706 0.0525 -1.99977
v 2.68527 0.0514647 -1.99777
f 772/198/34 776/199/35 777/200/35 774/201/34 

v 2.68706 0.0525 -2.05777
f 776/202/6 772/203/32 770/204/32 778/205/6 

f 778/206/36 770/207/30 761/208/30 769/209/36 

v 2.68523 0.0543301 -2.05777
f 779/210/37 778/211/36 769/212/36 768/213/37 

v 2.68523 0.0543301 -1.99977
f 780/214/38 776/215/6 778/216/6 779/217/38 

v 2.6842 0.052537 -1.99777
f 776/218/35 780/219/39 781/220/39 777/221/35 

v 2.68273 0.055 -1.99977
v 2.68273 0.0529294 -1.99777
f 780/222/39 782/223/40 783/224/40 781/225/39 

v 2.68273 0.055 -2.05777
f 782/226/41 780/227/38 779/228/38 784/229/41 

f 784/230/42 779/231/37 768/232/37 767/233/42 

v 2.68023 0.0543301 -2.05777
f 785/234/43 784/235/42 767/236/42 766/237/43 

v 2.68023 0.0543301 -1.99977
f 786/238/44 782/239/41 784/240/41 785/241/44 

v 2.68127 0.052537 -1.99777
f 782/242/40 786/243/45 787/244/45 783/245/40 

v 2.6784 0.0525 -1.99977
v 2.68019 0.0514647 -1.99777
f 786/246/45 788/247/46 789/248/46 787/249/45 

v 2.6784 0.0525 -2.05777
f 788/250/2 786/251/44 785/252/44 790/253/2 

f 790/254/47 785/255/43 766/256/43 765/257/47 

v 2.67773 0.05 -2.05777
f 791/258/48 790/259/47 765/260/47 764/261/48 

v 2.67773 0.05 -1.99977
f 792/238/49 788/239/2 790/240/2 791/241/49 

v 2.6798 0.05 -1.99777
f 788/262/46 792/263/50 793/264/50 789/265/46 

v 2.6784 0.0475 -1.99977
v 2.68019 0.0485353 -1.99777
f 792/266/50 794/267/51 795/268/51 793/269/50 

v 2.6784 0.0475 -2.05777
f 794/270/3 792/271/49 791/272/49 796/273/3 

f 796/274/52 791/275/48 764/276/48 763/277/52 

f 750/278/22 796/279/52 763/280/52 751/281/22 

f 754/282/24 794/283/3 796/284/3 750/285/24 

f 794/286/51 754/287/25 756/288/25 795/289/51 

f 783/290/7 787/291/7 789/292/7 793/293/7 795/294/7 756/295/7 755/296/7 758/297/7 775/298/7 774/299/7 777/300/7 781/301/7 

f 757/302/27 773/303/33 775/304/33 758/305/27 

f 773/306/5 757/307/28 759/308/28 771/309/5 

f 771/310/31 759/311/29 760/312/29 762/313/31 

g Mesh22 Group4 UC_091_1 Model

usemtl Tool_Rubber
v 2.73273 0.05 -2.04377
v 2.72893 0.0691342 -2.04377
v 2.72893 0.0691342 -2.01377
v 2.73273 0.05 -2.01377
f 797/314/53 798/315/54 799/316/54 800/317/53 

v 2.72893 0.0308658 -2.04377
f 801/318/55 798/319/55 797/320/55

v 2.72254 0.05 -2.04377
f 801/318/55 802/321/55 798/319/55

v 2.71951 0.0347676 -2.04377
f 801/318/55 803/322/55 802/321/55

v 2.71809 0.0146447 -2.04377
f 804/323/55 803/322/55 801/318/55

v 2.71088 0.0218543 -2.04377
f 804/323/55 805/324/55 803/322/55

v 2.70187 0.00380602 -2.04377
f 806/325/55 805/324/55 804/323/55

v 2.69796 0.0132258 -2.04377
f 806/325/55 807/326/55 805/324/55

v 2.68273 3.82728e-14 -2.04377
f 808/327/55 807/326/55 806/325/55

v 2.68273 0.0101959 -2.04377
f 808/327/55 809/328/55 807/326/55

v 2.6675 0.0132258 -2.04377
f 808/327/55 810/329/55 809/328/55

v 2.6636 0.00380602 -2.04377
f 811/330/55 810/329/55 808/327/55

v 2.65459 0.0218543 -2.04377
f 811/330/55 812/331/55 810/329/55

v 2.64738 0.0146447 -2.04377
f 813/332/55 812/331/55 811/330/55

v 2.64596 0.0347676 -2.04377
f 813/332/55 814/333/55 812/331/55

v 2.64293 0.05 -2.04377
f 813/332/55 815/334/55 814/333/55

v 2.63654 0.0308658 -2.04377
f 815/334/55 813/332/55 816/335/55

v 2.64738 0.0146447 -2.01377
v 2.63654 0.0308658 -2.01377
f 816/336/56 813/337/57 817/338/57 818/339/56 

v 2.6636 0.00380602 -2.01377
f 813/340/57 811/341/58 819/342/58 817/343/57 

v 2.68273 3.75094e-14 -2.01377
f 811/344/58 808/345/59 820/346/59 819/347/58 

v 2.70187 0.00380602 -2.01377
f 808/315/59 806/348/60 821/349/60 820/316/59 

v 2.71809 0.0146447 -2.01377
f 806/350/60 804/351/61 822/352/61 821/353/60 

v 2.72893 0.0308658 -2.01377
f 804/350/61 801/351/62 823/352/62 822/353/61 

f 801/315/62 797/348/53 800/349/53 823/316/62 

f 799/354/63 823/355/63 800/356/63

v 2.72254 0.05 -2.01377
f 799/354/63 824/357/63 823/355/63

v 2.71951 0.0652324 -2.01377
f 799/354/63 825/358/63 824/357/63

v 2.71809 0.0853553 -2.01377
f 826/359/63 825/358/63 799/354/63

v 2.71088 0.0781457 -2.01377
f 826/359/63 827/360/63 825/358/63

v 2.70187 0.096194 -2.01377
f 828/361/63 827/360/63 826/359/63

v 2.69796 0.0867742 -2.01377
f 828/361/63 829/362/63 827/360/63

v 2.68273 0.1 -2.01377
f 830/363/63 829/362/63 828/361/63

v 2.68273 0.0898041 -2.01377
f 830/363/63 831/364/63 829/362/63

v 2.6675 0.0867742 -2.01377
f 830/363/63 832/365/63 831/364/63

v 2.6636 0.096194 -2.01377
f 833/366/63 832/365/63 830/363/63

v 2.65459 0.0781457 -2.01377
f 833/366/63 834/367/63 832/365/63

v 2.64738 0.0853553 -2.01377
f 835/368/63 834/367/63 833/366/63

v 2.64596 0.0652324 -2.01377
f 835/368/63 836/369/63 834/367/63

v 2.64293 0.05 -2.01377
f 835/368/63 837/370/63 836/369/63

v 2.63654 0.0691342 -2.01377
f 837/370/63 835/368/63 838/371/63

v 2.64738 0.0853553 -2.04377
v 2.63654 0.0691342 -2.04377
f 839/372/64 840/373/65 838/374/65 835/375/64 

f 816/335/55 840/376/55 839/377/55

v 2.63273 0.05 -2.04377
f 840/376/55 816/335/55 841/378/55

v 2.63273 0.05 -2.01377
f 841/379/66 816/380/56 818/381/56 842/382/66 

f 818/383/63 838/371/63 842/384/63

f 838/371/63 818/383/63 817/385/63

f 838/371/63 817/385/63 837/370/63

v 2.64596 0.0347676 -2.01377
f 837/370/63 817/385/63 843/386/63

v 2.65459 0.0218543 -2.01377
f 843/386/63 817/385/63 844/387/63

f 844/387/63 817/385/63 819/388/63

v 2.6675 0.0132258 -2.01377
f 844/387/63 819/388/63 845/389/63

f 845/389/63 819/388/63 820/390/63

v 2.68273 0.0101959 -2.01377
f 845/389/63 820/390/63 846/391/63

f 846/391/63 820/390/63 821/392/63

v 2.69796 0.0132258 -2.01377
f 846/391/63 821/392/63 847/393/63

v 2.71088 0.0218543 -2.01377
f 847/393/63 821/392/63 848/394/63

f 848/394/63 821/392/63 822/395/63

v 2.71951 0.0347676 -2.01377
f 848/394/63 822/395/63 849/396/63

f 849/396/63 822/395/63 823/355/63

f 849/396/63 823/355/63 824/357/63

v 2.72254 0.05 -2.01877
v 2.71951 0.0347676 -2.01877
f 849/397/67 824/398/68 850/399/68 851/400/67 

v 2.71951 0.0652324 -2.01877
f 824/401/68 825/402/69 852/403/69 850/404/68 

v 2.71088 0.0781457 -2.01877
f 825/405/69 827/406/70 853/407/70 852/408/69 

v 2.69796 0.0867742 -2.01877
f 827/409/70 829/410/71 854/411/71 853/412/70 

v 2.68273 0.0898041 -2.01877
f 829/413/71 831/414/59 855/415/59 854/416/71 

v 2.6675 0.0867742 -2.01877
f 831/417/59 832/418/72 856/419/72 855/420/59 

v 2.65459 0.0781457 -2.01877
f 832/421/72 834/422/73 857/423/73 856/424/72 

v 2.64596 0.0652324 -2.01877
f 834/421/73 836/422/74 858/423/74 857/424/73 

v 2.64293 0.05 -2.01877
f 836/417/74 837/418/75 859/419/75 858/420/74 

v 2.64596 0.0347676 -2.01877
f 837/425/75 843/426/76 860/427/76 859/428/75 

v 2.65459 0.0218543 -2.01877
f 843/429/76 844/430/77 861/431/77 860/432/76 

v 2.6675 0.0132258 -2.01877
f 844/433/77 845/434/78 862/435/78 861/436/77 

v 2.68273 0.0101959 -2.01877
f 845/437/78 846/438/79 863/439/79 862/440/78 

v 2.69796 0.0132258 -2.01877
f 846/397/79 847/398/80 864/399/80 863/400/79 

v 2.71088 0.0218543 -2.01877
f 847/441/80 848/442/81 865/443/81 864/444/80 

f 848/441/81 849/442/67 851/443/67 865/444/81 

f 856/365/82 857/367/82 858/369/82 859/370/82 860/386/82 861/387/82 862/389/82 863/391/82 864/393/82 865/394/82 851/396/82 850/357/82 852/358/82 853/360/82 854/362/82 855/364/82 

f 840/445/65 841/379/66 842/382/66 838/446/65 

f 816/335/55 839/377/55 815/334/55

v 2.64596 0.0652324 -2.04377
f 815/334/55 839/377/55 866/447/55

v 2.65459 0.0781457 -2.04377
f 866/447/55 839/377/55 867/448/55

v 2.6636 0.096194 -2.04377
f 867/448/55 839/377/55 868/449/55

f 868/372/83 839/373/64 835/374/64 833/375/83 

v 2.68273 0.1 -2.04377
f 869/445/79 868/379/83 833/382/83 830/446/79 

v 2.6675 0.0867742 -2.04377
f 870/450/55 868/449/55 869/451/55

f 867/448/55 868/449/55 870/450/55

v 2.6675 0.0867742 -2.03877
v 2.65459 0.0781457 -2.03877
f 867/452/73 870/453/72 871/454/72 872/455/73 

v 2.68273 0.0898041 -2.04377
v 2.68273 0.0898041 -2.03877
f 870/456/72 873/457/59 874/458/59 871/459/72 

f 870/450/55 869/451/55 873/460/55

v 2.70187 0.096194 -2.04377
f 873/460/55 869/451/55 875/461/55

f 875/462/84 869/463/79 830/464/79 828/465/84 

v 2.71809 0.0853553 -2.04377
f 876/466/85 875/467/84 828/468/84 826/469/85 

v 2.71088 0.0781457 -2.04377
f 877/470/55 875/461/55 876/471/55

v 2.69796 0.0867742 -2.04377
f 878/472/55 875/461/55 877/470/55

f 873/460/55 875/461/55 878/472/55

v 2.69796 0.0867742 -2.03877
f 873/473/59 878/474/71 879/475/71 874/476/59 

v 2.71088 0.0781457 -2.03877
f 878/477/71 877/478/70 880/479/70 879/480/71 

v 2.71951 0.0652324 -2.04377
v 2.71951 0.0652324 -2.03877
f 877/481/70 881/482/69 882/483/69 880/484/70 

f 877/470/55 876/471/55 881/485/55

f 881/485/55 876/471/55 798/319/55

f 798/486/54 876/487/85 826/488/85 799/489/54 

f 881/485/55 798/319/55 802/321/55

v 2.72254 0.05 -2.03877
f 881/490/69 802/491/68 883/492/68 882/493/69 

v 2.71951 0.0347676 -2.03877
f 802/494/68 803/495/67 884/496/67 883/497/68 

v 2.71088 0.0218543 -2.03877
f 803/498/67 805/499/81 885/500/81 884/501/67 

v 2.69796 0.0132258 -2.03877
f 805/498/81 807/499/80 886/500/80 885/501/81 

v 2.68273 0.0101959 -2.03877
f 807/494/80 809/495/79 887/496/79 886/497/80 

v 2.6675 0.0132258 -2.03877
f 809/502/79 810/503/78 888/504/78 887/505/79 

v 2.65459 0.0218543 -2.03877
f 810/506/78 812/507/77 889/508/77 888/509/78 

v 2.64596 0.0347676 -2.03877
f 812/510/77 814/511/76 890/512/76 889/513/77 

v 2.64293 0.05 -2.03877
f 814/514/76 815/515/75 891/516/75 890/517/76 

v 2.64596 0.0652324 -2.03877
f 815/456/75 866/457/74 892/458/74 891/459/75 

f 866/452/74 867/453/73 872/454/73 892/455/74 

f 871/450/86 874/460/86 879/472/86 880/470/86 882/485/86 883/321/86 884/322/86 885/324/86 886/326/86 887/328/86 888/329/86 889/331/86 890/333/86 891/334/86 892/447/86 872/448/86 

g Mesh23 Group4 UC_091_1 Model

usemtl Tool_Detail
v 2.61007 0.071813 -2.01377
v 2.61007 0.066813 -2.01377
v 2.62573 0.05 -2.01377
v 2.63073 0.05 -2.01377
v 2.63469 0.0698995 -2.01377
vt 0.0770969 2.75195
v 2.64596 0.0867696 -2.01377
v 2.66283 0.0980417 -2.01377
v 2.68273 0.102 -2.01377
v 2.68273 0.107 -2.01377
v 2.66092 0.102661 -2.01377
v 2.64243 0.0903051 -2.01377
vt 0.381689 3.55532
v 2.63007 0.071813 -2.01377
f 893/626/7 894/627/7 895/628/7 896/629/7 897/992/7 898/631/7 899/632/7 900/633/7 901/634/7 902/635/7 903/993/7 904/637/7 

v 2.61007 0.071813 -2.04377
v 2.61007 0.066813 -2.04377
f 894/638/49 893/639/49 905/640/49 906/641/49 

v 2.63007 0.071813 -2.04377
f 893/642/15 904/643/15 907/644/15 905/645/15 

v 2.64243 0.0903051 -2.04377
f 904/646/107 903/647/108 908/648/108 907/649/107 

v 2.66092 0.102661 -2.04377
f 903/646/108 902/647/109 909/648/109 908/649/108 

v 2.68273 0.107 -2.04377
f 902/650/109 901/651/110 910/652/110 909/653/109 

v 2.68273 0.102 -2.04377
f 901/654/32 900/655/32 911/656/32 910/657/32 

v 2.66283 0.0980417 -2.04377
f 900/658/111 899/659/112 912/660/112 911/661/111 

v 2.64596 0.0867696 -2.04377
f 899/662/112 898/663/113 913/664/113 912/665/112 

v 2.63469 0.0698995 -2.04377
f 898/662/113 897/663/114 914/664/114 913/665/113 

v 2.63073 0.05 -2.04377
f 897/658/114 896/659/115 915/660/115 914/661/114 

v 2.62573 0.05 -2.04377
f 896/666/18 895/667/18 916/668/18 915/669/18 

f 895/670/116 894/671/116 906/672/116 916/673/116 

vt -0.381689 3.55532
vt -0.0770969 2.75195
f 915/674/117 916/675/117 906/676/117 905/677/117 907/678/117 908/994/117 909/680/117 910/681/117 911/682/117 912/683/117 913/684/117 914/995/117 

g Mesh24 Group4 UC_091_1 Model

v 2.68273 0.1015 -2.05177
v 2.68158 0.101728 -2.05177
v 2.68197 0.10267 -2.05277
v 2.68273 0.10252 -2.05277
f 917/686/118 918/687/119 919/688/119 920/689/118 

v 2.68273 0.1015 -2.00577
v 2.68158 0.101728 -2.00577
f 921/690/18 922/691/120 918/692/120 917/693/18 

v 2.68273 0.10252 -2.00477
v 2.68197 0.10267 -2.00477
f 922/694/121 921/695/122 923/696/122 924/697/121 

v 2.68388 0.101728 -2.00577
v 2.68349 0.10267 -2.00477
f 921/698/122 925/699/123 926/700/123 923/701/122 

v 2.68388 0.101728 -2.05177
f 925/702/112 921/703/18 917/704/18 927/705/112 

v 2.68349 0.10267 -2.05277
vt -2.01413 2.98989
f 927/706/124 917/707/118 920/708/118 928/996/124 

v 2.68133 0.1059 -2.05277
v 2.68197 0.10633 -2.05277
v 2.68273 0.10648 -2.05277
v 2.68349 0.10633 -2.05277
v 2.68413 0.1059 -2.05277
v 2.68456 0.105258 -2.05277
v 2.68471 0.1045 -2.05277
v 2.68456 0.103742 -2.05277
v 2.68413 0.1031 -2.05277
v 2.68133 0.1031 -2.05277
v 2.6809 0.103742 -2.05277
v 2.68075 0.1045 -2.05277
v 2.6809 0.105258 -2.05277
f 929/710/8 930/711/8 931/712/8 932/713/8 933/714/8 934/715/8 935/716/8 936/717/8 937/718/8 928/719/8 920/720/8 919/721/8 938/722/8 939/723/8 940/724/8 941/725/8 

v 2.68061 0.106621 -2.05177
v 2.68158 0.107272 -2.05177
f 942/726/125 943/727/126 930/728/126 929/729/125 

v 2.68061 0.106621 -2.00577
v 2.68158 0.107272 -2.00577
f 944/730/108 945/731/109 943/732/109 942/733/108 

v 2.68133 0.1059 -2.00477
v 2.68197 0.10633 -2.00477
f 945/734/127 944/735/128 946/736/128 947/737/127 

v 2.67996 0.105648 -2.00577
v 2.6809 0.105258 -2.00477
f 944/738/128 948/739/129 949/740/129 946/741/128 

v 2.67996 0.105648 -2.05177
f 948/742/130 944/743/108 942/744/108 950/745/130 

f 950/746/131 942/747/125 929/748/125 941/749/131 

v 2.67973 0.1045 -2.05177
f 951/750/132 950/751/131 941/752/131 940/753/132 

v 2.67973 0.1045 -2.00577
f 952/754/49 948/755/130 950/756/130 951/757/49 

v 2.68075 0.1045 -2.00477
f 948/758/129 952/759/133 953/760/133 949/761/129 

v 2.67996 0.103352 -2.00577
v 2.6809 0.103742 -2.00477
f 952/762/133 954/763/134 955/764/134 953/765/133 

v 2.67996 0.103352 -2.05177
f 954/766/135 952/767/49 951/768/49 956/769/135 

f 956/770/136 951/771/132 940/772/132 939/773/136 

v 2.68061 0.102379 -2.05177
f 957/774/137 956/775/136 939/776/136 938/777/137 

v 2.68061 0.102379 -2.00577
f 958/778/138 954/779/135 956/780/135 957/781/138 

v 2.68133 0.1031 -2.00477
f 954/782/134 958/783/139 959/784/139 955/785/134 

f 958/786/139 922/787/121 924/788/121 959/789/139 

f 922/790/120 958/791/138 957/792/138 918/793/120 

f 918/794/119 957/795/137 938/796/137 919/797/119 

v 2.68471 0.1045 -2.00477
v 2.68456 0.105258 -2.00477
v 2.68413 0.1059 -2.00477
v 2.68349 0.10633 -2.00477
v 2.68273 0.10648 -2.00477
v 2.68413 0.1031 -2.00477
v 2.68456 0.103742 -2.00477
f 960/798/7 961/799/7 962/800/7 963/801/7 964/802/7 947/803/7 946/804/7 949/805/7 953/806/7 955/807/7 959/808/7 924/809/7 923/810/7 926/811/7 965/812/7 966/813/7 

v 2.68573 0.1045 -2.00577
vt 0.00105665 3.6639
v 2.6855 0.105648 -2.00577
vt -0.00536204 3.70954
vt -0.0594063 3.69403
vt -0.0551691 3.6639
f 967/997/140 968/998/141 961/999/141 960/1000/140 

v 2.68573 0.1045 -2.05177
v 2.6855 0.105648 -2.05177
f 968/818/142 967/819/32 969/820/32 970/821/142 

v 2.6855 0.103352 -2.00577
v 2.6855 0.103352 -2.05177
f 967/822/32 971/823/114 972/824/114 969/825/32 

vt -0.00536204 4.44014
vt 0.00105665 4.48578
vt -0.0551691 4.48578
vt -0.0594063 4.45565
f 971/1001/143 967/1002/140 960/1003/140 966/1004/143 

v 2.68485 0.102379 -2.00577
f 973/830/144 971/831/143 966/832/143 965/833/144 

v 2.68485 0.102379 -2.05177
f 971/834/114 973/835/113 974/836/113 972/837/114 

f 973/838/113 925/839/112 927/840/112 974/841/113 

f 925/842/123 973/843/144 965/844/144 926/845/123 

vt -1.88069 3.69867
f 974/846/145 927/847/124 928/1005/124 937/849/145 

f 972/850/146 974/851/145 937/852/145 936/853/146 

f 969/854/147 972/855/146 936/856/146 935/857/147 

f 970/858/148 969/859/147 935/860/147 934/861/148 

v 2.68485 0.106621 -2.05177
f 975/862/149 970/863/148 934/864/148 933/865/149 

v 2.68485 0.106621 -2.00577
f 976/866/150 968/867/142 970/868/142 975/869/150 

f 968/870/141 976/871/151 962/872/151 961/873/141 

v 2.68388 0.107272 -2.00577
f 976/874/151 977/875/152 963/876/152 962/877/151 

v 2.68388 0.107272 -2.05177
f 977/878/153 976/879/150 975/880/150 978/881/153 

vt -1.88069 2.95729
f 978/882/154 975/883/149 933/884/149 932/1006/154 

v 2.68273 0.1075 -2.05177
vt -2.01413 2.93812
f 979/886/155 978/887/154 932/1007/154 931/889/155 

v 2.68273 0.1075 -2.00577
f 980/890/15 977/891/153 978/892/153 979/893/15 

f 977/894/152 980/895/156 964/896/156 963/897/152 

f 980/898/156 945/899/127 947/900/127 964/901/156 

f 945/902/109 980/903/15 979/904/15 943/905/109 

f 943/906/126 979/907/155 931/908/155 930/909/126 

g Mesh25 Group5 UC_091_1 Model

v 2.68673 0.0569282 -1.59977
v 2.67873 0.0569282 -1.59977
v 2.67873 0.0569282 -1.59277
v 2.68673 0.0569282 -1.59277
f 981/1/1 982/2/1 983/3/1 984/4/1 

v 2.67473 0.05 -1.59977
v 2.67473 0.05 -1.59277
f 982/5/2 985/6/2 986/7/2 983/8/2 

v 2.67873 0.0430718 -1.59977
v 2.67873 0.0430718 -1.59277
f 985/9/3 987/10/3 988/11/3 986/12/3 

v 2.68673 0.0430718 -1.59977
v 2.68673 0.0430718 -1.59277
f 987/13/4 989/14/4 990/15/4 988/16/4 

v 2.69073 0.05 -1.59977
v 2.69073 0.05 -1.59277
f 989/17/5 991/18/5 992/19/5 990/20/5 

f 991/21/6 981/22/6 984/23/6 992/24/6 

f 983/25/7 986/26/7 988/27/7 990/28/7 992/29/7 984/30/7 

g Mesh26 Group5 UC_091_1 Model

v 2.68673 0.0569282 -1.64877
v 2.67873 0.0569282 -1.64877
v 2.67873 0.0569282 -1.64177
v 2.68673 0.0569282 -1.64177
f 993/31/1 994/32/1 995/33/1 996/34/1 

v 2.67473 0.05 -1.64877
v 2.69073 0.05 -1.64877
v 2.68673 0.0430718 -1.64877
v 2.67873 0.0430718 -1.64877
f 997/35/8 994/36/8 993/37/8 998/38/8 999/39/8 1000/40/8 

v 2.67473 0.05 -1.64177
f 994/41/2 997/42/2 1001/43/2 995/44/2 

v 2.67873 0.0430718 -1.64177
f 997/45/3 1000/46/3 1002/47/3 1001/48/3 

v 2.68673 0.0430718 -1.64177
f 1000/49/4 999/50/4 1003/51/4 1002/52/4 

v 2.69073 0.05 -1.64177
f 999/53/5 998/54/5 1004/55/5 1003/56/5 

f 998/57/6 993/58/6 996/59/6 1004/60/6 

g Mesh27 Group5 UC_091_1 Model

v 2.63512 0.115 -1.63777
v 2.73035 0.115 -1.63777
v 2.73035 0.115 -1.60377
v 2.63512 0.115 -1.60377
f 1005/61/9 1006/62/9 1007/63/9 1008/64/9 

v 2.69659 0.0442597 -1.63777
v 2.66887 0.0442597 -1.63777
v 2.67226 0.0396414 -1.63777
v 2.6771 0.0365856 -1.63777
v 2.68273 0.0355175 -1.63777
v 2.68836 0.0365856 -1.63777
v 2.6932 0.0396414 -1.63777
f 1009/65/7 1006/66/7 1005/67/7 1010/68/7 1011/69/7 1012/70/7 1013/71/7 1014/72/7 1015/73/7 

v 2.69659 0.0442597 -1.60377
v 2.69659 0.0442597 -1.64277
v 2.73273 0.12 -1.64277
v 2.73273 0.12 -1.59877
v 2.69659 0.0442597 -1.59877
f 1016/74/10 1007/75/11 1006/76/11 1009/77/10 1017/78/10 1018/79/11 1019/80/11 1020/81/10 

v 2.66887 0.0442597 -1.60377
v 2.6932 0.0396414 -1.60377
v 2.68836 0.0365856 -1.60377
v 2.68273 0.0355175 -1.60377
v 2.6771 0.0365856 -1.60377
v 2.67226 0.0396414 -1.60377
f 1021/82/12 1008/83/12 1007/84/12 1016/85/12 1022/86/12 1023/87/12 1024/88/12 1025/89/12 1026/90/12 

v 2.66887 0.0442597 -1.59877
v 2.63273 0.12 -1.59877
v 2.63273 0.12 -1.64277
v 2.66887 0.0442597 -1.64277
f 1027/91/13 1028/92/14 1029/93/14 1030/94/13 1010/95/13 1005/96/14 1008/97/14 1021/98/13 

v 2.73273 0.125 -1.59877
v 2.63273 0.125 -1.59877
v 2.67226 0.0396414 -1.59877
v 2.6771 0.0365856 -1.59877
v 2.68273 0.0355175 -1.59877
v 2.68836 0.0365856 -1.59877
v 2.6932 0.0396414 -1.59877
f 1020/65/7 1019/99/7 1031/981/7 1032/982/7 1028/100/7 1027/68/7 1033/69/7 1034/70/7 1035/71/7 1036/72/7 1037/73/7 

v 2.73273 0.125 -1.64277
f 1031/983/32 1019/984/32 1018/985/32 1038/986/32 

v 2.63273 0.125 -1.64277
v 2.6932 0.0396414 -1.64277
v 2.68836 0.0365856 -1.64277
v 2.68273 0.0355175 -1.64277
v 2.6771 0.0365856 -1.64277
v 2.67226 0.0396414 -1.64277
f 1030/82/8 1029/100/8 1039/982/8 1038/987/8 1018/105/8 1017/85/8 1040/86/8 1041/87/8 1042/88/8 1043/89/8 1044/90/8 

f 1028/988/49 1032/989/49 1039/990/49 1029/991/49 

f 1040/106/16 1017/107/10 1009/108/10 1015/109/16 

f 1041/110/17 1040/111/16 1015/112/16 1014/113/17 

f 1042/114/18 1041/115/17 1014/116/17 1013/117/18 

f 1043/118/19 1042/119/18 1013/120/18 1012/121/19 

f 1044/122/20 1043/123/19 1012/124/19 1011/125/20 

f 1030/126/13 1044/127/20 1011/128/20 1010/129/13 

f 1021/130/13 1026/131/20 1033/132/20 1027/133/13 

f 1026/134/20 1025/135/19 1034/136/19 1033/137/20 

f 1025/138/19 1024/139/18 1035/140/18 1034/141/19 

f 1024/142/18 1023/143/17 1036/144/17 1035/145/18 

f 1023/146/17 1022/147/16 1037/148/16 1036/149/17 

f 1022/150/16 1016/151/10 1020/152/10 1037/153/16 

g Mesh28 Group5 UC_091_1 Model

v 2.68273 0.045 -1.64977
v 2.68023 0.0456699 -1.64977
v 2.68127 0.047463 -1.65177
v 2.68273 0.0470706 -1.65177
f 1045/154/21 1046/155/22 1047/156/22 1048/157/21 

v 2.68273 0.045 -1.59177
v 2.68023 0.0456699 -1.59177
f 1049/158/176 1050/159/24 1046/160/24 1045/161/176 

v 2.68273 0.0470706 -1.58977
v 2.68127 0.047463 -1.58977
f 1050/162/25 1049/163/26 1051/164/26 1052/165/25 

v 2.68523 0.0456699 -1.59177
v 2.6842 0.047463 -1.58977
f 1049/166/26 1053/167/27 1054/168/27 1051/169/26 

v 2.68523 0.0456699 -1.64977
f 1053/170/28 1049/171/176 1045/172/176 1055/173/28 

v 2.6842 0.047463 -1.65177
f 1055/174/29 1045/175/21 1048/176/21 1056/177/29 

v 2.68566 0.05 -1.65177
v 2.68527 0.0485353 -1.65177
v 2.68019 0.0485353 -1.65177
v 2.6798 0.05 -1.65177
v 2.68019 0.0514647 -1.65177
v 2.68127 0.052537 -1.65177
v 2.68273 0.0529294 -1.65177
v 2.6842 0.052537 -1.65177
v 2.68527 0.0514647 -1.65177
f 1057/178/8 1058/179/8 1056/180/8 1048/181/8 1047/182/8 1059/183/8 1060/184/8 1061/185/8 1062/186/8 1063/187/8 1064/188/8 1065/189/8 

v 2.68773 0.05 -1.64977
v 2.68706 0.0475 -1.64977
f 1066/190/30 1067/191/31 1058/192/31 1057/193/30 

v 2.68773 0.05 -1.59177
v 2.68706 0.0475 -1.59177
f 1068/170/32 1069/171/5 1067/172/5 1066/173/32 

v 2.68566 0.05 -1.58977
v 2.68527 0.0485353 -1.58977
f 1069/194/33 1068/195/34 1070/196/34 1071/197/33 

v 2.68706 0.0525 -1.59177
v 2.68527 0.0514647 -1.58977
f 1068/198/34 1072/199/35 1073/200/35 1070/201/34 

v 2.68706 0.0525 -1.64977
f 1072/202/6 1068/203/32 1066/204/32 1074/205/6 

f 1074/206/36 1066/207/30 1057/208/30 1065/209/36 

v 2.68523 0.0543301 -1.64977
f 1075/210/37 1074/211/36 1065/212/36 1064/213/37 

v 2.68523 0.0543301 -1.59177
f 1076/214/38 1072/215/6 1074/216/6 1075/217/38 

v 2.6842 0.052537 -1.58977
f 1072/218/35 1076/219/39 1077/220/39 1073/221/35 

v 2.68273 0.055 -1.59177
v 2.68273 0.0529294 -1.58977
f 1076/222/39 1078/223/40 1079/224/40 1077/225/39 

v 2.68273 0.055 -1.64977
f 1078/226/177 1076/227/38 1075/228/38 1080/229/177 

f 1080/230/42 1075/231/37 1064/232/37 1063/233/42 

v 2.68023 0.0543301 -1.64977
f 1081/234/43 1080/235/42 1063/236/42 1062/237/43 

v 2.68023 0.0543301 -1.59177
f 1082/238/44 1078/239/177 1080/240/177 1081/241/44 

v 2.68127 0.052537 -1.58977
f 1078/242/40 1082/243/45 1083/244/45 1079/245/40 

v 2.6784 0.0525 -1.59177
v 2.68019 0.0514647 -1.58977
f 1082/246/45 1084/247/46 1085/248/46 1083/249/45 

v 2.6784 0.0525 -1.64977
f 1084/250/2 1082/251/44 1081/252/44 1086/253/2 

f 1086/254/47 1081/255/43 1062/256/43 1061/257/47 

v 2.67773 0.05 -1.64977
f 1087/258/48 1086/259/47 1061/260/47 1060/261/48 

v 2.67773 0.05 -1.59177
f 1088/238/49 1084/239/2 1086/240/2 1087/241/49 

v 2.6798 0.05 -1.58977
f 1084/262/46 1088/263/50 1089/264/50 1085/265/46 

v 2.6784 0.0475 -1.59177
v 2.68019 0.0485353 -1.58977
f 1088/266/50 1090/267/51 1091/268/51 1089/269/50 

v 2.6784 0.0475 -1.64977
f 1090/270/3 1088/271/49 1087/272/49 1092/273/3 

f 1092/274/52 1087/275/48 1060/276/48 1059/277/52 

f 1046/278/22 1092/279/52 1059/280/52 1047/281/22 

f 1050/282/24 1090/283/3 1092/284/3 1046/285/24 

f 1090/286/51 1050/287/25 1052/288/25 1091/289/51 

f 1079/290/7 1083/291/7 1085/292/7 1089/293/7 1091/294/7 1052/295/7 1051/296/7 1054/297/7 1071/298/7 1070/299/7 1073/300/7 1077/301/7 

f 1053/302/27 1069/303/33 1071/304/33 1054/305/27 

f 1069/306/5 1053/307/28 1055/308/28 1067/309/5 

f 1067/310/31 1055/311/29 1056/312/29 1058/313/31 

g Mesh29 Group5 UC_091_1 Model

usemtl Tool_Rubber
v 2.73273 0.05 -1.63577
v 2.72893 0.0691342 -1.63577
v 2.72893 0.0691342 -1.60577
v 2.73273 0.05 -1.60577
f 1093/314/53 1094/315/54 1095/316/54 1096/317/53 

v 2.72893 0.0308658 -1.63577
f 1097/318/55 1094/319/55 1093/320/55

v 2.72254 0.05 -1.63577
f 1097/318/55 1098/321/55 1094/319/55

v 2.71951 0.0347676 -1.63577
f 1097/318/55 1099/322/55 1098/321/55

v 2.71809 0.0146447 -1.63577
f 1100/323/55 1099/322/55 1097/318/55

v 2.71088 0.0218543 -1.63577
f 1100/323/55 1101/324/55 1099/322/55

v 2.70187 0.00380602 -1.63577
f 1102/325/55 1101/324/55 1100/323/55

v 2.69796 0.0132258 -1.63577
f 1102/325/55 1103/326/55 1101/324/55

v 2.68273 2.92838e-14 -1.63577
f 1104/327/55 1103/326/55 1102/325/55

v 2.68273 0.0101959 -1.63577
f 1104/327/55 1105/328/55 1103/326/55

v 2.6675 0.0132258 -1.63577
f 1104/327/55 1106/329/55 1105/328/55

v 2.6636 0.00380602 -1.63577
f 1107/330/55 1106/329/55 1104/327/55

v 2.65459 0.0218543 -1.63577
f 1107/330/55 1108/331/55 1106/329/55

v 2.64738 0.0146447 -1.63577
f 1109/332/55 1108/331/55 1107/330/55

v 2.64596 0.0347676 -1.63577
f 1109/332/55 1110/333/55 1108/331/55

v 2.64293 0.05 -1.63577
f 1109/332/55 1111/334/55 1110/333/55

v 2.63654 0.0308658 -1.63577
f 1111/334/55 1109/332/55 1112/335/55

v 2.64738 0.0146447 -1.60577
v 2.63654 0.0308658 -1.60577
f 1112/336/56 1109/337/57 1113/338/57 1114/339/56 

v 2.6636 0.00380602 -1.60577
f 1109/340/57 1107/341/58 1115/342/58 1113/343/57 

v 2.68273 2.85203e-14 -1.60577
f 1107/344/58 1104/345/59 1116/346/59 1115/347/58 

v 2.70187 0.00380602 -1.60577
f 1104/315/59 1102/348/60 1117/349/60 1116/316/59 

v 2.71809 0.0146447 -1.60577
f 1102/350/60 1100/351/61 1118/352/61 1117/353/60 

v 2.72893 0.0308658 -1.60577
f 1100/350/61 1097/351/62 1119/352/62 1118/353/61 

f 1097/315/62 1093/348/53 1096/349/53 1119/316/62 

f 1095/354/63 1119/355/63 1096/356/63

v 2.72254 0.05 -1.60577
f 1095/354/63 1120/357/63 1119/355/63

v 2.71951 0.0652324 -1.60577
f 1095/354/63 1121/358/63 1120/357/63

v 2.71809 0.0853553 -1.60577
f 1122/359/63 1121/358/63 1095/354/63

v 2.71088 0.0781457 -1.60577
f 1122/359/63 1123/360/63 1121/358/63

v 2.70187 0.096194 -1.60577
f 1124/361/63 1123/360/63 1122/359/63

v 2.69796 0.0867742 -1.60577
f 1124/361/63 1125/362/63 1123/360/63

v 2.68273 0.1 -1.60577
f 1126/363/63 1125/362/63 1124/361/63

v 2.68273 0.0898041 -1.60577
f 1126/363/63 1127/364/63 1125/362/63

v 2.6675 0.0867742 -1.60577
f 1126/363/63 1128/365/63 1127/364/63

v 2.6636 0.096194 -1.60577
f 1129/366/63 1128/365/63 1126/363/63

v 2.65459 0.0781457 -1.60577
f 1129/366/63 1130/367/63 1128/365/63

v 2.64738 0.0853553 -1.60577
f 1131/368/63 1130/367/63 1129/366/63

v 2.64596 0.0652324 -1.60577
f 1131/368/63 1132/369/63 1130/367/63

v 2.64293 0.05 -1.60577
f 1131/368/63 1133/370/63 1132/369/63

v 2.63654 0.0691342 -1.60577
f 1133/370/63 1131/368/63 1134/371/63

v 2.64738 0.0853553 -1.63577
v 2.63654 0.0691342 -1.63577
f 1135/372/64 1136/373/65 1134/374/65 1131/375/64 

f 1112/335/55 1136/376/55 1135/377/55

v 2.63273 0.05 -1.63577
f 1136/376/55 1112/335/55 1137/378/55

v 2.63273 0.05 -1.60577
f 1137/379/66 1112/380/56 1114/381/56 1138/382/66 

f 1114/383/63 1134/371/63 1138/384/63

f 1134/371/63 1114/383/63 1113/385/63

f 1134/371/63 1113/385/63 1133/370/63

v 2.64596 0.0347676 -1.60577
f 1133/370/63 1113/385/63 1139/386/63

v 2.65459 0.0218543 -1.60577
f 1139/386/63 1113/385/63 1140/387/63

f 1140/387/63 1113/385/63 1115/388/63

v 2.6675 0.0132258 -1.60577
f 1140/387/63 1115/388/63 1141/389/63

f 1141/389/63 1115/388/63 1116/390/63

v 2.68273 0.0101959 -1.60577
f 1141/389/63 1116/390/63 1142/391/63

f 1142/391/63 1116/390/63 1117/392/63

v 2.69796 0.0132258 -1.60577
f 1142/391/63 1117/392/63 1143/393/63

v 2.71088 0.0218543 -1.60577
f 1143/393/63 1117/392/63 1144/394/63

f 1144/394/63 1117/392/63 1118/395/63

v 2.71951 0.0347676 -1.60577
f 1144/394/63 1118/395/63 1145/396/63

f 1145/396/63 1118/395/63 1119/355/63

f 1145/396/63 1119/355/63 1120/357/63

v 2.72254 0.05 -1.61077
v 2.71951 0.0347676 -1.61077
f 1145/397/67 1120/398/68 1146/399/68 1147/400/67 

v 2.71951 0.0652324 -1.61077
f 1120/401/68 1121/402/69 1148/403/69 1146/404/68 

v 2.71088 0.0781457 -1.61077
f 1121/405/69 1123/406/70 1149/407/70 1148/408/69 

v 2.69796 0.0867742 -1.61077
f 1123/409/70 1125/410/71 1150/411/71 1149/412/70 

v 2.68273 0.0898041 -1.61077
f 1125/413/71 1127/414/59 1151/415/59 1150/416/71 

v 2.6675 0.0867742 -1.61077
f 1127/417/59 1128/418/72 1152/419/72 1151/420/59 

v 2.65459 0.0781457 -1.61077
f 1128/421/72 1130/422/73 1153/423/73 1152/424/72 

v 2.64596 0.0652324 -1.61077
f 1130/421/73 1132/422/74 1154/423/74 1153/424/73 

v 2.64293 0.05 -1.61077
f 1132/417/74 1133/418/75 1155/419/75 1154/420/74 

v 2.64596 0.0347676 -1.61077
f 1133/425/75 1139/426/76 1156/427/76 1155/428/75 

v 2.65459 0.0218543 -1.61077
f 1139/429/76 1140/430/77 1157/431/77 1156/432/76 

v 2.6675 0.0132258 -1.61077
f 1140/433/77 1141/434/78 1158/435/78 1157/436/77 

v 2.68273 0.0101959 -1.61077
f 1141/437/78 1142/438/79 1159/439/79 1158/440/78 

v 2.69796 0.0132258 -1.61077
f 1142/397/79 1143/398/80 1160/399/80 1159/400/79 

v 2.71088 0.0218543 -1.61077
f 1143/441/80 1144/442/81 1161/443/81 1160/444/80 

f 1144/441/81 1145/442/67 1147/443/67 1161/444/81 

f 1152/365/82 1153/367/82 1154/369/82 1155/370/82 1156/386/82 1157/387/82 1158/389/82 1159/391/82 1160/393/82 1161/394/82 1147/396/82 1146/357/82 1148/358/82 1149/360/82 1150/362/82 1151/364/82 

f 1136/445/65 1137/379/66 1138/382/66 1134/446/65 

f 1112/335/55 1135/377/55 1111/334/55

v 2.64596 0.0652324 -1.63577
f 1111/334/55 1135/377/55 1162/447/55

v 2.65459 0.0781457 -1.63577
f 1162/447/55 1135/377/55 1163/448/55

v 2.6636 0.096194 -1.63577
f 1163/448/55 1135/377/55 1164/449/55

f 1164/372/83 1135/373/64 1131/374/64 1129/375/83 

v 2.68273 0.1 -1.63577
f 1165/445/79 1164/379/83 1129/382/83 1126/446/79 

v 2.6675 0.0867742 -1.63577
f 1166/450/55 1164/449/55 1165/451/55

f 1163/448/55 1164/449/55 1166/450/55

v 2.6675 0.0867742 -1.63077
v 2.65459 0.0781457 -1.63077
f 1163/452/73 1166/453/72 1167/454/72 1168/455/73 

v 2.68273 0.0898041 -1.63577
v 2.68273 0.0898041 -1.63077
f 1166/456/72 1169/457/59 1170/458/59 1167/459/72 

f 1166/450/55 1165/451/55 1169/460/55

v 2.70187 0.096194 -1.63577
f 1169/460/55 1165/451/55 1171/461/55

f 1171/462/84 1165/463/79 1126/464/79 1124/465/84 

v 2.71809 0.0853553 -1.63577
f 1172/466/85 1171/467/84 1124/468/84 1122/469/85 

v 2.71088 0.0781457 -1.63577
f 1173/470/55 1171/461/55 1172/471/55

v 2.69796 0.0867742 -1.63577
f 1174/472/55 1171/461/55 1173/470/55

f 1169/460/55 1171/461/55 1174/472/55

v 2.69796 0.0867742 -1.63077
f 1169/473/59 1174/474/71 1175/475/71 1170/476/59 

v 2.71088 0.0781457 -1.63077
f 1174/477/71 1173/478/70 1176/479/70 1175/480/71 

v 2.71951 0.0652324 -1.63577
v 2.71951 0.0652324 -1.63077
f 1173/481/70 1177/482/69 1178/483/69 1176/484/70 

f 1173/470/55 1172/471/55 1177/485/55

f 1177/485/55 1172/471/55 1094/319/55

f 1094/486/54 1172/487/85 1122/488/85 1095/489/54 

f 1177/485/55 1094/319/55 1098/321/55

v 2.72254 0.05 -1.63077
f 1177/490/69 1098/491/68 1179/492/68 1178/493/69 

v 2.71951 0.0347676 -1.63077
f 1098/494/68 1099/495/67 1180/496/67 1179/497/68 

v 2.71088 0.0218543 -1.63077
f 1099/498/67 1101/499/81 1181/500/81 1180/501/67 

v 2.69796 0.0132258 -1.63077
f 1101/498/81 1103/499/80 1182/500/80 1181/501/81 

v 2.68273 0.0101959 -1.63077
f 1103/494/80 1105/495/79 1183/496/79 1182/497/80 

v 2.6675 0.0132258 -1.63077
f 1105/502/79 1106/503/78 1184/504/78 1183/505/79 

v 2.65459 0.0218543 -1.63077
f 1106/506/78 1108/507/77 1185/508/77 1184/509/78 

v 2.64596 0.0347676 -1.63077
f 1108/510/77 1110/511/76 1186/512/76 1185/513/77 

v 2.64293 0.05 -1.63077
f 1110/514/76 1111/515/75 1187/516/75 1186/517/76 

v 2.64596 0.0652324 -1.63077
f 1111/456/75 1162/457/74 1188/458/74 1187/459/75 

f 1162/452/74 1163/453/73 1168/454/73 1188/455/74 

f 1167/450/86 1170/460/86 1175/472/86 1176/470/86 1178/485/86 1179/321/86 1180/322/86 1181/324/86 1182/326/86 1183/328/86 1184/329/86 1185/331/86 1186/333/86 1187/334/86 1188/447/86 1168/448/86 

g Mesh30 Group5 UC_091_1 Model

usemtl Tool_Detail
v 2.68485 0.106621 -1.64377
v 2.6855 0.105648 -1.64377
v 2.68456 0.105258 -1.64477
v 2.68413 0.1059 -1.64477
f 1189/862/149 1190/863/148 1191/864/148 1192/865/149 

v 2.68485 0.106621 -1.59777
v 2.6855 0.105648 -1.59777
f 1193/866/150 1194/867/142 1190/868/142 1189/869/150 

v 2.68413 0.1059 -1.59677
v 2.68456 0.105258 -1.59677
f 1194/870/141 1193/871/151 1195/872/151 1196/873/141 

v 2.68388 0.107272 -1.59777
v 2.68349 0.10633 -1.59677
f 1193/874/151 1197/875/152 1198/876/152 1195/877/151 

v 2.68388 0.107272 -1.64377
f 1197/878/153 1193/879/150 1189/880/150 1199/881/153 

v 2.68349 0.10633 -1.64477
f 1199/882/154 1189/883/149 1192/884/149 1200/885/154 

v 2.68133 0.1059 -1.64477
v 2.68197 0.10633 -1.64477
v 2.68273 0.10648 -1.64477
v 2.68471 0.1045 -1.64477
v 2.68456 0.103742 -1.64477
v 2.68413 0.1031 -1.64477
v 2.68349 0.10267 -1.64477
v 2.68273 0.10252 -1.64477
v 2.68197 0.10267 -1.64477
v 2.68133 0.1031 -1.64477
v 2.6809 0.103742 -1.64477
v 2.68075 0.1045 -1.64477
v 2.6809 0.105258 -1.64477
f 1201/710/8 1202/711/8 1203/712/8 1200/713/8 1192/714/8 1191/715/8 1204/716/8 1205/717/8 1206/718/8 1207/719/8 1208/720/8 1209/721/8 1210/722/8 1211/723/8 1212/724/8 1213/725/8 

v 2.68061 0.106621 -1.64377
v 2.68158 0.107272 -1.64377
f 1214/726/125 1215/727/126 1202/728/126 1201/729/125 

v 2.68061 0.106621 -1.59777
v 2.68158 0.107272 -1.59777
f 1216/730/108 1217/731/109 1215/732/109 1214/733/108 

v 2.68133 0.1059 -1.59677
v 2.68197 0.10633 -1.59677
f 1217/734/127 1216/735/128 1218/736/128 1219/737/127 

v 2.67996 0.105648 -1.59777
v 2.6809 0.105258 -1.59677
f 1216/738/128 1220/739/129 1221/740/129 1218/741/128 

v 2.67996 0.105648 -1.64377
f 1220/742/130 1216/743/108 1214/744/108 1222/745/130 

f 1222/746/131 1214/747/125 1201/748/125 1213/749/131 

v 2.67973 0.1045 -1.64377
f 1223/750/132 1222/751/131 1213/752/131 1212/753/132 

v 2.67973 0.1045 -1.59777
f 1224/754/49 1220/755/130 1222/756/130 1223/757/49 

v 2.68075 0.1045 -1.59677
f 1220/758/129 1224/759/133 1225/760/133 1221/761/129 

v 2.67996 0.103352 -1.59777
v 2.6809 0.103742 -1.59677
f 1224/762/133 1226/763/134 1227/764/134 1225/765/133 

v 2.67996 0.103352 -1.64377
f 1226/766/135 1224/767/49 1223/768/49 1228/769/135 

f 1228/770/136 1223/771/132 1212/772/132 1211/773/136 

v 2.68061 0.102379 -1.64377
f 1229/774/137 1228/775/136 1211/776/136 1210/777/137 

v 2.68061 0.102379 -1.59777
f 1230/778/138 1226/779/135 1228/780/135 1229/781/138 

v 2.68133 0.1031 -1.59677
f 1226/782/134 1230/783/139 1231/784/139 1227/785/134 

v 2.68158 0.101728 -1.59777
v 2.68197 0.10267 -1.59677
f 1230/786/139 1232/787/121 1233/788/121 1231/789/139 

v 2.68158 0.101728 -1.64377
f 1232/790/120 1230/791/138 1229/792/138 1234/793/120 

f 1234/794/119 1229/795/137 1210/796/137 1209/797/119 

v 2.68273 0.1015 -1.64377
f 1235/686/118 1234/687/119 1209/688/119 1208/689/118 

v 2.68273 0.1015 -1.59777
f 1236/690/18 1232/691/120 1234/692/120 1235/693/18 

v 2.68273 0.10252 -1.59677
f 1232/694/121 1236/695/122 1237/696/122 1233/697/121 

v 2.68388 0.101728 -1.59777
v 2.68349 0.10267 -1.59677
f 1236/698/122 1238/699/123 1239/700/123 1237/701/122 

v 2.68388 0.101728 -1.64377
f 1238/702/112 1236/703/18 1235/704/18 1240/705/112 

f 1240/706/124 1235/707/118 1208/708/118 1207/709/124 

v 2.68485 0.102379 -1.64377
f 1241/846/145 1240/847/124 1207/848/124 1206/849/145 

v 2.68485 0.102379 -1.59777
f 1242/838/113 1238/839/112 1240/840/112 1241/841/113 

v 2.68413 0.1031 -1.59677
f 1238/842/123 1242/843/144 1243/844/144 1239/845/123 

v 2.6855 0.103352 -1.59777
v 2.68456 0.103742 -1.59677
f 1242/830/144 1244/831/143 1245/832/143 1243/833/144 

v 2.6855 0.103352 -1.64377
f 1244/834/114 1242/835/113 1241/836/113 1246/837/114 

f 1246/850/146 1241/851/145 1206/852/145 1205/853/146 

v 2.68573 0.1045 -1.64377
f 1247/854/147 1246/855/146 1205/856/146 1204/857/147 

v 2.68573 0.1045 -1.59777
f 1248/822/32 1244/823/114 1246/824/114 1247/825/32 

v 2.68471 0.1045 -1.59677
f 1244/826/143 1248/827/140 1249/828/140 1245/829/143 

f 1248/814/140 1194/815/141 1196/816/141 1249/817/140 

f 1194/818/142 1248/819/32 1247/820/32 1190/821/142 

f 1190/858/148 1247/859/147 1204/860/147 1191/861/148 

v 2.68273 0.10648 -1.59677
f 1249/798/7 1196/799/7 1195/800/7 1198/801/7 1250/802/7 1219/803/7 1218/804/7 1221/805/7 1225/806/7 1227/807/7 1231/808/7 1233/809/7 1237/810/7 1239/811/7 1243/812/7 1245/813/7 

v 2.68273 0.1075 -1.59777
f 1197/894/152 1251/895/156 1250/896/156 1198/897/152 

v 2.68273 0.1075 -1.64377
f 1251/890/15 1197/891/153 1199/892/153 1252/893/15 

f 1252/886/155 1199/887/154 1200/888/154 1203/889/155 

f 1215/906/126 1252/907/155 1203/908/155 1202/909/126 

f 1217/902/109 1251/903/15 1252/904/15 1215/905/109 

f 1251/898/156 1217/899/127 1219/900/127 1250/901/156 

g Mesh31 Group5 UC_091_1 Model

v 2.64596 0.0867696 -1.60577
v 2.63469 0.0698995 -1.60577
v 2.63469 0.0698995 -1.63577
v 2.64596 0.0867696 -1.63577
f 1253/662/113 1254/663/114 1255/664/114 1256/665/113 

v 2.61007 0.071813 -1.60577
v 2.61007 0.066813 -1.60577
v 2.62573 0.05 -1.60577
v 2.63073 0.05 -1.60577
v 2.66283 0.0980417 -1.60577
v 2.68273 0.102 -1.60577
v 2.68273 0.107 -1.60577
v 2.66092 0.102661 -1.60577
v 2.64243 0.0903051 -1.60577
v 2.63007 0.071813 -1.60577
f 1257/626/7 1258/627/7 1259/628/7 1260/629/7 1254/630/7 1253/631/7 1261/632/7 1262/633/7 1263/634/7 1264/635/7 1265/636/7 1266/637/7 

v 2.61007 0.071813 -1.63577
v 2.61007 0.066813 -1.63577
f 1258/638/49 1257/639/49 1267/640/49 1268/641/49 

v 2.63007 0.071813 -1.63577
f 1257/642/15 1266/643/15 1269/644/15 1267/645/15 

v 2.64243 0.0903051 -1.63577
f 1266/646/107 1265/647/108 1270/648/108 1269/649/107 

v 2.66092 0.102661 -1.63577
f 1265/646/108 1264/647/109 1271/648/109 1270/649/108 

v 2.68273 0.107 -1.63577
f 1264/650/109 1263/651/110 1272/652/110 1271/653/109 

v 2.68273 0.102 -1.63577
f 1263/654/32 1262/655/32 1273/656/32 1272/657/32 

v 2.66283 0.0980417 -1.63577
f 1262/658/111 1261/659/112 1274/660/112 1273/661/111 

f 1261/662/112 1253/663/113 1256/664/113 1274/665/112 

v 2.63073 0.05 -1.63577
v 2.62573 0.05 -1.63577
f 1275/674/117 1276/675/117 1268/676/117 1267/677/117 1269/678/117 1270/679/117 1271/680/117 1272/681/117 1273/682/117 1274/683/117 1256/684/117 1255/685/117 

f 1260/666/18 1259/667/18 1276/668/18 1275/669/18 

f 1259/670/116 1258/671/116 1268/672/116 1276/673/116 

f 1254/658/114 1260/659/115 1275/660/115 1255/661/114 

g Mesh32 Group6 UC_091_1 Model

v 1.97273 0.80899 -1.54977
vt 0.352137 22.7555
vn -0.447214 -3.809e-14 0.894427
v 1.97273 0.79899 -1.54977
vt 0.352137 22.3618
v 1.99273 0.79899 -1.53977
vt 1.23248 22.3618
v 1.99273 0.80899 -1.53977
vt 1.23248 22.7555
f 1277/1008/178 1278/1009/178 1279/1010/178 1280/1011/178 

v 2.72273 0.79899 -1.54977
vt -0.787402 29.5276
vn -5.60987e-14 -1 -2.69532e-14
v 2.70273 0.79899 -1.53977
vt -1.1811 28.7402
vt -1.1811 0.787402
vt -0.787402 2.34637e-08
f 1281/1012/179 1282/1013/179 1279/1014/179 1278/1015/179 

vt 26.0581 22.3618
vn 0.447214 -1.00852e-14 0.894427
v 2.72273 0.80899 -1.54977
vt 26.0581 22.7555
v 2.70273 0.80899 -1.53977
vt 25.1778 22.7555
vt 25.1778 22.3618
f 1281/1016/180 1283/1017/180 1284/1018/180 1282/1019/180 

vt 0.787402 29.5276
vn 4.69614e-14 1 -6.22767e-13
vt 0.787402 2.34639e-08
vt 1.1811 0.787402
vt 1.1811 28.7402
f 1283/1020/181 1277/1021/181 1280/1022/181 1284/1023/181 

vt 0.787402 22.3618
vn 1.61219e-08 -2.69532e-14 1
vt 28.7402 22.3618
vt 28.7402 22.7555
vt 0.787402 22.7555
f 1279/1024/182 1282/1025/182 1284/1026/182 1280/1027/182 

g Mesh33 Group6 UC_091_1 Model

v 1.97273 0.666992 -1.54977
vt 0.352137 17.1651
v 1.97273 0.656992 -1.54977
vt 0.352137 16.7714
v 1.99273 0.656992 -1.53977
vt 1.23248 16.7714
v 1.99273 0.666992 -1.53977
vt 1.23248 17.1651
f 1285/1028/178 1286/1029/178 1287/1030/178 1288/1031/178 

v 2.72273 0.656992 -1.54977
v 2.70273 0.656992 -1.53977
vt -0.787402 2.34642e-08
f 1289/1012/179 1290/1013/179 1287/1014/179 1286/1032/179 

vt 26.0581 16.7714
v 2.72273 0.666992 -1.54977
vt 26.0581 17.1651
v 2.70273 0.666992 -1.53977
vt 25.1778 17.1651
vt 25.1778 16.7714
f 1289/1033/180 1291/1034/180 1292/1035/180 1290/1036/180 

v 1.97273 0.666992 -1.56977
vt 7.62634e-07 -1.38502e-12
vn 4.93332e-14 1 7.33618e-14
vt 0.787402 2.34643e-08
v 2.72273 0.666992 -1.56977
vt 2.65052e-07 29.5276
f 1293/1037/183 1285/1038/183 1288/1022/183 1292/1023/183 1291/1020/183 1294/1039/183 

vt 0.787402 16.7714
vt 28.7402 16.7714
vt 28.7402 17.1651
vt 0.787402 17.1651
f 1287/1040/182 1290/1041/182 1292/1042/182 1288/1043/182 

g Mesh34 Group6 UC_091_1 Model

v 2.72273 0.443995 -1.54977
vt 26.0581 8.38569
v 2.72273 0.453995 -1.54977
vt 26.0581 8.77939
v 2.70273 0.453995 -1.53977
vt 25.1778 8.77939
v 2.70273 0.443995 -1.53977
vt 25.1778 8.38569
f 1295/1044/180 1296/1045/180 1297/1046/180 1298/1047/180 

v 1.97273 0.453995 -1.56977
vt 7.62635e-07 -7.93011e-13
vn 5.89714e-14 1 -1.40764e-15
v 1.97273 0.453995 -1.54977
vt 0.787402 2.34649e-08
v 1.99273 0.453995 -1.53977
v 2.72273 0.453995 -1.56977
vt 2.65053e-07 29.5276
f 1299/1048/184 1300/1049/184 1301/1022/184 1297/1023/184 1296/1020/184 1302/1050/184 

vt 0.352137 8.77939
vn -0.447214 -3.81701e-14 0.894427
v 1.97273 0.443995 -1.54977
vt 0.352137 8.38569
v 1.99273 0.443995 -1.53977
vt 1.23248 8.38569
vt 1.23248 8.77939
f 1300/1051/185 1303/1052/185 1304/1053/185 1301/1054/185 

vt -0.787402 2.34649e-08
f 1295/1012/179 1298/1013/179 1304/1014/179 1303/1055/179 

vt 0.787402 8.38569
vt 28.7402 8.38569
vt 28.7402 8.77939
vt 0.787402 8.77939
f 1304/1056/182 1298/1057/182 1297/1058/182 1301/1059/182 

g Mesh35 Group6 UC_091_1 Model

v 2.18773 0.848247 -1.54907
vt 0.814961 24.3011
vn -1 -2.87184e-14 1.28418e-08
v 2.18773 0.865747 -1.54907
vt 0.81496 24.9901
v 2.18773 0.865747 -1.55047
vt 0.759842 24.9901
v 2.18773 0.848247 -1.55047
vt 0.759843 24.3011
f 1305/1060/186 1306/1061/186 1307/1062/186 1308/1063/186 

v 2.32773 0.848247 -1.54907
vt 13.9764 24.3011
vn 1.28325e-08 1.0266e-07 1
v 2.32773 0.865747 -1.54907
vt 13.9764 24.9901
vt 8.46457 24.9901
vt 8.46457 24.3011
f 1309/1064/187 1310/1065/187 1306/1066/187 1305/1067/187 

vt -0.814961 24.9901
vn 1 3.13551e-14 -1.28376e-08
vt -0.814961 24.3011
v 2.32773 0.848247 -1.55047
vt -0.759842 24.3011
v 2.32773 0.865747 -1.55047
vt -0.759842 24.9901
f 1310/1068/188 1309/1069/188 1311/1070/188 1312/1071/188 

vt -0.814963 13.9764
vn 3.39898e-14 -1 1.0266e-07
vt -0.814963 8.46457
vt -0.759845 8.46457
vt -0.759845 13.9764
f 1309/1072/189 1305/1073/189 1308/1074/189 1311/1075/189 

vt 0.814963 8.46457
vn -3.13551e-14 1 -1.02661e-07
vt 0.814963 13.9764
vt 0.759845 13.9764
vt 0.759845 8.46457
f 1306/1076/190 1310/1077/190 1312/1078/190 1307/1079/190 

g Mesh36 Group6 UC_091_1 Model

v 2.33773 0.856997 -1.54477
vt 14.3701 24.6456
vn 9.05165e-15 -2.69532e-14 1
v 2.34066 0.849926 -1.54477
vt 14.4854 24.3672
v 2.34773 0.846997 -1.54477
vt 14.7638 24.2519
v 2.3548 0.849926 -1.54477
vt 15.0422 24.3672
v 2.35773 0.856997 -1.54477
vt 15.1575 24.6456
v 2.3548 0.864068 -1.54477
vt 15.0422 24.924
v 2.34773 0.866997 -1.54477
vt 14.7638 25.0393
v 2.34066 0.864068 -1.54477
vt 14.4854 24.924
f 1313/1080/191 1314/1081/191 1315/1082/191 1316/1083/191 1317/1084/191 1318/1085/191 1319/1086/191 1320/1087/191 

v 2.33773 0.856997 -1.55977
vt 0.393701 17.2704
vn -1 -9.93412e-09 2.97794e-17
v 2.34066 0.849926 -1.55977
vt 0.393701 16.969
vn -0.707107 -0.707107 -1.9039e-14
vt 0.984252 16.969
vt 0.984252 17.2704
f 1321/1088/192 1322/1089/193 1314/1090/193 1313/1091/192 

vt 0.393701 -4.05783
v 2.34773 0.846997 -1.55977
vt 0.393701 -4.35916
vn 9.93392e-09 -1 -2.69467e-14
vt 0.984252 -4.35916
vt 0.984252 -4.05783
f 1322/1092/193 1323/1093/194 1315/1094/194 1314/1095/193 

vt -0.393701 22.9207
v 2.3548 0.849926 -1.55977
vt -0.393701 23.2221
vn 0.707107 -0.707107 -1.9071e-14
vt -0.984252 23.2221
vt -0.984252 22.9207
f 1323/1096/194 1324/1097/195 1316/1098/195 1315/1099/194 

vt -0.393701 28.2687
v 2.35773 0.856997 -1.55977
vt -0.393701 28.5701
vn 1 9.93411e-09 -2.77553e-17
vt -0.984252 28.5701
vt -0.984252 28.2687
f 1324/1100/195 1325/1101/196 1317/1102/196 1316/1103/195 

vt -0.393701 16.969
v 2.3548 0.864068 -1.55977
vt -0.393701 17.2704
vn 0.707107 0.707107 1.90383e-14
vt -0.984252 17.2704
vt -0.984252 16.969
f 1325/1104/196 1326/1105/197 1318/1106/197 1317/1107/196 

vt -0.393701 -4.35916
v 2.34773 0.866997 -1.55977
vt -0.393701 -4.05783
vn -9.93392e-09 1 2.69597e-14
vt -0.984252 -4.05783
vt -0.984252 -4.35916
f 1326/1108/197 1327/1109/198 1319/1110/198 1318/1111/197 

vt 0.393701 23.2221
v 2.34066 0.864068 -1.55977
vt 0.393701 22.9207
vn -0.707107 0.707107 1.90868e-14
vt 0.984252 22.9207
vt 0.984252 23.2221
f 1327/1112/198 1328/1113/199 1320/1114/199 1319/1115/198 

vt 0.393701 28.5701
vt 0.393701 28.2687
vt 0.984252 28.2687
vt 0.984252 28.5701
f 1328/1116/199 1321/1117/192 1313/1118/192 1320/1119/199 

g Mesh37 Group6 UC_091_1 Model

v 1.97273 0.737991 -1.54977
vt 0.352136 19.9603
v 1.97273 0.727991 -1.54977
vt 0.352136 19.5666
v 1.99273 0.727991 -1.53977
vt 1.23248 19.5666
v 1.99273 0.737991 -1.53977
vt 1.23248 19.9603
f 1329/1120/178 1330/1121/178 1331/1122/178 1332/1123/178 

v 2.72273 0.727991 -1.54977
vt -0.787401 29.5276
v 2.70273 0.727991 -1.53977
vt -0.787401 2.3463e-08
f 1333/1124/179 1334/1013/179 1331/1014/179 1330/1125/179 

vt 26.0581 19.5666
v 2.72273 0.737991 -1.54977
vt 26.0581 19.9603
v 2.70273 0.737991 -1.53977
vt 25.1778 19.9603
vt 25.1778 19.5666
f 1333/1126/180 1335/1127/180 1336/1128/180 1334/1129/180 

v 1.97273 0.737991 -1.56977
vt -4.30797e-07 -2.52006e-12
vt 0.787401 2.34631e-08
vt 0.787401 29.5276
v 2.72273 0.737991 -1.56977
vt -9.28379e-07 29.5276
f 1337/1130/183 1329/1131/183 1332/1022/183 1336/1023/183 1335/1132/183 1338/1133/183 

vt 0.787402 19.5666
vt 28.7402 19.5666
vt 28.7402 19.9603
vt 0.787402 19.9603
f 1331/1134/182 1334/1135/182 1336/1136/182 1332/1137/182 

g Mesh38 Group6 UC_091_1 Model

v 1.99273 0.585993 -1.53977
vt 0.787402 13.9762
v 2.70273 0.585993 -1.53977
vt 28.7402 13.9762
v 2.70273 0.595993 -1.53977
vt 28.7402 14.3699
v 1.99273 0.595993 -1.53977
vt 0.787402 14.3699
f 1339/1138/182 1340/1139/182 1341/1140/182 1342/1141/182 

v 2.72273 0.585993 -1.54977
v 1.97273 0.585993 -1.54977
vt -0.787402 2.34644e-08
f 1343/1012/179 1340/1013/179 1339/1014/179 1344/1142/179 

vt 26.0581 13.9762
v 2.72273 0.595993 -1.54977
vt 26.0581 14.3699
vt 25.1778 14.3699
vt 25.1778 13.9762
f 1343/1143/180 1345/1144/180 1341/1145/180 1340/1146/180 

v 1.97273 0.595993 -1.56977
vt 5.92144e-07 -1.15948e-12
v 1.97273 0.595993 -1.54977
vt 0.787402 2.34645e-08
v 2.72273 0.595993 -1.56977
vt 9.45618e-08 29.5276
f 1346/1147/183 1347/1148/183 1342/1022/183 1341/1023/183 1345/1020/183 1348/1149/183 

vt 0.352137 14.3699
vt 0.352137 13.9762
vt 1.23248 13.9762
vt 1.23248 14.3699
f 1347/1150/178 1344/1151/178 1339/1152/178 1342/1153/178 

g Mesh39 Group6 UC_091_1 Model

v 2.17206 0.854497 -1.55977
vt -0.393702 25.7419
vn 0.866025 -0.5 9.07636e-15
v 2.17273 0.856997 -1.55977
vt -0.393702 25.8438
vn 1 1.31373e-14 -2.73343e-17
v 2.17273 0.856997 -1.54362
vt -1.02957 25.8438
vn 0.991445 9.28068e-15 0.130526
v 2.17206 0.854497 -1.54371
vt -1.0261 25.7419
vn 0.856762 -0.503225 0.112795
f 1349/1154/200 1350/1155/201 1351/1156/202 1352/1157/203 

vt -0.393702 21.7679
v 2.17206 0.859497 -1.55977
vt -0.393702 21.8698
vn 0.866025 0.5 -9.12435e-15
v 2.17206 0.859497 -1.54371
vt -1.0261 21.8698
vn 0.856762 0.503225 0.112795
vt -1.02957 21.7679
f 1350/1158/201 1353/1159/204 1354/1160/205 1351/1161/202 

vt -0.393702 11.9475
v 2.17023 0.861327 -1.55977
vt -0.393702 12.0494
vn 0.5 0.866025 -1.6295e-14
v 2.17023 0.861327 -1.54395
vt -1.01662 12.0494
vn 0.492531 0.867876 0.064843
vt -1.0261 11.9475
f 1353/1162/204 1355/1163/206 1356/1164/207 1354/1165/205 

v 2.16773 0.861997 -1.55977
vt -0.393702 -0.985877
vn -3.17265e-13 1 -1.96417e-14
v 2.16773 0.861997 -1.54428
vt -1.00366 -0.985877
vn -2.21492e-13 1 4.24476e-14
vt -1.01662 -1.08777
vt -0.393702 -1.08777
f 1357/1166/208 1358/1167/209 1356/1168/207 1355/1169/206 

v 2.16523 0.861327 -1.55977
vt 0.393702 13.7434
vn -0.5 0.866025 -1.77502e-14
v 2.16523 0.861327 -1.54461
vt 0.9907 13.7434
vn -0.492531 0.867876 -0.064843
vt 1.00366 13.8453
vt 0.393702 13.8453
f 1359/1170/210 1360/1171/211 1358/1172/209 1357/1173/208 

v 2.1634 0.859497 -1.55977
vt 0.393702 22.8047
vn -0.866025 0.5 -1.05614e-14
v 2.1634 0.859497 -1.54485
vt 0.981214 22.8047
vn -0.856762 0.503225 -0.112795
vt 0.9907 22.9066
vt 0.393702 22.9066
f 1361/1174/212 1362/1175/213 1360/1176/211 1359/1177/210 

v 2.16273 0.856997 -1.55977
vt 0.393702 25.7419
vn -1 -4.91706e-14 2.72698e-17
v 2.16273 0.856997 -1.54494
vt 0.977742 25.7419
vn -0.991445 -4.56394e-14 -0.130526
vt 0.981214 25.8438
vt 0.393702 25.8438
f 1363/1178/214 1364/1179/215 1362/1180/213 1361/1181/212 

v 2.1634 0.854497 -1.55977
vt 0.393702 21.7679
vn -0.866025 -0.5 1.061e-14
v 2.1634 0.854497 -1.54485
vt 0.981214 21.7679
vn -0.856762 -0.503225 -0.112795
vt 0.977742 21.8698
vn -0.991445 -4.56539e-14 -0.130526
vt 0.393702 21.8698
f 1365/1182/216 1366/1183/217 1364/1184/218 1363/1185/214 

v 2.16523 0.852667 -1.55977
vt 0.393702 11.9475
vn -0.5 -0.866025 1.77801e-14
v 2.16523 0.852667 -1.54461
vt 0.9907 11.9475
vn -0.492531 -0.867876 -0.064843
vt 0.981214 12.0494
vt 0.393702 12.0494
f 1367/1186/219 1368/1187/220 1366/1188/217 1365/1189/216 

v 2.16773 0.851997 -1.55977
vt 0.393702 -1.08777
vn -2.60273e-13 -1 1.96438e-14
v 2.16773 0.851997 -1.54428
vt 1.00366 -1.08777
vn -1.61627e-13 -1 3.51515e-14
vt 0.9907 -0.985877
vt 0.393702 -0.985877
f 1369/1190/221 1370/1191/222 1368/1192/220 1367/1193/219 

v 2.17023 0.852667 -1.55977
vt -0.393702 13.8453
vn 0.5 -0.866025 1.62678e-14
v 2.17023 0.852667 -1.54395
vt -1.01662 13.8453
vn 0.492531 -0.867876 0.064843
vt -1.00366 13.7434
vn -1.61641e-13 -1 3.51527e-14
vt -0.393702 13.7434
f 1371/1194/223 1372/1195/224 1370/1196/225 1369/1197/221 

vt -0.393702 22.8047
vt -0.393702 22.9066
vt -1.0261 22.9066
vt -1.01662 22.8047
f 1371/1198/223 1349/1199/200 1352/1200/203 1372/1201/224 

v 2.17027 0.854497 -1.53704
vt 0.768064 22.9053
vn 0.743358 -0.513054 0.429178
v 2.16863 0.852667 -1.53799
vt 0.78737 22.8034
vn 0.421805 -0.873369 0.243529
vt 1.0305 22.8034
vt 1.03998 22.9053
f 1373/1202/226 1374/1203/227 1372/1204/224 1352/1205/203 

v 2.16497 0.854497 -1.53174
vt 4.29292 21.8905
vn 0.429178 -0.513054 0.743358
v 2.16403 0.852667 -1.53338
vt 4.31222 21.7886
vn 0.243529 -0.873369 0.421805
vt 4.56876 21.7886
vt 4.58807 21.8905
f 1375/1206/228 1376/1207/229 1374/1208/227 1373/1209/226 

v 2.1583 0.854497 -1.52995
vt 6.65118 19.7654
vn 0.112795 -0.503225 0.856762
v 2.15806 0.852667 -1.53178
vt 6.66067 19.6635
vn 0.064843 -0.867876 0.492531
vt 6.90379 19.6635
vt 6.9231 19.7654
f 1377/1210/230 1378/1211/231 1376/1212/229 1375/1213/228 

vt 7.29642 18.3642
vt 7.30591 18.4661
v 1.98716 0.854497 -1.52995
vt 0.568108 18.4661
vn -0.112795 -0.503225 0.856762
v 1.9874 0.852667 -1.53178
vt 0.577594 18.3642
vn -0.064843 -0.867876 0.492531
f 1378/1214/231 1377/1215/230 1379/1216/232 1380/1217/233 

v 1.98707 0.856997 -1.52928
vt 0.564636 24.2184
vn -0.130526 -4.90163e-14 0.991445
vt 0.568108 24.1165
vt 7.30591 24.1165
v 2.15839 0.856997 -1.52928
vt 7.30938 24.2184
vn 0.130526 -4.0802e-14 0.991445
f 1381/1218/234 1379/1219/232 1377/1220/230 1382/1221/235 

v 1.98014 0.856997 -1.53114
vt 0.675552 24.1665
vn -0.5 -5.76867e-14 0.866025
v 1.98049 0.854497 -1.53174
vt 0.682618 24.0646
vn -0.429178 -0.513054 0.743358
vt 0.954536 24.0646
vt 0.958008 24.1665
f 1383/1222/236 1384/1223/237 1379/1224/232 1381/1225/234 

v 1.97459 0.856997 -1.53669
vt 0.972633 24.0308
vn -0.866025 -5.92682e-14 0.5
v 1.97519 0.854497 -1.53704
vt 0.9797 23.9289
vn -0.743358 -0.513054 0.429178
vt 1.27485 23.9289
vt 1.28192 24.0308
f 1385/1226/238 1386/1227/239 1384/1228/237 1383/1229/236 

v 1.97273 0.856997 -1.54362
vt 0.994492 23.8748
vn -0.991445 -5.2777e-14 0.130526
v 1.9734 0.854497 -1.54371
vt 0.997964 23.7729
vn -0.856762 -0.503225 0.112795
vt 1.26988 23.7729
vt 1.27695 23.8748
vn -0.866025 -5.92533e-14 0.5
f 1387/1230/240 1388/1231/241 1386/1232/239 1385/1233/242 

vt 1.0261 23.7039
vt 1.02957 23.8058
v 1.97273 0.856997 -1.55977
vt 0.393702 23.8058
vn -1 -4.93717e-14 2.81768e-17
v 1.9734 0.854497 -1.55977
vt 0.393702 23.7039
vn -0.866025 -0.5 -1.34514e-14
f 1388/1234/241 1387/1235/240 1389/1236/243 1390/1237/244 

vn -0.991445 -5.27625e-14 0.130526
v 1.9734 0.859497 -1.54371
vt 1.0261 23.9077
vn -0.856762 0.503225 0.112795
v 1.9734 0.859497 -1.55977
vt 0.393702 23.9077
vn -0.866025 0.5 1.35016e-14
f 1387/1235/245 1391/1238/246 1392/1239/247 1389/1236/243 

vt 0.997964 23.8387
vt 0.994492 23.7368
vt 1.27695 23.7368
v 1.97519 0.859497 -1.53704
vt 1.26988 23.8387
vn -0.743358 0.513054 0.429178
f 1391/1240/246 1387/1241/245 1385/1242/238 1393/1243/248 

vt 0.9797 23.6827
vt 0.972633 23.5808
vt 1.28192 23.5808
v 1.98049 0.859497 -1.53174
vt 1.27485 23.6827
vn -0.429178 0.513054 0.743358
f 1393/1244/248 1385/1245/238 1383/1246/236 1394/1247/249 

vt 0.682618 23.547
vt 0.675552 23.4451
vn -0.5 -5.76719e-14 0.866025
vt 0.958008 23.4451
v 1.98716 0.859497 -1.52995
vt 0.954536 23.547
vn -0.112795 0.503225 0.856762
f 1394/1248/249 1383/1249/250 1381/1250/234 1395/1251/251 

vt 0.564636 23.3932
vt 7.30938 23.3932
v 2.1583 0.859497 -1.52995
vt 7.30591 23.4951
vn 0.112795 0.503225 0.856762
vt 0.568108 23.4951
f 1381/1252/234 1382/1253/235 1396/1254/252 1395/1255/251 

vt 6.65118 23.0195
vt 6.64771 22.9176
vn 0.130526 -4.07875e-14 0.991445
v 2.16532 0.856997 -1.53114
vt 6.93016 22.9176
vn 0.5 -2.63466e-14 0.866025
v 2.16497 0.859497 -1.53174
vt 6.9231 23.0195
vn 0.429178 0.513054 0.743358
f 1396/1256/252 1382/1257/253 1397/1258/254 1398/1259/255 

vt 6.64771 24.694
vt 6.65118 24.5921
vt 6.9231 24.5921
vt 6.93016 24.694
f 1382/1260/253 1377/1261/230 1375/1262/228 1397/1263/254 

vt 4.28585 25.4718
vt 4.29292 25.3699
vt 4.58807 25.3699
v 2.17087 0.856997 -1.53669
vt 4.59514 25.4718
vn 0.866025 -5.03401e-15 0.5
f 1397/1264/254 1375/1265/228 1373/1266/226 1399/1267/256 

vt 0.760997 25.8433
vt 0.768064 25.7414
vt 1.03998 25.7414
vt 1.04345 25.8433
f 1399/1268/256 1373/1269/226 1352/1270/203 1351/1271/202 

v 2.17027 0.859497 -1.53704
vt 0.768064 21.8702
vn 0.743358 0.513054 0.429178
vt 0.760997 21.7683
vt 1.04345 21.7683
vt 1.03998 21.8702
f 1400/1272/257 1399/1273/256 1351/1274/202 1354/1275/205 

vt 4.29292 22.2417
vt 4.28585 22.1398
vt 4.59514 22.1398
vt 4.58807 22.2417
f 1398/1276/255 1397/1277/254 1399/1278/256 1400/1279/257 

v 2.16403 0.861327 -1.53338
vt 4.31222 13.0655
vn 0.243529 0.873369 0.421805
vt 4.29292 12.9636
vt 4.58807 12.9636
v 2.16863 0.861327 -1.53799
vt 4.56876 13.0655
vn 0.421805 0.873369 0.243529
f 1401/1280/258 1398/1281/255 1400/1282/257 1402/1283/259 

v 2.15806 0.861327 -1.53178
vt 6.66067 15.1906
vn 0.064843 0.867876 0.492531
vt 6.65118 15.0887
vt 6.9231 15.0887
vt 6.90379 15.1906
f 1403/1284/260 1396/1285/252 1398/1286/255 1401/1287/258 

v 1.9874 0.861327 -1.53178
vt 0.577594 16.4899
vn -0.064843 0.867876 0.492531
vt 0.568108 16.388
vt 7.30591 16.388
vt 7.29642 16.4899
f 1404/1288/261 1395/1289/251 1396/1290/252 1403/1291/260 

v 1.98144 0.861327 -1.53338
vt 0.701925 16.6317
vn -0.243529 0.873369 0.421805
vt 0.682618 16.5298
vt 0.954536 16.5298
vt 0.94505 16.6317
f 1405/1292/262 1394/1293/249 1395/1294/251 1404/1295/261 

v 1.97683 0.861327 -1.53799
vt 0.999006 17.0026
vn -0.421805 0.873369 0.243529
vt 0.9797 16.9007
vt 1.27485 16.9007
vt 1.25555 17.0026
f 1406/1296/263 1393/1297/248 1394/1298/249 1405/1299/262 

v 1.97523 0.861327 -1.54395
vt 1.00745 17.4288
vn -0.492531 0.867876 0.064843
vt 0.997964 17.3269
vt 1.26988 17.3269
vt 1.25058 17.4288
f 1407/1300/264 1391/1301/246 1393/1302/248 1406/1303/263 

vt 0.393702 17.5153
vt 1.0261 17.5153
vt 1.01662 17.6172
v 1.97523 0.861327 -1.55977
vt 0.393702 17.6172
vn -0.5 0.866025 2.33566e-14
f 1392/1304/247 1391/1305/246 1407/1306/264 1408/1307/265 

vt 0.393702 6.51794
vt 1.01662 6.51794
v 1.97773 0.861997 -1.54428
vt 1.00366 6.61984
vn -1.69641e-13 1 4.51134e-14
v 1.97773 0.861997 -1.55977
vt 0.393702 6.61984
vn -3.20139e-13 1 2.69531e-14
f 1408/1308/265 1407/1309/264 1409/1310/266 1410/1311/267 

vt 1.02041 6.36245
vn -1.69634e-13 1 4.51135e-14
vt 1.00745 6.26055
vt 1.25058 6.26055
v 1.97907 0.861997 -1.53928
vt 1.2242 6.36245
vn -6.07075e-14 1 8.50191e-15
f 1409/1312/268 1407/1313/264 1406/1314/263 1411/1315/269 

vt 1.02538 5.78021
vn -6.07075e-14 1 8.5055e-15
vt 0.999006 5.67831
vt 1.25555 5.67831
v 1.98273 0.861997 -1.53562
vt 1.22917 5.78021
vn 5.21701e-15 1 1.46404e-14
f 1411/1316/270 1406/1317/263 1405/1318/262 1412/1319/271 

vt 0.728298 5.27358
vt 0.701925 5.17168
vt 0.94505 5.17168
v 1.98773 0.861997 -1.53428
vt 0.932092 5.27358
vn 3.856e-14 1 5.35328e-14
f 1412/1320/271 1405/1321/262 1404/1322/261 1413/1323/272 

vt 0.590552 5.07995
vt 0.577594 4.97805
vt 7.29642 4.97805
v 2.15773 0.861997 -1.53428
vt 7.28347 5.07995
vn -2.39405e-13 1 7.90204e-14
f 1413/1324/272 1404/1325/261 1403/1326/260 1414/1327/273 

vt 6.67362 3.30508
vn -2.39405e-13 1 7.90276e-14
vt 6.66067 3.20318
vt 6.90379 3.20318
v 2.16273 0.861997 -1.53562
vt 6.87742 3.30508
vn -1.37537e-13 1 4.8066e-14
f 1414/1328/274 1403/1329/260 1401/1330/258 1415/1331/275 

vt 4.3386 0.402157
vn -1.37537e-13 1 4.80588e-14
vt 4.31222 0.30026
vt 4.56876 0.30026
v 2.16639 0.861997 -1.53928
vt 4.54239 0.402157
vn 2.12079e-14 1 3.70534e-14
f 1415/1332/276 1401/1333/258 1402/1334/259 1416/1335/277 

vt 0.813743 -0.984112
vn 2.1215e-14 1 3.7057e-14
vt 0.78737 -1.08601
vt 1.0305 -1.08601
vt 1.01754 -0.984112
vn -2.21485e-13 1 4.24483e-14
f 1416/1336/278 1402/1337/259 1356/1338/207 1358/1339/279 

vt 0.78737 12.0507
vt 0.768064 11.9488
vt 1.03998 11.9488
vt 1.0305 12.0507
f 1402/1340/259 1400/1341/257 1354/1342/205 1356/1343/207 

v 2.16415 0.861327 -1.54058
vt -0.840116 13.7416
vn -0.421805 0.873369 -0.243529
vt -0.813743 13.8435
vn 2.12079e-14 1 3.70498e-14
vt -1.01754 13.8435
vn -2.215e-13 1 4.24483e-14
vt -1.00458 13.7416
f 1417/1344/280 1416/1345/281 1358/1346/282 1360/1347/211 

v 2.16144 0.861327 -1.53786
vt -4.36497 12.3553
vn -0.243529 0.873369 -0.421805
vt -4.3386 12.4572
vt -4.54239 12.4572
vt -4.51602 12.3553
f 1418/1348/283 1415/1349/275 1416/1350/277 1417/1351/280 

v 2.1574 0.861327 -1.53678
vt -6.68658 9.45242
vn -0.064843 0.867876 -0.492531
vt -6.67362 9.55432
vn -2.39405e-13 1 7.90132e-14
vt -6.87742 9.55432
vt -6.85105 9.45242
f 1419/1352/284 1414/1353/285 1415/1354/275 1418/1355/283 

v 1.98806 0.861327 -1.53678
vt -0.60351 7.67754
vn 0.064843 0.867876 -0.492531
vt -0.590552 7.77944
vn 3.85595e-14 1 5.35184e-14
vt -7.28347 7.77944
vn -2.39406e-13 1 7.90204e-14
vt -7.27051 7.67754
f 1420/1356/286 1413/1357/287 1414/1358/288 1419/1359/284 

v 1.98403 0.861327 -1.53786
vt -0.754671 7.48391
vn 0.243529 0.873369 -0.421805
vt -0.728298 7.58581
vt -0.932092 7.58581
vn 3.856e-14 1 5.35184e-14
vt -0.919134 7.48391
f 1421/1360/289 1412/1361/271 1413/1362/290 1420/1363/286 

v 1.98131 0.861327 -1.54058
vt -1.05175 6.97728
vn 0.421805 0.873369 -0.243529
vt -1.02538 7.07918
vt -1.22917 7.07918
vt -1.2028 6.97728
f 1422/1364/291 1411/1365/270 1412/1366/271 1421/1367/289 

v 1.98023 0.861327 -1.54461
vt -1.03337 6.39505
vn 0.492531 0.867876 -0.064843
vt -1.02041 6.49695
vn -1.69641e-13 1 4.51135e-14
vt -1.2242 6.49695
vt -1.19783 6.39505
f 1423/1368/292 1409/1369/293 1411/1370/270 1422/1371/291 

vt -0.393702 6.23955
vt -1.00366 6.23955
vt -0.9907 6.13765
v 1.98023 0.861327 -1.55977
vt -0.393702 6.13765
vn 0.5 0.866025 2.33287e-14
f 1410/1372/267 1409/1373/293 1423/1374/292 1424/1375/294 

vt -0.393702 17.3388
vt -0.9907 17.3388
v 1.98206 0.859497 -1.54485
vt -0.981214 17.2369
vn 0.856762 0.503225 -0.112795
v 1.98206 0.859497 -1.55977
vt -0.393702 17.2369
vn 0.866025 0.5 1.34526e-14
f 1424/1376/294 1423/1377/292 1425/1378/295 1426/1379/296 

vt -1.04285 17.4253
vt -1.03337 17.5272
vt -1.19783 17.5272
v 1.98295 0.859497 -1.54152
vt -1.17852 17.4253
vn 0.743358 0.513054 -0.429178
f 1425/1380/295 1423/1381/292 1422/1382/291 1427/1383/297 

vt -1.07106 17.8516
vt -1.05175 17.9535
vt -1.2028 17.9535
v 1.98497 0.859497 -1.5395
vt -1.18349 17.8516
vn 0.429178 0.513054 -0.743358
f 1427/1384/297 1422/1385/291 1421/1386/289 1428/1387/298 

vt -0.773977 18.2224
vt -0.754671 18.3243
vt -0.919134 18.3243
v 1.9883 0.859497 -1.53861
vt -0.909648 18.2224
vn 0.112795 0.503225 -0.856762
f 1428/1388/298 1421/1389/289 1420/1390/286 1429/1391/299 

vt -0.612996 18.3642
vt -0.60351 18.4661
vt -7.27051 18.4661
v 2.15716 0.859497 -1.53861
vt -7.26102 18.3642
vn -0.112795 0.503225 -0.856762
f 1429/1392/299 1420/1393/286 1419/1394/284 1430/1395/300 

vt -6.69607 19.6635
vt -6.68658 19.7654
vt -6.85105 19.7654
v 2.16049 0.859497 -1.5395
vt -6.83174 19.6635
vn -0.429178 0.513054 -0.743358
f 1430/1396/300 1419/1397/284 1418/1398/283 1431/1399/301 

vt -4.38428 21.7886
vt -4.36497 21.8905
vt -4.51602 21.8905
v 2.16251 0.859497 -1.54152
vt -4.49671 21.7886
vn -0.743358 0.513054 -0.429178
f 1431/1400/301 1418/1401/283 1417/1402/280 1432/1403/302 

vt -0.859422 22.8034
vt -0.840116 22.9053
vt -1.00458 22.9053
vt -0.995094 22.8034
f 1432/1404/302 1417/1405/280 1360/1406/211 1362/1407/213 

v 2.16191 0.856997 -1.54187
vt -0.866489 25.7414
vn -0.866025 -3.2315e-14 -0.5
vt -0.859422 25.8433
vt -0.995094 25.8433
vt -0.991622 25.7414
f 1433/1408/303 1432/1409/302 1362/1410/213 1364/1411/215 

v 2.16014 0.856997 -1.5401
vt -4.39134 25.3699
vn -0.5 -1.10322e-14 -0.866025
vt -4.38428 25.4718
vt -4.49671 25.4718
vt -4.48965 25.3699
f 1434/1412/304 1431/1413/301 1432/1414/302 1433/1415/303 

v 2.15707 0.856997 -1.53928
vt -6.69954 24.5921
vn -0.130526 4.42883e-15 -0.991445
vt -6.69607 24.694
vt -6.83174 24.694
vt -6.82467 24.5921
f 1435/1416/305 1430/1417/300 1431/1418/301 1434/1419/304 

vt -0.612996 24.2184
vt -7.26102 24.2184
vt -7.25755 24.1165
v 1.98839 0.856997 -1.53928
vt -0.616468 24.1165
vn 0.130526 1.26141e-14 -0.991445
f 1429/1420/299 1430/1421/300 1435/1422/305 1436/1423/306 

v 1.9883 0.854497 -1.53861
vt -0.612996 23.3932
vn 0.112795 -0.503225 -0.856762
vt -0.616468 23.4951
vn 0.130526 1.25996e-14 -0.991445
vt -7.25755 23.4951
vn -0.130526 4.41433e-15 -0.991445
v 2.15716 0.854497 -1.53861
vt -7.26102 23.3932
vn -0.112795 -0.503225 -0.856762
f 1437/1424/307 1436/1425/308 1435/1426/309 1438/1427/310 

v 1.98497 0.854497 -1.5395
vt -0.773977 23.4451
vn 0.429178 -0.513054 -0.743358
v 1.98532 0.856997 -1.5401
vt -0.781044 23.547
vn 0.5 2.0308e-14 -0.866025
vt -0.906176 23.547
vt -0.909648 23.4451
f 1439/1428/311 1440/1429/312 1436/1430/308 1437/1431/307 

v 1.98295 0.854497 -1.54152
vt -1.07106 23.5808
vn 0.743358 -0.513054 -0.429178
v 1.98355 0.856997 -1.54187
vt -1.07813 23.6827
vn 0.866025 2.1934e-14 -0.5
vt -1.17643 23.6827
vt -1.18349 23.5808
f 1441/1432/313 1442/1433/314 1440/1434/312 1439/1435/311 

v 1.98206 0.854497 -1.54485
vt -1.04285 23.7368
vn 0.856762 -0.503225 -0.112795
v 1.98273 0.856997 -1.54494
vt -1.04632 23.8387
vn 0.991445 1.64328e-14 -0.130526
vt -1.17146 23.8387
vt -1.17852 23.7368
f 1443/1436/315 1444/1437/316 1442/1438/314 1441/1439/313 

v 1.98206 0.854497 -1.55977
vt -0.393702 23.8058
vn 0.866025 -0.5 -1.35014e-14
v 1.98273 0.856997 -1.55977
vt -0.393702 23.9077
vn 1 1.33384e-14 -2.88385e-17
vt -0.977742 23.9077
vn 0.991445 1.64183e-14 -0.130526
vt -0.981214 23.8058
f 1445/1440/317 1446/1441/318 1444/1442/319 1443/1443/315 

vt -0.393702 23.7039
vt -0.977742 23.7039
f 1446/1444/318 1426/1440/296 1425/1443/295 1444/1445/319 

vt -1.04632 23.7729
vt -1.04285 23.8748
vt -1.17852 23.8748
vt -1.17146 23.7729
vn 0.866025 2.19489e-14 -0.5
f 1444/1446/319 1425/1447/295 1427/1448/297 1442/1449/320 

vt -1.07813 23.9289
vt -1.07106 24.0308
vt -1.18349 24.0308
vt -1.17643 23.9289
vn 0.5 2.03228e-14 -0.866025
f 1442/1450/320 1427/1451/297 1428/1452/298 1440/1453/321 

vt -0.781044 24.0646
vt -0.773977 24.1665
vt -0.909648 24.1665
vt -0.906176 24.0646
f 1440/1454/321 1428/1455/298 1429/1456/299 1436/1457/306 

vt -0.393702 17.6172
vt -0.981214 17.6172
v 1.98023 0.852667 -1.54461
vt -0.9907 17.5153
vn 0.492531 -0.867876 -0.064843
v 1.98023 0.852667 -1.55977
vt -0.393702 17.5153
vn 0.5 -0.866025 -2.33554e-14
f 1445/1458/317 1443/1459/315 1447/1460/322 1448/1461/323 

vt -1.03337 17.3269
vt -1.04285 17.4288
vt -1.17852 17.4288
v 1.98131 0.852667 -1.54058
vt -1.19783 17.3269
vn 0.421805 -0.873369 -0.243529
f 1447/1462/322 1443/1463/315 1441/1464/313 1449/1465/324 

vt -1.05175 16.9007
vt -1.07106 17.0026
vt -1.18349 17.0026
v 1.98403 0.852667 -1.53786
vt -1.2028 16.9007
vn 0.243529 -0.873369 -0.421805
f 1449/1466/324 1441/1467/313 1439/1468/311 1450/1469/325 

vt -0.754671 16.5298
vt -0.773977 16.6317
vt -0.909648 16.6317
v 1.98806 0.852667 -1.53678
vt -0.919134 16.5298
vn 0.064843 -0.867876 -0.492531
f 1450/1470/325 1439/1471/311 1437/1472/307 1451/1473/326 

vt -7.26102 16.4899
v 2.1574 0.852667 -1.53678
vt -7.27051 16.388
vn -0.064843 -0.867876 -0.492531
vt -0.60351 16.388
vt -0.612996 16.4899
f 1438/1474/310 1452/1475/327 1451/1476/326 1437/1477/307 

vt -6.68658 15.0887
vt -6.69607 15.1906
v 2.16049 0.854497 -1.5395
vt -6.83174 15.1906
vn -0.429178 -0.513054 -0.743358
v 2.16144 0.852667 -1.53786
vt -6.85105 15.0887
vn -0.243529 -0.873369 -0.421805
f 1452/1478/327 1438/1479/310 1453/1480/328 1454/1481/329 

vt -6.69607 22.9176
vt -6.69954 23.0195
vt -6.82467 23.0195
vt -6.83174 22.9176
f 1438/1482/310 1435/1483/309 1434/1484/304 1453/1485/328 

vt -4.38428 22.1398
vt -4.39134 22.2417
vt -4.48965 22.2417
vn -0.866025 -3.23299e-14 -0.5
v 2.16251 0.854497 -1.54152
vt -4.49671 22.1398
vn -0.743358 -0.513054 -0.429178
f 1453/1486/328 1434/1487/304 1433/1488/330 1455/1489/331 

vt -0.859422 21.7683
vt -0.866489 21.8702
vt -0.991622 21.8702
vt -0.995094 21.7683
f 1455/1490/331 1433/1491/330 1364/1492/218 1366/1493/217 

v 2.16415 0.852667 -1.54058
vt -0.840116 11.9488
vn -0.421805 -0.873369 -0.243529
vt -0.859422 12.0507
vt -0.995094 12.0507
vt -1.00458 11.9488
f 1456/1494/332 1455/1495/331 1366/1496/217 1368/1497/220 

vt -4.36497 12.9636
vt -4.38428 13.0655
vt -4.49671 13.0655
vt -4.51602 12.9636
f 1454/1498/329 1453/1499/328 1455/1500/331 1456/1501/332 

v 2.16273 0.851997 -1.53562
vt -4.3386 0.30026
vn -7.47981e-14 -1 -5.83317e-15
vt -4.36497 0.402157
vt -4.51602 0.402157
v 2.16639 0.851997 -1.53928
vt -4.54239 0.30026
vn 8.39467e-14 -1 -1.68098e-14
f 1457/1502/333 1454/1503/329 1456/1504/332 1458/1505/334 

v 2.15773 0.851997 -1.53428
vt -6.67362 3.20318
vn -1.72453e-13 -1 2.5071e-14
vt -6.68658 3.30508
vt -6.85105 3.30508
vt -6.87742 3.20318
f 1459/1506/335 1452/1507/327 1454/1508/329 1457/1509/333 

vt -7.27051 5.07995
vt -7.28347 4.97805
vn -1.72452e-13 -1 2.5071e-14
v 1.98773 0.851997 -1.53428
vt -0.590552 4.97805
vn 1.05513e-13 -1 -3.87949e-16
vt -0.60351 5.07995
f 1452/1510/327 1459/1511/336 1460/1512/337 1451/1513/326 

vt 7.28347 7.67754
vn -1.72452e-13 -1 2.50566e-14
vt 7.29642 7.77944
vt 0.577594 7.77944
vt 0.590552 7.67754
vn 1.05512e-13 -1 -3.87949e-16
f 1459/1514/338 1378/1515/231 1380/1516/233 1460/1517/339 

vt 6.66067 9.55432
vt 6.67362 9.45242
vn -1.72453e-13 -1 2.50638e-14
vt 6.87742 9.45242
vn -7.48016e-14 -1 -5.84036e-15
vt 6.90379 9.55432
f 1378/1518/231 1459/1519/340 1457/1520/341 1376/1521/229 

vt 4.31222 12.4572
vt 4.3386 12.3553
vn -7.48052e-14 -1 -5.84036e-15
vt 4.54239 12.3553
vt 4.56876 12.4572
f 1376/1522/229 1457/1523/342 1458/1524/334 1374/1525/227 

vt 0.78737 13.8435
vt 0.813743 13.7416
vn 8.39467e-14 -1 -1.68062e-14
vt 1.01754 13.7416
vn -1.61634e-13 -1 3.51533e-14
vt 1.0305 13.8435
f 1374/1526/227 1458/1527/343 1370/1528/344 1372/1529/224 

vt -0.813743 -1.08601
vn 8.39539e-14 -1 -1.68098e-14
vt -0.840116 -0.984112
vt -1.00458 -0.984112
vt -1.01754 -1.08601
f 1458/1530/345 1456/1531/332 1368/1532/220 1370/1533/344 

v 1.98144 0.852667 -1.53338
vt 0.701925 7.58581
vn -0.243529 -0.873369 0.421805
v 1.98273 0.851997 -1.53562
vt 0.728298 7.48391
vn 6.792e-14 -1 -3.92229e-14
vt 0.932092 7.48391
vt 0.94505 7.58581
f 1461/1534/346 1462/1535/347 1460/1536/339 1380/1537/233 

v 1.97683 0.852667 -1.53799
vt 0.999006 7.07918
vn -0.421805 -0.873369 0.243529
v 1.97907 0.851997 -1.53928
vt 1.02538 6.97728
vn 2.01695e-15 -1 -4.54152e-14
vt 1.22917 6.97728
vn 6.792e-14 -1 -3.92301e-14
vt 1.25555 7.07918
f 1463/1538/348 1464/1539/349 1462/1540/350 1461/1541/346 

v 1.97523 0.852667 -1.54395
vt 1.00745 6.49695
vn -0.492531 -0.867876 0.064843
v 1.97773 0.851997 -1.54428
vt 1.02041 6.39505
vn -1.06859e-13 -1 -8.80721e-15
vt 1.2242 6.39505
vn 2.01695e-15 -1 -4.5408e-14
vt 1.25058 6.49695
f 1465/1542/351 1466/1543/352 1464/1544/353 1463/1545/348 

v 1.97773 0.851997 -1.55977
vt 0.393702 6.13765
vn -2.57342e-13 -1 -2.69515e-14
vt 1.00366 6.13765
vn -1.06859e-13 -1 -8.80657e-15
vt 1.01662 6.23955
v 1.97523 0.852667 -1.55977
vt 0.393702 6.23955
vn -0.5 -0.866025 -2.33261e-14
f 1467/1546/354 1466/1547/355 1465/1548/351 1468/1549/356 

vt -0.393702 6.61984
vt -0.9907 6.61984
vt -1.00366 6.51794
vn -1.06859e-13 -1 -8.80702e-15
vt -0.393702 6.51794
f 1448/1550/323 1447/1551/322 1466/1552/357 1467/1553/354 

vt -1.02041 6.26055
vt -1.03337 6.36245
vt -1.19783 6.36245
vt -1.2242 6.26055
vn 2.01695e-15 -1 -4.54116e-14
f 1466/1554/352 1447/1555/322 1449/1556/324 1464/1557/358 

vt -1.02538 5.67831
vt -1.05175 5.78021
vt -1.2028 5.78021
vt -1.22917 5.67831
f 1464/1558/353 1449/1559/324 1450/1560/325 1462/1561/350 

vt -0.728298 5.17168
vn 6.79164e-14 -1 -3.92229e-14
vt -0.754671 5.27358
vt -0.919134 5.27358
vt -0.932092 5.17168
f 1462/1562/359 1450/1563/325 1451/1564/326 1460/1565/339 

vt 0.393702 17.2369
vt 1.01662 17.2369
vt 1.0261 17.3388
vt 0.393702 17.3388
f 1468/1566/356 1465/1567/351 1388/1568/241 1390/1569/244 

vt 0.997964 17.5272
vt 1.00745 17.4253
vt 1.25058 17.4253
vt 1.26988 17.5272
f 1388/1570/241 1465/1571/351 1463/1572/348 1386/1573/239 

vt 0.9797 17.9535
vt 0.999006 17.8516
vt 1.25555 17.8516
vt 1.27485 17.9535
f 1386/1574/239 1463/1575/348 1461/1576/346 1384/1577/237 

vt 0.682618 18.3243
vt 0.701925 18.2224
vt 0.94505 18.2224
vt 0.954536 18.3243
f 1384/1578/237 1461/1579/346 1380/1580/233 1379/1581/232 

g Mesh40 Group6 UC_091_1 Model

v 2.71251 0.859497 -1.54152
vt -6.46377 37.593
v 2.71415 0.861327 -1.54058
vt -6.44447 37.6949
v 2.71523 0.861327 -1.54461
vt -6.60893 37.6949
v 2.7134 0.859497 -1.54485
vt -6.59944 37.593
f 1469/1582/302 1470/1583/280 1471/1584/211 1472/1585/213 

v 2.71049 0.859497 -1.5395
vt -19.6956 32.6153
v 2.71144 0.861327 -1.53786
vt -19.6763 32.7172
vt -19.8274 32.7172
vt -19.8081 32.6153
f 1473/1586/301 1474/1587/283 1470/1588/280 1469/1589/302 

v 2.70716 0.859497 -1.53861
vt -27.6118 23.6264
v 2.7074 0.861327 -1.53678
vt -27.6023 23.7283
vt -27.7668 23.7283
vt -27.7475 23.6264
f 1475/1590/300 1476/1591/284 1474/1592/283 1473/1593/301 

v 2.5383 0.859497 -1.53861
vt -22.2665 18.3642
v 2.53806 0.861327 -1.53678
vt -22.2571 18.4661
vt -28.9241 18.4661
vt -28.9146 18.3642
f 1477/1594/299 1478/1595/286 1476/1596/284 1475/1597/300 

v 2.53497 0.859497 -1.5395
vt -21.6897 14.2596
v 2.53403 0.861327 -1.53786
vt -21.6704 14.3615
vt -21.8349 14.3615
vt -21.8254 14.2596
f 1479/1598/298 1480/1599/289 1478/1600/286 1477/1601/299 

v 2.53295 0.859497 -1.54152
vt -16.3824 7.0248
v 2.53131 0.861327 -1.54058
vt -16.3631 7.12669
vt -16.5142 7.12669
vt -16.4949 7.0248
f 1481/1602/297 1482/1603/291 1480/1604/289 1479/1605/298 

v 2.53206 0.859497 -1.54485
vt -6.6472 2.6357
v 2.53023 0.861327 -1.54461
vt -6.63772 2.73759
vt -6.80218 2.73759
vt -6.78287 2.6357
f 1483/1606/295 1484/1607/292 1482/1608/291 1481/1609/297 

v 2.53023 0.861327 -1.55977
vt -0.393702 2.02745
vn 0.5 0.866025 2.33286e-14
vt -0.9907 2.02745
vt -0.981214 1.92555
v 2.53206 0.859497 -1.55977
vt -0.393702 1.92555
vn 0.866025 0.5 1.34533e-14
f 1485/1610/360 1484/1611/292 1483/1612/295 1486/1613/361 

v 2.52773 0.861997 -1.55977
vt -0.393702 -14.6762
v 2.52773 0.861997 -1.54428
vt -1.00366 -14.6762
vt -0.9907 -14.7781
vt -0.393702 -14.7781
f 1487/1614/267 1488/1615/266 1484/1616/292 1485/1617/360 

v 2.52523 0.861327 -1.55977
vt 0.393702 27.4337
vn -0.5 0.866025 2.3355e-14
v 2.52523 0.861327 -1.54395
vt 1.01662 27.4337
vt 1.00366 27.5356
vt 0.393702 27.5356
f 1489/1618/362 1490/1619/264 1488/1620/266 1487/1621/267 

v 2.5234 0.859497 -1.55977
vt 0.393702 32.8267
vn -0.866025 0.5 1.35e-14
v 2.5234 0.859497 -1.54371
vt 1.0261 32.8267
vt 1.01662 32.9286
vt 0.393702 32.9286
f 1491/1622/363 1492/1623/246 1490/1624/264 1489/1625/362 

v 2.52273 0.856997 -1.54362
vt 1.02957 29.4102
vn -0.991445 -5.2806e-14 0.130526
vt 1.0261 29.5121
vt 0.393702 29.5121
v 2.52273 0.856997 -1.55977
vt 0.393702 29.4102
vn -1 -4.94004e-14 2.75993e-17
f 1493/1626/364 1492/1627/246 1491/1628/363 1494/1629/365 

vt 6.60231 29.2521
vt 6.59884 29.1502
v 2.52459 0.856997 -1.53669
vt 6.8813 29.1502
vn -0.866025 -5.92831e-14 0.5
v 2.52519 0.859497 -1.53704
vt 6.87423 29.2521
f 1492/1630/246 1493/1631/364 1495/1632/366 1496/1633/248 

vt 6.59884 18.4614
vn -0.991445 -5.27915e-14 0.130526
v 2.5234 0.854497 -1.54371
vt 6.60231 18.3595
v 2.52519 0.854497 -1.53704
vt 6.87423 18.3595
vt 6.8813 18.4614
f 1493/1634/367 1497/1635/241 1498/1636/239 1495/1637/366 

vt 1.0261 18.0996
vt 1.02957 18.2015
vt 0.393702 18.2015
v 2.5234 0.854497 -1.55977
vt 0.393702 18.0996
vn -0.866025 -0.5 -1.34536e-14
f 1497/1638/241 1493/1639/367 1494/1640/365 1499/1641/368 

v 2.52523 0.852667 -1.55977
vt 0.393702 1.92555
vn -0.5 -0.866025 -2.33295e-14
v 2.52523 0.852667 -1.54395
vt 1.01662 1.92555
vt 1.0261 2.02745
vt 0.393702 2.02745
f 1500/1642/369 1501/1643/351 1497/1644/241 1499/1645/368 

v 2.52773 0.851997 -1.55977
vt 0.393702 -14.7781
vn -2.57371e-13 -1 -2.69532e-14
v 2.52773 0.851997 -1.54428
vt 1.00366 -14.7781
vn -1.06873e-13 -1 -8.80366e-15
vt 1.01662 -14.6762
vt 0.393702 -14.6762
f 1502/1646/370 1503/1647/371 1501/1648/351 1500/1649/369 

v 2.53023 0.852667 -1.55977
vt -0.393702 27.5356
vn 0.5 -0.866025 -2.33572e-14
v 2.53023 0.852667 -1.54461
vt -0.9907 27.5356
vt -1.00366 27.4337
vt -0.393702 27.4337
f 1504/1650/372 1505/1651/322 1503/1652/371 1502/1653/370 

v 2.53206 0.854497 -1.55977
vt -0.393702 32.9286
vn 0.866025 -0.5 -1.35032e-14
v 2.53206 0.854497 -1.54485
vt -0.981214 32.9286
vt -0.9907 32.8267
vt -0.393702 32.8267
f 1506/1654/373 1507/1655/315 1505/1656/322 1504/1657/372 

vt -0.393702 29.4102
v 2.53273 0.856997 -1.55977
vt -0.393702 29.5121
vn 1 1.33384e-14 -2.82095e-17
v 2.53273 0.856997 -1.54494
vt -0.977742 29.5121
vt -0.981214 29.4102
f 1506/1658/373 1508/1659/374 1509/1660/319 1507/1661/315 

vt -0.393702 18.0996
vt -0.393702 18.2015
vt -0.981214 18.2015
vt -0.977742 18.0996
vn 0.991445 1.63893e-14 -0.130526
f 1508/1662/374 1486/1663/361 1483/1664/295 1509/1665/375 

vt -6.65067 18.3595
vn 0.991445 1.64038e-14 -0.130526
vt -6.6472 18.4614
vt -6.78287 18.4614
v 2.53355 0.856997 -1.54187
vt -6.77581 18.3595
f 1509/1666/376 1483/1667/295 1481/1668/297 1510/1669/314 

vt -16.3895 19.966
vt -16.3824 20.0679
vt -16.4949 20.0679
v 2.53532 0.856997 -1.5401
vt -16.4878 19.966
f 1510/1670/314 1481/1671/297 1479/1672/298 1511/1673/312 

vt -21.6968 22.6141
vt -21.6897 22.716
vt -21.8254 22.716
v 2.53839 0.856997 -1.53928
vt -21.8219 22.6141
f 1511/1674/312 1479/1675/298 1477/1676/299 1512/1677/308 

vt -22.2665 24.2184
vt -28.9146 24.2184
v 2.70707 0.856997 -1.53928
vt -28.9111 24.1165
vt -22.27 24.1165
f 1477/1678/299 1475/1679/300 1513/1680/305 1512/1681/308 

vt -27.6153 26.0426
vt -27.6118 26.1445
vt -27.7475 26.1445
v 2.71014 0.856997 -1.5401
vt -27.7404 26.0426
f 1513/1682/305 1475/1683/300 1473/1684/301 1514/1685/304 

vt -19.7027 29.3328
vt -19.6956 29.4347
vt -19.8081 29.4347
v 2.71191 0.856997 -1.54187
vt -19.801 29.3328
vn -0.866025 -3.23448e-14 -0.5
f 1514/1686/304 1473/1687/301 1469/1688/302 1515/1689/377 

vt -6.47084 31.1548
vt -6.46377 31.2567
vt -6.59944 31.2567
v 2.71273 0.856997 -1.54494
vt -6.59597 31.1548
f 1515/1690/330 1469/1691/302 1472/1692/213 1516/1693/218 

v 2.71273 0.856997 -1.55977
vt 0.393702 31.3462
vn -1 -4.91706e-14 2.86633e-17
vt 0.977742 31.3462
vt 0.981214 31.4481
v 2.7134 0.859497 -1.55977
vt 0.393702 31.4481
vn -0.866025 0.5 -1.05643e-14
f 1517/1694/378 1516/1695/218 1472/1696/213 1518/1697/379 

v 2.7134 0.854497 -1.55977
vt 0.393702 16.1635
vn -0.866025 -0.5 1.06107e-14
v 2.7134 0.854497 -1.54485
vt 0.981214 16.1635
vt 0.977742 16.2654
vt 0.393702 16.2654
f 1519/1698/380 1520/1699/217 1516/1700/218 1517/1701/378 

v 2.71523 0.852667 -1.55977
vt 0.393702 -3.36383
v 2.71523 0.852667 -1.54461
vt 0.9907 -3.36383
vt 0.981214 -3.26193
vt 0.393702 -3.26193
f 1521/1702/219 1522/1703/220 1520/1704/217 1519/1705/380 

v 2.71773 0.851997 -1.55977
vt 0.393702 -22.0035
vn -2.60302e-13 -1 1.96432e-14
v 2.71773 0.851997 -1.54428
vt 1.00366 -22.0035
vn -1.61641e-13 -1 3.51404e-14
vt 0.9907 -21.9016
vt 0.393702 -21.9016
f 1523/1706/381 1524/1707/382 1522/1708/220 1521/1709/219 

v 2.72023 0.852667 -1.55977
vt -0.393702 34.761
vn 0.5 -0.866025 1.62688e-14
v 2.72023 0.852667 -1.54395
vt -1.01662 34.761
vt -1.00366 34.6591
vt -0.393702 34.6591
f 1525/1710/383 1526/1711/224 1524/1712/382 1523/1713/381 

vt -0.393702 38.1161
v 2.72206 0.854497 -1.55977
vt -0.393702 38.218
vn 0.866025 -0.5 9.07795e-15
v 2.72206 0.854497 -1.54371
vt -1.0261 38.218
vt -1.01662 38.1161
f 1525/1714/383 1527/1715/384 1528/1716/203 1526/1717/224 

vt -0.393702 31.3462
v 2.72273 0.856997 -1.55977
vt -0.393702 31.4481
vn 1 1.31085e-14 -2.79119e-17
v 2.72273 0.856997 -1.54362
vt -1.02957 31.4481
vn 0.991445 9.2517e-15 0.130526
vt -1.0261 31.3462
f 1527/1718/384 1529/1719/385 1530/1720/386 1528/1721/203 

vt -0.393702 16.1635
v 2.72206 0.859497 -1.55977
vt -0.393702 16.2654
vn 0.866025 0.5 -9.12656e-15
v 2.72206 0.859497 -1.54371
vt -1.0261 16.2654
vt -1.02957 16.1635
vn 0.991445 9.26619e-15 0.130526
f 1529/1722/385 1531/1723/387 1532/1724/205 1530/1725/388 

vt -0.393702 -3.36383
v 2.72023 0.861327 -1.55977
vt -0.393702 -3.26193
vn 0.5 0.866025 -1.6296e-14
v 2.72023 0.861327 -1.54395
vt -1.01662 -3.26193
vt -1.0261 -3.36383
f 1531/1726/387 1533/1727/389 1534/1728/207 1532/1729/205 

v 2.71773 0.861997 -1.55977
vt -0.393702 -21.9016
vn -3.17236e-13 1 -1.96424e-14
v 2.71773 0.861997 -1.54428
vt -1.00366 -21.9016
vn -2.21464e-13 1 4.24508e-14
vt -1.01662 -22.0035
vt -0.393702 -22.0035
f 1535/1730/390 1536/1731/391 1534/1732/207 1533/1733/389 

v 2.71523 0.861327 -1.55977
vt 0.393702 34.6591
vn -0.5 0.866025 -1.7755e-14
vt 0.9907 34.6591
vt 1.00366 34.761
vt 0.393702 34.761
f 1537/1734/392 1471/1735/211 1536/1736/391 1535/1737/390 

vt 0.393702 38.1161
vt 0.981214 38.1161
vt 0.9907 38.218
vt 0.393702 38.218
f 1518/1738/379 1472/1739/213 1471/1740/211 1537/1741/392 

vt -6.44447 33.9446
v 2.71639 0.861997 -1.53928
vt -6.41809 34.0465
vn 2.12294e-14 1 3.7057e-14
vt -6.62189 34.0465
vn -2.21471e-13 1 4.24483e-14
vt -6.60893 33.9446
f 1470/1742/280 1538/1743/393 1536/1744/394 1471/1745/211 

vt -19.6763 27.145
v 2.71273 0.861997 -1.53562
vt -19.65 27.2469
vt -19.8538 27.2469
vn 2.12294e-14 1 3.70534e-14
vt -19.8274 27.145
f 1474/1746/283 1539/1747/276 1538/1748/395 1470/1749/280 

vt -27.6023 14.8658
v 2.70773 0.861997 -1.53428
vt -27.5893 14.9677
vn -2.39409e-13 1 7.90204e-14
vt -27.7931 14.9677
vn -1.37533e-13 1 4.80588e-14
vt -27.7668 14.8658
f 1476/1750/284 1540/1751/396 1539/1752/397 1474/1753/283 

vt -22.2571 7.67754
v 2.53773 0.861997 -1.53428
vt -22.2441 7.77944
vt -28.937 7.77944
vt -28.9241 7.67754
f 1478/1754/286 1541/1755/287 1540/1756/396 1476/1757/284 

vt -21.6704 2.07053
v 2.53273 0.861997 -1.53562
vt -21.644 2.17243
vt -21.8478 2.17243
vt -21.8349 2.07053
f 1480/1758/289 1542/1759/271 1541/1760/290 1478/1761/286 

vt -16.3631 -7.81236
v 2.52907 0.861997 -1.53928
vt -16.3367 -7.71047
vt -16.5405 -7.71047
vt -16.5142 -7.81236
f 1482/1762/291 1543/1763/270 1542/1764/271 1480/1765/289 

vt -6.63772 -13.808
vt -6.62476 -13.7061
vn -1.69626e-13 1 4.51135e-14
vt -6.82855 -13.7061
vt -6.80218 -13.808
f 1484/1766/292 1488/1767/398 1543/1768/270 1482/1769/291 

vt 6.62476 26.5655
vt 6.6118 26.4636
v 2.52683 0.861327 -1.53799
vt 6.85493 26.4636
vt 6.82855 26.5655
vn -6.07075e-14 1 8.50909e-15
f 1488/1770/268 1490/1771/264 1544/1772/263 1543/1773/399 

vt 6.6118 32.2184
vt 6.60231 32.1165
vt 6.87423 32.1165
vt 6.85493 32.2184
f 1490/1774/264 1492/1775/246 1496/1776/248 1544/1777/263 

vt 16.3104 27.8293
vt 16.2911 27.7274
v 2.53049 0.859497 -1.53174
vt 16.5862 27.7274
v 2.53144 0.861327 -1.53338
vt 16.5669 27.8293
f 1544/1778/263 1496/1779/248 1545/1780/249 1546/1781/262 

vt 16.2911 27.6456
vt 16.284 27.5437
v 2.53014 0.856997 -1.53114
vt 16.5933 27.5437
vt 16.5862 27.6456
f 1496/1782/248 1495/1783/366 1547/1784/250 1545/1785/249 

vt 16.284 20.0679
vt 16.2911 19.966
v 2.53049 0.854497 -1.53174
vt 16.5862 19.966
vt 16.5933 20.0679
f 1495/1786/366 1498/1787/239 1548/1788/237 1547/1789/250 

vt 16.2911 7.12669
v 2.52683 0.852667 -1.53799
vt 16.3104 7.0248
v 2.53144 0.852667 -1.53338
vt 16.5669 7.0248
vt 16.5862 7.12669
f 1498/1790/239 1549/1791/348 1550/1792/346 1548/1793/237 

vt 6.60231 2.73759
vt 6.6118 2.6357
vt 6.85493 2.6357
vt 6.87423 2.73759
f 1497/1794/241 1501/1795/351 1549/1796/348 1498/1797/239 

vt 6.6118 -13.7061
vt 6.62476 -13.808
vn -1.06873e-13 -1 -8.80362e-15
v 2.52907 0.851997 -1.53928
vt 6.82855 -13.808
vn 2.01695e-15 -1 -4.54044e-14
vt 6.85493 -13.7061
f 1501/1798/351 1503/1799/400 1551/1800/401 1549/1801/348 

vt -6.62476 26.4636
vn -1.06888e-13 -1 -8.80362e-15
vt -6.63772 26.5655
v 2.53131 0.852667 -1.54058
vt -6.80218 26.5655
vt -6.82855 26.4636
vn 2.01695e-15 -1 -4.54008e-14
f 1503/1802/402 1505/1803/322 1552/1804/324 1551/1805/403 

vt -6.63772 32.1165
vt -6.6472 32.2184
v 2.53295 0.854497 -1.54152
vt -6.78287 32.2184
vt -6.80218 32.1165
f 1505/1806/322 1507/1807/315 1553/1808/313 1552/1809/324 

vt -6.6472 29.1502
vt -6.65067 29.2521
vt -6.77581 29.2521
vn 0.866025 2.19192e-14 -0.5
vt -6.78287 29.1502
f 1507/1810/315 1509/1811/319 1510/1812/404 1553/1813/313 

vt -16.3824 27.5437
vt -16.3895 27.6456
vt -16.4878 27.6456
v 2.53497 0.854497 -1.5395
vt -16.4949 27.5437
f 1553/1814/313 1510/1815/404 1511/1816/312 1554/1817/311 

vt -21.6897 24.8956
vt -21.6968 24.9975
vt -21.8219 24.9975
v 2.5383 0.854497 -1.53861
vt -21.8254 24.8956
f 1554/1818/311 1511/1819/321 1512/1820/308 1555/1821/307 

vt -22.2665 23.3932
vt -22.27 23.4951
vt -28.9111 23.4951
v 2.70716 0.854497 -1.53861
vt -28.9146 23.3932
f 1555/1822/307 1512/1823/308 1513/1824/309 1556/1825/310 

vt -27.6118 21.4671
vt -27.6153 21.569
vt -27.7404 21.569
v 2.71049 0.854497 -1.5395
vt -27.7475 21.4671
f 1556/1826/310 1513/1827/309 1514/1828/304 1557/1829/328 

vt -19.6956 18.1769
vt -19.7027 18.2788
vn -0.5 -1.10174e-14 -0.866025
vt -19.801 18.2788
v 2.71251 0.854497 -1.54152
vt -19.8081 18.1769
f 1557/1830/328 1514/1831/405 1515/1832/377 1558/1833/331 

vt -6.46377 16.3549
vt -6.47084 16.4568
vt -6.59597 16.4568
vt -6.59944 16.3549
f 1558/1834/331 1515/1835/377 1516/1836/218 1520/1837/217 

v 2.71415 0.852667 -1.54058
vt -6.44447 -2.84082
vt -6.46377 -2.73892
vt -6.59944 -2.73892
vt -6.60893 -2.84082
f 1559/1838/332 1558/1839/331 1520/1840/217 1522/1841/220 

v 2.71144 0.852667 -1.53786
vt -19.6763 2.13688
vt -19.6956 2.23877
vt -19.8081 2.23877
vt -19.8274 2.13688
f 1560/1842/329 1557/1843/328 1558/1844/331 1559/1845/332 

v 2.7074 0.852667 -1.53678
vt -27.6023 11.1259
vt -27.6118 11.2278
vt -27.7475 11.2278
vt -27.7668 11.1259
f 1561/1846/327 1556/1847/310 1557/1848/328 1560/1849/329 

vt -28.9146 16.4899
vt -28.9241 16.388
v 2.53806 0.852667 -1.53678
vt -22.2571 16.388
vt -22.2665 16.4899
f 1556/1850/310 1561/1851/327 1562/1852/326 1555/1853/307 

vt -28.9241 5.07995
v 2.70773 0.851997 -1.53428
vt -28.937 4.97805
vn -1.7246e-13 -1 2.50566e-14
v 2.53773 0.851997 -1.53428
vt -22.2441 4.97805
vn 1.05513e-13 -1 -4.02316e-16
vt -22.2571 5.07995
f 1561/1854/327 1563/1855/406 1564/1856/407 1562/1857/326 

vt -27.5893 -2.21021
vn -1.7246e-13 -1 2.50638e-14
vt -27.6023 -2.10831
vt -27.7668 -2.10831
v 2.71273 0.851997 -1.53562
vt -27.7931 -2.21021
vn -7.48124e-14 -1 -5.83317e-15
f 1563/1858/408 1561/1859/327 1560/1860/329 1565/1861/409 

vt -19.65 -14.4894
vt -19.6763 -14.3875
vt -19.8274 -14.3875
v 2.71639 0.851997 -1.53928
vt -19.8538 -14.4894
vn 8.39395e-14 -1 -1.68242e-14
f 1565/1862/409 1560/1863/329 1559/1864/332 1566/1865/410 

vt -6.41809 -21.289
vt -6.44447 -21.1871
vt -6.60893 -21.1871
vt -6.62189 -21.289
vn -1.61641e-13 -1 3.51425e-14
f 1566/1866/410 1559/1867/332 1522/1868/220 1524/1869/411 

v 2.71863 0.852667 -1.53799
vt 6.39172 34.0465
vt 6.41809 33.9446
vn 8.39467e-14 -1 -1.68206e-14
vt 6.62189 33.9446
vn -1.61634e-13 -1 3.51425e-14
vt 6.63485 34.0465
f 1567/1870/227 1566/1871/412 1524/1872/413 1526/1873/224 

v 2.71403 0.852667 -1.53338
vt 19.6236 27.2469
vt 19.65 27.145
vn -7.48196e-14 -1 -5.84036e-15
vt 19.8538 27.145
vn 8.39467e-14 -1 -1.68242e-14
vt 19.8801 27.2469
f 1568/1874/229 1565/1875/414 1566/1876/415 1567/1877/227 

v 2.70806 0.852667 -1.53178
vt 27.5764 14.9677
vt 27.5893 14.8658
vn -1.7246e-13 -1 2.50782e-14
vt 27.7931 14.8658
vn -7.4816e-14 -1 -5.84036e-15
vt 27.8195 14.9677
f 1569/1878/231 1563/1879/416 1565/1880/417 1568/1881/229 

vt 28.937 7.67754
vn -1.7246e-13 -1 2.50854e-14
vt 28.95 7.77944
v 2.5374 0.852667 -1.53178
vt 22.2311 7.77944
vt 22.2441 7.67754
f 1563/1882/418 1569/1883/231 1570/1884/233 1564/1885/339 

vt 28.95 18.3642
v 2.7083 0.854497 -1.52995
vt 28.9595 18.4661
v 2.53716 0.854497 -1.52995
vt 22.2217 18.4661
vt 22.2311 18.3642
f 1569/1886/231 1571/1887/230 1572/1888/232 1570/1889/233 

vt 27.5669 23.7283
vt 27.5764 23.6264
vt 27.8195 23.6264
v 2.71497 0.854497 -1.53174
vt 27.8388 23.7283
f 1571/1890/230 1569/1891/231 1568/1892/229 1573/1893/228 

vt 19.6043 32.7172
vt 19.6236 32.6153
vt 19.8801 32.6153
v 2.72027 0.854497 -1.53704
vt 19.8994 32.7172
f 1573/1894/228 1568/1895/229 1567/1896/227 1574/1897/226 

vt 6.37241 37.6949
vt 6.39172 37.593
vt 6.63485 37.593
vt 6.64433 37.6949
f 1574/1898/226 1567/1899/227 1526/1900/224 1528/1901/203 

v 2.72087 0.856997 -1.53669
vt 6.36535 31.2567
vn 0.866025 -5.04888e-15 0.5
vt 6.37241 31.1548
vt 6.64433 31.1548
vt 6.6478 31.2567
vn 0.991445 9.2372e-15 0.130526
f 1575/1902/419 1574/1903/226 1528/1904/203 1530/1905/420 

v 2.71532 0.856997 -1.53114
vt 19.5972 29.4347
vn 0.5 -2.63763e-14 0.866025
vt 19.6043 29.3328
vt 19.8994 29.3328
vt 19.9065 29.4347
f 1576/1906/421 1573/1907/228 1574/1908/226 1575/1909/419 

v 2.70839 0.856997 -1.52928
vt 27.5634 26.1445
vn 0.130526 -4.0831e-14 0.991445
vt 27.5669 26.0426
vt 27.8388 26.0426
vt 27.8459 26.1445
f 1577/1910/422 1571/1911/230 1573/1912/228 1576/1913/421 

v 2.53707 0.856997 -1.52928
vt 22.2182 24.2184
vn -0.130526 -4.90018e-14 0.991445
vt 22.2217 24.1165
vt 28.9595 24.1165
vt 28.9629 24.2184
vn 0.130526 -4.08165e-14 0.991445
f 1578/1914/423 1572/1915/232 1571/1916/230 1577/1917/424 

vt 21.5913 22.716
vt 21.5983 22.6141
vt 21.8703 22.6141
vt 21.8737 22.716
f 1547/1918/250 1548/1919/237 1572/1920/232 1578/1921/423 

vt 21.5983 14.3615
vt 21.6176 14.2596
vt 21.8608 14.2596
vt 21.8703 14.3615
f 1548/1922/237 1550/1923/346 1570/1924/233 1572/1925/232 

vt 21.6176 2.17243
v 2.53273 0.851997 -1.53562
vt 21.644 2.07053
vn 6.79164e-14 -1 -3.92372e-14
vt 21.8478 2.07053
vt 21.8608 2.17243
f 1550/1926/346 1579/1927/425 1564/1928/339 1570/1929/233 

vt 16.3104 -7.71047
vt 16.3367 -7.81236
vt 16.5405 -7.81236
vt 16.5669 -7.71047
f 1549/1930/348 1551/1931/403 1579/1932/350 1550/1933/346 

vt -16.3367 20.468
vt -16.3631 20.5699
v 2.53403 0.852667 -1.53786
vt -16.5142 20.5699
vt -16.5405 20.468
f 1551/1934/403 1552/1935/324 1580/1936/325 1579/1937/350 

vt -16.3631 27.7274
vt -16.3824 27.8293
vt -16.4949 27.8293
vt -16.5142 27.7274
f 1552/1938/324 1553/1939/313 1554/1940/311 1580/1941/325 

vt -21.6704 20.4927
vt -21.6897 20.5945
vt -21.8254 20.5945
vt -21.8349 20.4927
f 1580/1942/325 1554/1943/311 1555/1944/307 1562/1945/326 

vt -21.644 10.5851
vt -21.6704 10.687
vt -21.8349 10.687
vt -21.8478 10.5851
vn 1.05512e-13 -1 -4.02316e-16
f 1579/1946/359 1580/1947/325 1562/1948/326 1564/1949/426 

vt 21.5983 24.9975
vt 21.5913 24.8956
vt 21.8737 24.8956
v 2.53716 0.859497 -1.52995
vt 21.8703 24.9975
f 1545/1950/249 1547/1951/250 1578/1952/423 1581/1953/251 

vt 22.2182 23.3932
vt 28.9629 23.3932
vn 0.130526 -4.08455e-14 0.991445
v 2.7083 0.859497 -1.52995
vt 28.9595 23.4951
vt 22.2217 23.4951
f 1578/1954/423 1577/1955/427 1582/1956/252 1581/1957/251 

vt 27.5669 21.569
vt 27.5634 21.4671
vt 27.8459 21.4671
v 2.71497 0.859497 -1.53174
vt 27.8388 21.569
f 1582/1958/252 1577/1959/427 1576/1960/421 1583/1961/255 

vt 19.6043 18.2788
vt 19.5972 18.1769
vt 19.9065 18.1769
v 2.72027 0.859497 -1.53704
vt 19.8994 18.2788
f 1583/1962/255 1576/1963/421 1575/1964/419 1584/1965/257 

vt 6.37241 16.4568
vt 6.36535 16.3549
vt 6.6478 16.3549
vt 6.64433 16.4568
f 1584/1966/257 1575/1967/256 1530/1968/388 1532/1969/205 

v 2.71863 0.861327 -1.53799
vt 6.39172 -2.73892
vt 6.37241 -2.84082
vt 6.64433 -2.84082
vt 6.63485 -2.73892
f 1585/1970/259 1584/1971/257 1532/1972/205 1534/1973/207 

v 2.71403 0.861327 -1.53338
vt 19.6236 2.23877
vt 19.6043 2.13688
vt 19.8994 2.13688
vt 19.8801 2.23877
f 1586/1974/258 1583/1975/255 1584/1976/257 1585/1977/259 

v 2.70806 0.861327 -1.53178
vt 27.5764 11.2278
vt 27.5669 11.1259
vt 27.8388 11.1259
vt 27.8195 11.2278
f 1587/1978/260 1582/1979/252 1583/1980/255 1586/1981/258 

v 2.5374 0.861327 -1.53178
vt 22.2311 16.4899
vt 22.2217 16.388
vt 28.9595 16.388
vt 28.95 16.4899
f 1588/1982/261 1581/1983/251 1582/1984/252 1587/1985/260 

vt 21.6176 20.5945
vt 21.5983 20.4927
vt 21.8703 20.4927
vt 21.8608 20.5945
f 1546/1986/262 1545/1987/249 1581/1988/251 1588/1989/261 

vt 21.644 10.687
vt 21.6176 10.5851
vt 21.8608 10.5851
vt 21.8478 10.687
f 1542/1990/271 1546/1991/262 1588/1992/261 1541/1993/272 

vt 16.3367 20.5699
vt 16.3104 20.468
vt 16.5669 20.468
vt 16.5405 20.5699
f 1543/1994/270 1544/1995/263 1546/1996/262 1542/1997/271 

vt 22.2441 5.07995
vt 22.2311 4.97805
vt 28.95 4.97805
vt 28.937 5.07995
f 1541/1998/272 1588/1999/261 1587/2000/260 1540/2001/396 

vt 27.5893 -2.10831
vn -2.39409e-13 1 7.90276e-14
vt 27.5764 -2.21021
vt 27.8195 -2.21021
vt 27.7931 -2.10831
vn -1.3753e-13 1 4.8066e-14
f 1540/2002/428 1587/2003/260 1586/2004/258 1539/2005/429 

vt 19.65 -14.3875
vt 19.6236 -14.4894
vt 19.8801 -14.4894
vt 19.8538 -14.3875
f 1539/2006/429 1586/2007/258 1585/2008/259 1538/2009/395 

vt 6.41809 -21.1871
vt 6.39172 -21.289
vt 6.63485 -21.289
vt 6.62189 -21.1871
vn -2.21457e-13 1 4.24483e-14
f 1538/2010/393 1585/2011/259 1534/2012/207 1536/2013/430 

g Mesh41 Group7 UC_091_1 Model

usemtl Tool_Base
v 2.72273 0.737991 -1.56977
vt 21.4746 17.7887
vn 2.33997e-08 -0.707107 0.707107
v 2.72273 0.757991 -1.54977
vt 21.4746 18.9023
v 1.97273 0.757991 -1.54977
vt 4.5143e-09 18.9023
v 1.97273 0.737991 -1.56977
vt 9.53325e-14 17.7887
f 1589/2014/431 1590/2015/431 1591/2016/431 1592/2017/431 

vt 4.51423e-09 25.9445
vn 3.30923e-08 -2.69532e-14 1
vt 21.4746 25.9445
v 2.72273 0.79899 -1.54977
vt 21.4746 27.5586
v 1.97273 0.79899 -1.54977
vt 4.51537e-09 27.5586
f 1591/2018/432 1590/2019/432 1593/2020/432 1594/2021/432 

g Mesh42 Group7 UC_091_1 Model

v 2.72273 0.595993 -1.56977
vt 21.4746 13.8357
v 2.72273 0.615993 -1.54977
vt 21.4746 14.9492
v 1.97273 0.615993 -1.54977
vt 4.5143e-09 14.9492
v 1.97273 0.595993 -1.56977
vt 9.53325e-14 13.8357
f 1595/2022/431 1596/2023/431 1597/2024/431 1598/2025/431 

vt 4.51423e-09 20.354
vt 21.4746 20.354
v 2.72273 0.656992 -1.54977
vt 21.4746 21.9681
v 1.97273 0.656992 -1.54977
vt 4.51537e-09 21.9681
f 1597/2026/432 1596/2027/432 1599/2028/432 1600/2029/432 

g Mesh43 Group7 UC_091_1 Model

v 2.72273 0.666992 -1.56977
vt 21.4746 15.8122
v 2.72273 0.686992 -1.54977
vt 21.4746 16.9258
v 1.97273 0.686992 -1.54977
vt 4.51431e-09 16.9258
v 1.97273 0.666992 -1.56977
vt 1.07642e-13 15.8122
f 1601/2030/431 1602/2031/431 1603/2032/431 1604/2033/431 

vt 4.51424e-09 23.1492
vt 21.4746 23.1492
v 2.72273 0.727991 -1.54977
vt 21.4746 24.7634
v 1.97273 0.727991 -1.54977
vt 4.51538e-09 24.7634
f 1603/2034/432 1602/2035/432 1605/2036/432 1606/2037/432 

g Mesh44 Group7 UC_091_1 Model

v 1.97273 0.585993 -1.54977
vt 4.51537e-09 19.1729
vn 3.30923e-08 -1.64536e-07 1
v 1.97273 0.473995 -1.54977
vt -1.88655e-09 14.7636
v 2.72273 0.473995 -1.54977
vt 21.4746 14.7636
v 2.72273 0.585993 -1.54977
vt 21.4746 19.1729
f 1607/2038/433 1608/2039/433 1609/2040/433 1610/2041/433 

v 2.72273 0.453995 -1.56977
vt 21.4746 9.88263
vt 21.4746 10.9962
vt -1.88648e-09 10.9962
v 1.97273 0.453995 -1.56977
vt -6.40068e-09 9.88263
f 1611/2042/431 1609/2043/431 1608/2044/431 1612/2045/431 

g Mesh45 Group7 UC_091_1 Model

v 1.97273 0.19 -1.54977
vt -1.88623e-09 3.58263
v 2.72273 0.19 -1.54977
vt 21.4746 3.58263
v 2.72273 0.443995 -1.54977
vt 21.4746 13.5824
v 1.97273 0.443995 -1.54977
vt -1.88498e-09 13.5824
f 1613/2046/432 1614/2047/432 1615/2048/432 1616/2049/432 

v 2.72273 0.17 -1.56977
vt 21.4746 1.97653
vt 21.4746 3.09008
vt -1.88616e-09 3.09008
v 1.97273 0.17 -1.56977
vt -6.40036e-09 1.97653
f 1617/2050/431 1614/2051/431 1613/2052/431 1618/2053/431 

