mtllib materials.mtl
v -0.3004447 -0.01031256 -0.0004446507
v 0.2395552 0.01968741 0.05151695
v 0.2395552 -0.01031256 0.05955547
v 0.2395552 0.04164898 0.02955544
v 0.2395552 0.0496875 -0.0004445314
v 0.2395552 0.04164898 -0.03044456
v 0.2395552 0.01968741 -0.05240607
v 0.2395552 -0.01031256 -0.06044453
v 0.2395552 -0.04031253 -0.05240607
v 0.2395552 -0.0622741 -0.03044456
v 0.2395552 -0.0703125 -0.0004445314
v 0.2395552 -0.0622741 0.02955544
v 0.2395552 -0.04031253 0.05151701
v 0.2531121 0.0796876 0.003112137
v 0.2249732 0.0739584 0.0193581
v 0.2206202 0.0739584 0.003112137
v 0.2368661 0.0739584 0.03125095
v 0.2531121 0.0739584 0.03560406
v 0.269358 0.0739584 0.03125095
v 0.281251 0.0739584 0.0193581
v 0.285604 0.0739584 0.003112137
v 0.281251 0.0739584 -0.01313382
v 0.269358 0.0739584 -0.02502668
v 0.2531121 0.0739584 -0.02937979
v 0.2368661 0.0739584 -0.02502668
v 0.2249732 0.0739584 -0.01313382
v 0.2002283 0.05746186 0.03364456
v 0.1920472 0.05746186 0.003112137
v 0.2225796 0.05746186 0.05599588
v 0.2531121 0.05746186 0.06417698
v 0.2836446 0.05746186 0.05599588
v 0.3059958 0.05746186 0.03364456
v 0.3141769 0.05746186 0.003112137
v 0.3059958 0.05746186 -0.02742028
v 0.2836446 0.05746186 -0.04977161
v 0.2531121 0.05746186 -0.0579527
v 0.2225796 0.05746186 -0.04977161
v 0.2002283 0.05746186 -0.02742028
v 0.181862 0.03218758 0.04424834
v 0.1708397 0.03218758 0.003112137
v 0.2119758 0.03218758 0.07436216
v 0.2531121 0.03218758 0.08538458
v 0.2942483 0.03218758 0.07436216
v 0.3243622 0.03218758 0.0442484
v 0.3353845 0.03218758 0.003112137
v 0.3243622 0.03218758 -0.03802413
v 0.2942483 0.03218758 -0.06813788
v 0.2531121 0.03218758 -0.07916033
v 0.2119758 0.03218758 -0.06813788
v 0.181862 0.03218758 -0.03802407
v 0.1720896 0.001184106 0.04989052
v 0.1595553 0.001184106 0.003112137
v 0.2063336 0.001184106 0.0841347
v 0.2531121 0.001184106 0.09666893
v 0.2998905 0.001184106 0.0841347
v 0.3341346 0.001184106 0.04989052
v 0.3466688 0.001184106 0.003112137
v 0.3341346 0.001184106 -0.0436663
v 0.2998905 0.001184106 -0.07791042
v 0.2531121 0.001184106 -0.09044462
v 0.2063336 0.001184106 -0.07791042
v 0.1720895 0.001184106 -0.04366624
v 0.1720896 -0.03180897 0.04989052
v 0.1595553 -0.03180897 0.003112137
v 0.2063336 -0.03180897 0.0841347
v 0.2531121 -0.03180897 0.0966689
v 0.2998905 -0.03180897 0.08413467
v 0.3341346 -0.03180897 0.04989052
v 0.3466688 -0.03180897 0.003112137
v 0.3341346 -0.03180897 -0.04366624
v 0.2998904 -0.03180897 -0.07791042
v 0.2531121 -0.03180897 -0.09044462
v 0.2063338 -0.03180897 -0.07791042
v 0.1720896 -0.03180897 -0.04366624
v 0.181862 -0.06281245 0.04424834
v 0.1708397 -0.06281245 0.003112137
v 0.2119758 -0.06281245 0.07436216
v 0.2531121 -0.06281245 0.08538458
v 0.2942483 -0.06281245 0.07436216
v 0.3243622 -0.06281245 0.04424834
v 0.3353845 -0.06281245 0.003112137
v 0.3243622 -0.06281245 -0.03802413
v 0.2942483 -0.06281245 -0.06813788
v 0.2531121 -0.06281245 -0.07916033
v 0.2119758 -0.06281245 -0.06813788
v 0.181862 -0.06281245 -0.03802407
v 0.2002283 -0.08808672 0.03364456
v 0.1920472 -0.08808672 0.003112137
v 0.2225796 -0.08808672 0.05599588
v 0.2531121 -0.08808672 0.06417698
v 0.2836446 -0.08808672 0.05599588
v 0.3059958 -0.08808672 0.03364456
v 0.3141769 -0.08808672 0.003112137
v 0.3059958 -0.08808672 -0.02742028
v 0.2836446 -0.08808672 -0.04977161
v 0.2531121 -0.08808672 -0.0579527
v 0.2225796 -0.08808672 -0.04977161
v 0.2002283 -0.08808672 -0.02742028
v 0.2249732 -0.1045833 0.0193581
v 0.2206202 -0.1045833 0.003112137
v 0.2368661 -0.1045833 0.03125095
v 0.2531121 -0.1045833 0.03560406
v 0.269358 -0.1045833 0.03125095
v 0.281251 -0.1045833 0.0193581
v 0.285604 -0.1045833 0.003112137
v 0.281251 -0.1045833 -0.01313382
v 0.269358 -0.1045833 -0.02502668
v 0.2531121 -0.1045833 -0.02937979
v 0.2368661 -0.1045833 -0.02502668
v 0.2249732 -0.1045833 -0.01313382
v 0.2531121 -0.1103125 0.003112137
v -0.2304446 0.009687424 -0.0004446507
v -0.2304446 0.007007957 -0.01044464
v -0.1204447 0.007007957 -0.01044464
v -0.1204447 0.009687424 -0.0004446507
v -0.2304446 -0.0003125668 -0.01776516
v -0.1204447 -0.0003125668 -0.01776516
v -0.2304446 -0.01031256 -0.02044463
v -0.1204447 -0.01031256 -0.02044463
v -0.2304446 -0.02031255 -0.01776516
v -0.1204447 -0.02031255 -0.01776516
v -0.2304446 -0.02763307 -0.01044464
v -0.1204447 -0.02763307 -0.01044464
v -0.2304446 -0.03031254 -0.0004446507
v -0.1204447 -0.03031254 -0.0004446507
v -0.2304446 -0.02763307 0.00955534
v -0.1204447 -0.02763307 0.00955534
v -0.2304446 -0.02031255 0.01687586
v -0.1204447 -0.02031255 0.01687586
v -0.2304446 -0.01031256 0.01955533
v -0.1204447 -0.01031256 0.01955533
v -0.2304446 -0.0003125668 0.01687586
v -0.1204447 -0.0003125668 0.01687586
v -0.2304446 0.007007957 0.00955534
v -0.1204447 0.007007957 0.00955534
v -0.1279447 -0.0078125 0.02205533
v -0.1279447 0.003437519 0.01904094
v -0.1269399 0.005312443 0.0222885
v -0.1269399 -0.0078125 0.02580535
v -0.1241946 0.006685138 0.02466589
v -0.1241946 -0.0078125 0.02855057
v -0.1204447 0.007187486 0.02553612
v -0.1204447 -0.0078125 0.02955532
v -0.1166947 0.006685138 0.02466589
v -0.1166947 -0.0078125 0.02855057
v -0.1139494 0.005312443 0.0222885
v -0.1139494 -0.0078125 0.02580535
v -0.1129446 0.003437519 0.01904094
v -0.1129446 -0.0078125 0.02205533
v -0.1139494 0.001562476 0.01579332
v -0.1139494 -0.0078125 0.01830536
v -0.1166947 0.0001899004 0.01341593
v -0.1166947 -0.0078125 0.01556015
v -0.1204447 -0.0003124475 0.0125457
v -0.1204447 -0.0078125 0.01455534
v -0.1241946 0.0001899004 0.01341593
v -0.1241946 -0.0078125 0.01556015
v -0.1269399 0.001562476 0.01579332
v -0.1269399 -0.0078125 0.01830536
v -0.1279447 0.01167309 0.01080537
v -0.1269399 0.01492071 0.01268035
v -0.1241946 0.0172981 0.01405293
v -0.1204447 0.01816821 0.01455534
v -0.1166947 0.0172981 0.01405293
v -0.1139494 0.01492071 0.01268035
v -0.1129446 0.01167309 0.01080537
v -0.1139494 0.008425474 0.008930326
v -0.1166947 0.006048083 0.00755775
v -0.1204447 0.005177855 0.007055342
v -0.1241946 0.006048083 0.00755775
v -0.1269399 0.008425474 0.008930326
v -0.1279447 0.01468754 -0.0004446507
v -0.1269399 0.0184375 -0.0004446507
v -0.1241946 0.02118266 -0.0004446507
v -0.1204447 0.02218747 -0.0004446507
v -0.1166947 0.02118266 -0.0004446507
v -0.1139494 0.0184375 -0.0004446507
v -0.1129446 0.01468754 -0.0004446507
v -0.1139494 0.01093745 -0.0004446507
v -0.1166947 0.008192301 -0.0004446507
v -0.1204447 0.007187486 -0.0004446507
v -0.1241946 0.008192301 -0.0004446507
v -0.1269399 0.01093745 -0.0004446507
v -0.1279447 0.01167309 -0.01169467
v -0.1269399 0.01492071 -0.01356965
v -0.1241946 0.0172981 -0.01494223
v -0.1204447 0.01816821 -0.01544464
v -0.1166947 0.0172981 -0.01494223
v -0.1139494 0.01492071 -0.01356965
v -0.1129446 0.01167309 -0.01169467
v -0.1139494 0.008425474 -0.009819627
v -0.1166947 0.006048083 -0.008447051
v -0.1204447 0.005177855 -0.007944643
v -0.1241946 0.006048083 -0.008447051
v -0.1269399 0.008425474 -0.009819627
v -0.1279447 0.003437519 -0.01993024
v -0.1269399 0.005312443 -0.0231778
v -0.1241946 0.006685138 -0.02555519
v -0.1204447 0.007187486 -0.02642542
v -0.1166947 0.006685138 -0.02555519
v -0.1139494 0.005312443 -0.0231778
v -0.1129446 0.003437519 -0.01993024
v -0.1139494 0.001562476 -0.01668262
v -0.1166947 0.0001899004 -0.01430523
v -0.1204447 -0.0003124475 -0.01343501
v -0.1241946 0.0001899004 -0.01430523
v -0.1269399 0.001562476 -0.01668262
v -0.1279447 -0.0078125 -0.02294463
v -0.1269399 -0.0078125 -0.02669466
v -0.1241946 -0.0078125 -0.02943987
v -0.1204447 -0.0078125 -0.03044462
v -0.1166947 -0.0078125 -0.02943987
v -0.1139494 -0.0078125 -0.02669466
v -0.1129446 -0.0078125 -0.02294463
v -0.1139494 -0.0078125 -0.01919466
v -0.1166947 -0.0078125 -0.01644945
v -0.1204447 -0.0078125 -0.01544464
v -0.1241946 -0.0078125 -0.01644945
v -0.1269399 -0.0078125 -0.01919466
v -0.1279447 -0.01906252 -0.01993024
v -0.1269399 -0.02093756 -0.0231778
v -0.1241946 -0.02231014 -0.02555519
v -0.1204447 -0.02281249 -0.02642542
v -0.1166947 -0.02231014 -0.02555519
v -0.1139494 -0.02093756 -0.0231778
v -0.1129446 -0.01906252 -0.01993024
v -0.1139494 -0.01718748 -0.01668262
v -0.1166947 -0.0158149 -0.01430523
v -0.1204447 -0.01531255 -0.01343501
v -0.1241946 -0.0158149 -0.01430523
v -0.1269399 -0.01718748 -0.01668262
v -0.1279447 -0.02729809 -0.01169467
v -0.1269399 -0.03054571 -0.01356965
v -0.1241946 -0.0329231 -0.01494223
v -0.1204447 -0.03379321 -0.01544464
v -0.1166947 -0.0329231 -0.01494223
v -0.1139494 -0.03054571 -0.01356965
v -0.1129446 -0.02729809 -0.01169467
v -0.1139494 -0.02405047 -0.009819627
v -0.1166947 -0.02167308 -0.008447051
v -0.1204447 -0.02080286 -0.007944643
v -0.1241946 -0.02167308 -0.008447051
v -0.1269399 -0.02405047 -0.009819627
v -0.1279447 -0.03031254 -0.0004446507
v -0.1269399 -0.0340625 -0.0004446507
v -0.1241946 -0.03680766 -0.0004446507
v -0.1204447 -0.03781247 -0.0004446507
v -0.1166947 -0.03680766 -0.0004446507
v -0.1139494 -0.0340625 -0.0004446507
v -0.1129446 -0.03031254 -0.0004446507
v -0.1139494 -0.02656245 -0.0004446507
v -0.1166947 -0.0238173 -0.0004446507
v -0.1204447 -0.02281249 -0.0004446507
v -0.1241946 -0.0238173 -0.0004446507
v -0.1269399 -0.02656245 -0.0004446507
v -0.1279447 -0.02729809 0.01080537
v -0.1269399 -0.03054571 0.01268035
v -0.1241946 -0.0329231 0.01405293
v -0.1204447 -0.03379321 0.01455534
v -0.1166947 -0.0329231 0.01405293
v -0.1139494 -0.03054571 0.01268035
v -0.1129446 -0.02729809 0.01080537
v -0.1139494 -0.02405047 0.008930326
v -0.1166947 -0.02167308 0.00755775
v -0.1204447 -0.02080286 0.007055342
v -0.1241946 -0.02167308 0.00755775
v -0.1269399 -0.02405047 0.008930326
v -0.1279447 -0.01906252 0.01904094
v -0.1269399 -0.02093744 0.0222885
v -0.1241946 -0.02231014 0.02466595
v -0.1204447 -0.02281249 0.02553612
v -0.1166947 -0.02231014 0.02466595
v -0.1139494 -0.02093744 0.0222885
v -0.1129446 -0.01906252 0.01904094
v -0.1139494 -0.01718748 0.01579332
v -0.1166947 -0.0158149 0.01341593
v -0.1204447 -0.01531255 0.0125457
v -0.1241946 -0.0158149 0.01341593
v -0.1269399 -0.01718748 0.01579332
v 0.1545554 -0.005312443 0.04455537
v 0.1545554 0.0171876 0.03852648
v 0.1565651 0.02093756 0.04502165
v 0.1565651 -0.005312443 0.05205536
v 0.1620554 0.02368271 0.04977649
v 0.1620554 -0.005312443 0.05754572
v 0.1695554 0.02468753 0.05151689
v 0.1695554 -0.005312443 0.05955535
v 0.1770555 0.02368271 0.04977649
v 0.1770555 -0.005312443 0.05754572
v 0.1825458 0.02093756 0.04502165
v 0.1825458 -0.005312443 0.05205536
v 0.1845554 0.0171876 0.03852648
v 0.1845554 -0.005312443 0.04455537
v 0.1825458 0.01343751 0.0320313
v 0.1825458 -0.005312443 0.03705531
v 0.1770555 0.01069236 0.02727652
v 0.1770555 -0.005312443 0.03156495
v 0.1695554 0.009687543 0.02553612
v 0.1695554 -0.005312443 0.02955532
v 0.1620554 0.01069236 0.02727652
v 0.1620554 -0.005312443 0.03156495
v 0.1565651 0.01343751 0.0320313
v 0.1565651 -0.005312443 0.03705537
v 0.1545554 0.03365874 0.02205533
v 0.1565651 0.04015386 0.02580535
v 0.1620554 0.04490864 0.02855057
v 0.1695554 0.0466491 0.02955532
v 0.1770555 0.04490864 0.02855057
v 0.1825458 0.04015386 0.02580535
v 0.1845554 0.03365874 0.02205533
v 0.1825458 0.02716351 0.01830536
v 0.1770555 0.02240872 0.01556015
v 0.1695554 0.02066827 0.01455534
v 0.1620554 0.02240872 0.01556015
v 0.1565651 0.02716351 0.01830536
v 0.1545554 0.03968751 -0.0004446507
v 0.1565651 0.04718757 -0.0004446507
v 0.1620554 0.05267799 -0.0004446507
v 0.1695554 0.0546875 -0.0004446507
v 0.1770555 0.05267799 -0.0004446507
v 0.1825458 0.04718757 -0.0004446507
v 0.1845554 0.03968751 -0.0004446507
v 0.1825458 0.03218758 -0.0004446507
v 0.1770555 0.02669716 -0.0004446507
v 0.1695554 0.02468753 -0.0004446507
v 0.1620554 0.02669716 -0.0004446507
v 0.1565651 0.03218758 -0.0004446507
v 0.1545554 0.03365874 -0.02294463
v 0.1565651 0.04015386 -0.02669466
v 0.1620554 0.04490864 -0.02943987
v 0.1695554 0.0466491 -0.03044468
v 0.1770555 0.04490864 -0.02943987
v 0.1825458 0.04015386 -0.02669466
v 0.1845554 0.03365874 -0.02294463
v 0.1825458 0.02716351 -0.01919466
v 0.1770555 0.02240872 -0.01644945
v 0.1695554 0.02066827 -0.01544464
v 0.1620554 0.02240872 -0.01644945
v 0.1565651 0.02716351 -0.01919466
v 0.1545554 0.0171876 -0.03941578
v 0.1565651 0.02093756 -0.04591095
v 0.1620554 0.02368271 -0.0506658
v 0.1695554 0.02468753 -0.05240619
v 0.1770555 0.02368271 -0.0506658
v 0.1825458 0.02093756 -0.04591095
v 0.1845554 0.0171876 -0.03941578
v 0.1825458 0.01343751 -0.0329206
v 0.1770555 0.01069236 -0.02816582
v 0.1695554 0.009687543 -0.02642542
v 0.1620554 0.01069236 -0.02816582
v 0.1565651 0.01343751 -0.0329206
v 0.1545554 -0.005312443 -0.04544467
v 0.1565651 -0.005312443 -0.05294466
v 0.1620554 -0.005312443 -0.05843502
v 0.1695554 -0.005312443 -0.06044465
v 0.1770555 -0.005312443 -0.05843502
v 0.1825458 -0.005312443 -0.05294466
v 0.1845554 -0.005312443 -0.04544467
v 0.1825458 -0.005312443 -0.03794461
v 0.1770555 -0.005312443 -0.03245425
v 0.1695554 -0.005312443 -0.03044462
v 0.1620554 -0.005312443 -0.03245425
v 0.1565651 -0.005312443 -0.03794467
v 0.1545554 -0.02781248 -0.03941578
v 0.1565651 -0.03156245 -0.04591095
v 0.1620554 -0.0343076 -0.0506658
v 0.1695554 -0.03531241 -0.05240619
v 0.1770555 -0.0343076 -0.0506658
v 0.1825458 -0.03156245 -0.04591095
v 0.1845554 -0.02781248 -0.03941578
v 0.1825458 -0.0240624 -0.0329206
v 0.1770555 -0.02131724 -0.02816576
v 0.1695554 -0.02031243 -0.02642542
v 0.1620554 -0.02131724 -0.02816576
v 0.1565651 -0.0240624 -0.0329206
v 0.1545554 -0.04428363 -0.02294463
v 0.1565651 -0.05077875 -0.02669466
v 0.1620554 -0.05553353 -0.02943981
v 0.1695554 -0.05727398 -0.03044462
v 0.1770555 -0.05553353 -0.02943981
v 0.1825458 -0.05077875 -0.02669466
v 0.1845554 -0.04428363 -0.02294463
v 0.1825458 -0.03778839 -0.01919466
v 0.1770555 -0.03303361 -0.01644945
v 0.1695554 -0.03129315 -0.01544464
v 0.1620554 -0.03303361 -0.01644945
v 0.1565651 -0.03778839 -0.01919466
v 0.1545554 -0.0503124 -0.0004446507
v 0.1565651 -0.05781245 -0.0004446507
v 0.1620554 -0.06330287 -0.0004446507
v 0.1695554 -0.06531239 -0.0004446507
v 0.1770555 -0.06330287 -0.0004446507
v 0.1825458 -0.05781245 -0.0004446507
v 0.1845554 -0.0503124 -0.0004446507
v 0.1825458 -0.04281247 -0.0004446507
v 0.1770555 -0.03732204 -0.0004446507
v 0.1695554 -0.03531241 -0.0004446507
v 0.1620554 -0.03732204 -0.0004446507
v 0.1565651 -0.04281247 -0.0004446507
v 0.1545554 -0.04428363 0.02205533
v 0.1565651 -0.05077875 0.02580535
v 0.1620554 -0.05553353 0.02855051
v 0.1695554 -0.05727398 0.02955532
v 0.1770555 -0.05553353 0.02855051
v 0.1825458 -0.05077875 0.02580535
v 0.1845554 -0.04428363 0.02205533
v 0.1825458 -0.03778839 0.01830536
v 0.1770555 -0.03303361 0.01556015
v 0.1695554 -0.03129315 0.01455534
v 0.1620554 -0.03303361 0.01556015
v 0.1565651 -0.03778839 0.01830536
v 0.1545554 -0.02781248 0.03852648
v 0.1565651 -0.03156245 0.04502171
v 0.1620554 -0.0343076 0.04977649
v 0.1695554 -0.03531241 0.05151689
v 0.1770555 -0.0343076 0.04977649
v 0.1825458 -0.03156245 0.04502171
v 0.1845554 -0.02781248 0.03852648
v 0.1825458 -0.0240624 0.0320313
v 0.1770555 -0.02131724 0.02727652
v 0.1695554 -0.02031243 0.02553612
v 0.1620554 -0.02131724 0.02727652
v 0.1565651 -0.0240624 0.0320313
v 0.07955539 0.01968753 -0.01044464
v 0.1295553 0.01968753 -0.01044464
v 0.1295553 0.03968751 -0.01044464
v 0.07955539 0.03968751 -0.01044464
v 0.07955539 0.01968753 0.00955534
v 0.07955539 0.03968751 0.00955534
v 0.1295553 0.03968751 0.00955534
v 0.1295553 0.01968753 0.00955534
v 0.0495553 0.01968753 -0.01044464
v 0.06955528 0.01968753 -0.01044464
v 0.06955528 0.03968751 -0.01044464
v 0.0495553 0.03968751 -0.01044464
v 0.0495553 0.01968753 0.00955534
v 0.0495553 0.03968751 0.00955534
v 0.06955528 0.03968751 0.00955534
v 0.06955528 0.01968753 0.00955534
v -0.3004446 -0.0003124475 -0.0004446507
v -0.3004446 -0.001652241 -0.005444646
v -0.2204447 -0.001652122 -0.005444646
v -0.2204447 -0.0003124475 -0.0004446507
v -0.3004446 -0.005312443 -0.009104908
v -0.2204447 -0.005312443 -0.009104908
v -0.3004446 -0.01031244 -0.01044464
v -0.2204447 -0.01031244 -0.01044464
v -0.3004446 -0.01531243 -0.009104908
v -0.2204447 -0.01531243 -0.009104908
v -0.3004446 -0.01897275 -0.005444646
v -0.2204447 -0.01897264 -0.005444646
v -0.3004446 -0.02031243 -0.0004446507
v -0.2204447 -0.02031243 -0.0004446507
v -0.3004446 -0.01897264 0.004555345
v -0.2204447 -0.01897264 0.004555345
v -0.3004446 -0.01531243 0.008215606
v -0.2204447 -0.01531243 0.008215606
v -0.3004446 -0.01031244 0.00955534
v -0.2204447 -0.01031244 0.00955534
v -0.3004446 -0.005312443 0.008215606
v -0.2204447 -0.005312443 0.008215606
v -0.3004446 -0.001652241 0.004555345
v -0.2204447 -0.001652122 0.004555345
vn -0.1067124 0.2573412 0.9604104
vn -0.1067124 0.7030693 0.7030692
vn -0.1067123 0.9604104 0.257341
vn -0.1067122 0.9604103 -0.2573413
vn -0.1067122 0.7030692 -0.7030692
vn -0.1067121 0.2573411 -0.9604104
vn -0.1067122 -0.2573414 -0.9604103
vn -0.1067122 -0.7030693 -0.7030691
vn -0.1067122 -0.9604104 -0.2573411
vn -0.1067123 -0.9604104 0.2573412
vn -0.1067123 -0.7030692 0.7030692
vn -0.1067124 -0.257341 0.9604104
vn 1 -1.512043E-07 1.788139E-07
vn -0.1734603 0.9837435 0.04647871
vn -0.1269818 0.9837434 0.1269823
vn -0.04647854 0.9837435 0.1734606
vn 0.04647858 0.9837435 0.1734602
vn 0.1269818 0.9837435 0.1269819
vn 0.1734603 0.9837435 0.04647895
vn 0.1734604 0.9837435 -0.0464787
vn 0.1269818 0.9837435 -0.1269822
vn 0.04647855 0.9837435 -0.1734604
vn -0.04647857 0.9837435 -0.1734604
vn -0.1269818 0.9837435 -0.1269819
vn -0.1734603 0.9837435 -0.0464788
vn -0.4955722 0.8583563 0.1327881
vn -0.3627841 0.8583563 0.3627841
vn -0.1327881 0.8583563 0.4955723
vn 0.1327882 0.8583564 0.4955721
vn 0.362784 0.8583563 0.362784
vn 0.4955722 0.8583563 0.1327882
vn 0.4955723 0.8583562 -0.1327884
vn 0.362784 0.8583563 -0.362784
vn 0.1327882 0.8583564 -0.4955721
vn -0.1327881 0.8583563 -0.4955722
vn -0.362784 0.8583564 -0.3627839
vn -0.4955722 0.8583564 -0.132788
vn -0.7503998 0.6296598 0.2010689
vn -0.5493308 0.6296599 0.5493307
vn -0.2010689 0.62966 0.7503996
vn 0.201069 0.62966 0.7503997
vn 0.5493308 0.62966 0.5493307
vn 0.7503998 0.6296599 0.2010689
vn 0.7503996 0.62966 -0.201069
vn 0.5493305 0.62966 -0.5493308
vn 0.2010689 0.6296599 -0.7503998
vn -0.2010689 0.6296599 -0.7503997
vn -0.5493307 0.6296599 -0.5493307
vn -0.7503998 0.6296599 -0.2010689
vn -0.9112507 0.3316682 0.2441689
vn -0.6670818 0.3316682 0.6670817
vn -0.2441688 0.3316683 0.9112507
vn 0.2441689 0.3316683 0.9112507
vn 0.6670818 0.3316681 0.6670818
vn 0.9112507 0.3316682 0.2441689
vn 0.9112507 0.3316682 -0.244169
vn 0.6670817 0.3316683 -0.667082
vn 0.2441689 0.3316683 -0.9112507
vn -0.2441688 0.3316683 -0.9112507
vn -0.6670819 0.3316682 -0.6670818
vn -0.9112507 0.3316682 -0.2441688
vn -0.9659258 -1.558632E-07 0.2588192
vn -0.7071068 -2.741523E-07 0.7071068
vn -0.258819 -2.308505E-07 0.9659258
vn 0.2588192 -2.248666E-07 0.9659258
vn 0.7071068 -2.342323E-07 0.7071068
vn 0.9659258 -1.909302E-07 0.2588191
vn 0.9659258 -1.891266E-07 -0.2588193
vn 0.7071068 -3.443599E-07 -0.7071069
vn 0.2588191 -2.484097E-07 -0.9659258
vn -0.2588191 -2.401084E-07 -0.9659258
vn -0.7071069 -2.015803E-07 -0.7071067
vn -0.9659259 -2.991299E-07 -0.258819
vn -0.9112508 -0.3316679 0.244169
vn -0.6670818 -0.331668 0.6670818
vn -0.2441689 -0.3316681 0.9112507
vn 0.244169 -0.331668 0.9112507
vn 0.6670818 -0.331668 0.6670818
vn 0.9112507 -0.3316681 0.2441689
vn 0.9112508 -0.3316679 -0.2441691
vn 0.6670817 -0.331668 -0.667082
vn 0.244169 -0.3316681 -0.9112507
vn -0.2441689 -0.3316681 -0.9112507
vn -0.6670819 -0.331668 -0.6670818
vn -0.9112508 -0.3316679 -0.2441688
vn -0.7503996 -0.62966 0.201069
vn -0.5493306 -0.6296599 0.5493308
vn -0.201069 -0.62966 0.7503996
vn 0.201069 -0.62966 0.7503996
vn 0.5493306 -0.6296601 0.5493307
vn 0.7503997 -0.62966 0.201069
vn 0.7503995 -0.62966 -0.2010691
vn 0.5493305 -0.6296601 -0.5493308
vn 0.201069 -0.62966 -0.7503996
vn -0.201069 -0.6296601 -0.7503996
vn -0.5493307 -0.6296599 -0.5493308
vn -0.7503997 -0.62966 -0.2010689
vn -0.495572 -0.8583564 0.1327882
vn -0.3627839 -0.8583565 0.3627838
vn -0.1327881 -0.8583565 0.495572
vn 0.1327881 -0.8583564 0.4955721
vn 0.3627838 -0.8583565 0.362784
vn 0.4955721 -0.8583564 0.1327883
vn 0.4955721 -0.8583564 -0.1327882
vn 0.3627839 -0.8583565 -0.3627838
vn 0.1327881 -0.8583564 -0.4955719
vn -0.1327881 -0.8583564 -0.4955721
vn -0.3627839 -0.8583564 -0.3627839
vn -0.495572 -0.8583565 -0.1327881
vn -0.1734604 -0.9837435 0.04647885
vn -0.1269819 -0.9837434 0.1269823
vn -0.04647856 -0.9837435 0.1734603
vn 0.0464786 -0.9837435 0.1734602
vn 0.1269819 -0.9837435 0.1269815
vn 0.1734604 -0.9837435 0.04647826
vn 0.1734604 -0.9837435 -0.04647883
vn 0.1269818 -0.9837434 -0.1269825
vn 0.04647857 -0.9837435 -0.1734602
vn -0.04647858 -0.9837435 -0.1734605
vn -0.1269819 -0.9837435 -0.126982
vn -0.1734605 -0.9837435 -0.04647899
vn 3.124437E-08 0.9659259 -0.2588191
vn 8.717081E-08 0.7071068 -0.7071069
vn 1.095228E-07 0.258819 -0.9659258
vn 1.2043E-07 -0.258819 -0.9659258
vn 8.735297E-08 -0.7071069 -0.7071067
vn 3.06084E-08 -0.9659259 -0.2588189
vn -3.089674E-08 -0.9659258 0.2588193
vn -8.543223E-08 -0.7071067 0.7071069
vn -1.206509E-07 -0.2588191 0.9659258
vn -1.128349E-07 0.2588191 0.9659258
vn -8.397223E-08 0.7071068 0.7071068
vn -3.099038E-08 0.9659259 0.2588188
vn -1 -1.269703E-07 -1.788139E-07
vn 1 8.925175E-08 1.788139E-07
vn -0.9636114 0.06918424 0.258199
vn -0.6947465 0.1861568 0.6947467
vn -0.2505627 0.2505628 0.9351132
vn 0.2505628 0.2505628 0.9351131
vn 0.6947467 0.1861568 0.6947466
vn 0.9636114 0.06918426 0.2581989
vn 0.9636114 -0.06918419 -0.2581989
vn 0.6947464 -0.186157 -0.6947469
vn 0.2505628 -0.2505629 -0.9351131
vn -0.2505628 -0.2505629 -0.9351131
vn -0.6947466 -0.1861569 -0.6947467
vn -0.9636114 -0.06918415 -0.2581987
vn -0.9636114 0.1890148 0.1890147
vn -0.6947467 0.5085898 0.5085898
vn -0.2505628 0.6845503 0.6845503
vn 0.2505628 0.6845503 0.6845503
vn 0.6947467 0.5085897 0.5085898
vn 0.9636114 0.1890147 0.1890148
vn 0.9636114 -0.1890148 -0.1890147
vn 0.6947463 -0.50859 -0.50859
vn 0.2505626 -0.6845503 -0.6845504
vn -0.2505628 -0.6845503 -0.6845504
vn -0.6947467 -0.5085897 -0.5085899
vn -0.9636114 -0.1890146 -0.1890146
vn -0.9636114 0.2581989 0.06918415
vn -0.6947467 0.6947465 0.1861567
vn -0.2505628 0.9351131 0.2505628
vn 0.2505628 0.9351131 0.2505628
vn 0.6947467 0.6947466 0.1861567
vn 0.9636114 0.2581989 0.06918415
vn 0.9636114 -0.258199 -0.06918418
vn 0.6947463 -0.6947469 -0.1861568
vn 0.2505628 -0.9351132 -0.2505626
vn -0.2505628 -0.9351132 -0.2505628
vn -0.6947466 -0.6947467 -0.1861567
vn -0.9636114 -0.2581987 -0.06918406
vn -0.9636114 0.258199 -0.0691842
vn -0.6947467 0.6947466 -0.1861568
vn -0.2505628 0.9351131 -0.2505628
vn 0.2505628 0.9351131 -0.2505628
vn 0.6947468 0.6947465 -0.1861567
vn 0.9636114 0.258199 -0.06918421
vn 0.9636114 -0.2581991 0.06918421
vn 0.6947465 -0.6947467 0.1861569
vn 0.2505627 -0.9351131 0.2505628
vn -0.2505628 -0.9351131 0.2505628
vn -0.6947466 -0.6947466 0.1861568
vn -0.9636115 -0.2581987 0.06918412
vn -0.9636114 0.1890147 -0.1890147
vn -0.6947467 0.5085897 -0.5085898
vn -0.2505629 0.6845503 -0.6845503
vn 0.2505628 0.6845503 -0.6845503
vn 0.6947468 0.5085897 -0.5085897
vn 0.9636114 0.1890148 -0.1890148
vn 0.9636114 -0.1890149 0.1890148
vn 0.6947465 -0.5085899 0.5085899
vn 0.2505628 -0.6845503 0.6845503
vn -0.2505628 -0.6845503 0.6845503
vn -0.6947466 -0.5085899 0.5085899
vn -0.9636114 -0.1890146 0.1890145
vn -0.9636114 0.06918422 -0.2581989
vn -0.6947468 0.1861567 -0.6947464
vn -0.2505628 0.2505628 -0.9351131
vn 0.2505628 0.2505628 -0.9351131
vn 0.6947469 0.1861567 -0.6947464
vn 0.9636114 0.06918421 -0.2581989
vn 0.9636114 -0.0691842 0.258199
vn 0.6947466 -0.1861567 0.6947467
vn 0.2505627 -0.2505628 0.9351132
vn -0.2505629 -0.2505628 0.9351131
vn -0.6947465 -0.1861568 0.6947467
vn -0.9636114 -0.06918412 0.2581987
vn -0.9636114 -0.06918424 -0.2581989
vn -0.6947469 -0.1861568 -0.6947463
vn -0.2505626 -0.250563 -0.9351131
vn 0.2505626 -0.250563 -0.9351131
vn 0.6947468 -0.1861568 -0.6947464
vn 0.9636114 -0.06918425 -0.2581989
vn 0.9636114 0.0691843 0.258199
vn 0.6947464 0.186157 0.6947468
vn 0.2505624 0.250563 0.9351132
vn -0.2505626 0.250563 0.9351131
vn -0.6947467 0.1861569 0.6947466
vn -0.9636115 0.06918417 0.2581986
vn -0.9636114 -0.1890148 -0.1890147
vn -0.6947466 -0.5085899 -0.5085897
vn -0.2505628 -0.6845505 -0.6845502
vn 0.2505626 -0.6845505 -0.6845503
vn 0.6947466 -0.5085899 -0.5085897
vn 0.9636114 -0.1890147 -0.1890147
vn 0.9636114 0.1890147 0.1890147
vn 0.6947464 0.50859 0.5085899
vn 0.2505628 0.6845503 0.6845503
vn -0.2505628 0.6845503 0.6845503
vn -0.6947464 0.50859 0.5085899
vn -0.9636115 0.1890145 0.1890145
vn -0.9636114 -0.2581989 -0.06918417
vn -0.6947466 -0.6947466 -0.1861568
vn -0.2505628 -0.9351131 -0.2505628
vn 0.2505628 -0.9351131 -0.2505628
vn 0.6947467 -0.6947465 -0.1861567
vn 0.9636114 -0.2581989 -0.06918417
vn 0.9636114 0.2581989 0.06918419
vn 0.6947463 0.6947469 0.1861568
vn 0.2505627 0.9351132 0.2505627
vn -0.2505628 0.9351132 0.2505628
vn -0.6947466 0.6947467 0.1861568
vn -0.9636114 0.2581987 0.06918408
vn -0.9636114 -0.258199 0.06918418
vn -0.6947467 -0.6947466 0.1861567
vn -0.2505628 -0.9351131 0.2505628
vn 0.2505628 -0.9351131 0.2505628
vn 0.6947467 -0.6947466 0.1861567
vn 0.9636114 -0.258199 0.06918418
vn 0.9636114 0.2581991 -0.06918421
vn 0.6947464 0.6947468 -0.1861568
vn 0.2505628 0.9351132 -0.2505626
vn -0.2505628 0.9351132 -0.2505627
vn -0.6947466 0.6947467 -0.1861567
vn -0.9636114 0.2581987 -0.06918409
vn -0.9636114 -0.1890146 0.1890148
vn -0.6947467 -0.5085898 0.5085897
vn -0.2505627 -0.6845504 0.6845503
vn 0.2505626 -0.6845504 0.6845504
vn 0.6947467 -0.5085897 0.5085897
vn 0.9636114 -0.1890148 0.1890147
vn 0.9636114 0.1890147 -0.1890148
vn 0.6947465 0.50859 -0.5085899
vn 0.2505628 0.6845503 -0.6845504
vn -0.2505628 0.6845503 -0.6845503
vn -0.6947466 0.5085899 -0.5085899
vn -0.9636115 0.1890146 -0.1890146
vn -0.9636114 -0.06918413 0.258199
vn -0.6947466 -0.1861566 0.6947466
vn -0.2505624 -0.2505626 0.9351133
vn 0.2505627 -0.2505626 0.9351133
vn 0.6947466 -0.1861566 0.6947467
vn 0.9636114 -0.0691841 0.2581989
vn 0.9636114 0.06918412 -0.258199
vn 0.6947464 0.1861566 -0.6947469
vn 0.2505626 0.2505625 -0.9351133
vn -0.2505626 0.2505625 -0.9351133
vn -0.6947467 0.1861565 -0.6947466
vn -0.9636114 0.06918406 -0.2581987
vn -0.9636114 0.06918424 0.258199
vn -0.6947465 0.1861568 0.6947467
vn -0.2505627 0.2505628 0.9351132
vn 0.2505628 0.2505628 0.9351131
vn 0.6947467 0.1861568 0.6947466
vn 0.9636114 0.06918426 0.2581989
vn 0.9636114 -0.06918419 -0.2581989
vn 0.6947464 -0.186157 -0.6947469
vn 0.2505628 -0.2505629 -0.9351131
vn -0.2505628 -0.2505629 -0.9351131
vn -0.6947466 -0.1861569 -0.6947467
vn -0.9636114 -0.06918415 -0.2581987
vn -0.9636114 0.1890148 0.1890147
vn -0.6947467 0.5085898 0.5085898
vn -0.2505628 0.6845503 0.6845503
vn 0.2505628 0.6845503 0.6845503
vn 0.6947467 0.5085897 0.5085898
vn 0.9636114 0.1890147 0.1890148
vn 0.9636114 -0.1890148 -0.1890147
vn 0.6947463 -0.50859 -0.50859
vn 0.2505626 -0.6845503 -0.6845504
vn -0.2505628 -0.6845503 -0.6845504
vn -0.6947467 -0.5085897 -0.5085899
vn -0.9636114 -0.1890146 -0.1890146
vn -0.9636114 0.2581989 0.06918415
vn -0.6947467 0.6947465 0.1861567
vn -0.2505628 0.9351131 0.2505628
vn 0.2505628 0.9351131 0.2505628
vn 0.6947467 0.6947466 0.1861567
vn 0.9636114 0.2581989 0.06918415
vn 0.9636114 -0.258199 -0.06918418
vn 0.6947463 -0.6947469 -0.1861568
vn 0.2505628 -0.9351132 -0.2505626
vn -0.2505628 -0.9351132 -0.2505628
vn -0.6947466 -0.6947467 -0.1861567
vn -0.9636114 -0.2581987 -0.06918406
vn -0.9636114 0.258199 -0.0691842
vn -0.6947467 0.6947466 -0.1861568
vn -0.2505628 0.9351131 -0.2505628
vn 0.2505628 0.9351131 -0.2505628
vn 0.6947468 0.6947465 -0.1861567
vn 0.9636114 0.258199 -0.06918421
vn 0.9636114 -0.2581991 0.06918421
vn 0.6947465 -0.6947467 0.1861569
vn 0.2505627 -0.9351131 0.2505628
vn -0.2505628 -0.9351131 0.2505628
vn -0.6947466 -0.6947466 0.1861568
vn -0.9636115 -0.2581987 0.06918412
vn -0.9636114 0.1890147 -0.1890147
vn -0.6947467 0.5085897 -0.5085898
vn -0.2505629 0.6845503 -0.6845503
vn 0.2505628 0.6845503 -0.6845503
vn 0.6947468 0.5085897 -0.5085897
vn 0.9636114 0.1890148 -0.1890148
vn 0.9636114 -0.1890149 0.1890148
vn 0.6947465 -0.5085899 0.5085899
vn 0.2505628 -0.6845503 0.6845503
vn -0.2505628 -0.6845503 0.6845503
vn -0.6947466 -0.5085899 0.5085899
vn -0.9636114 -0.1890146 0.1890145
vn -0.9636114 0.06918422 -0.2581989
vn -0.6947468 0.1861567 -0.6947464
vn -0.2505628 0.2505628 -0.9351131
vn 0.2505628 0.2505628 -0.9351131
vn 0.6947469 0.1861567 -0.6947464
vn 0.9636114 0.06918421 -0.2581989
vn 0.9636114 -0.0691842 0.258199
vn 0.6947466 -0.1861567 0.6947467
vn 0.2505627 -0.2505628 0.9351132
vn -0.2505629 -0.2505628 0.9351131
vn -0.6947465 -0.1861568 0.6947467
vn -0.9636114 -0.06918412 0.2581987
vn -0.9636114 -0.06918424 -0.2581989
vn -0.6947469 -0.1861568 -0.6947463
vn -0.2505626 -0.250563 -0.9351131
vn 0.2505626 -0.250563 -0.9351131
vn 0.6947468 -0.1861568 -0.6947464
vn 0.9636114 -0.06918425 -0.2581989
vn 0.9636114 0.0691843 0.258199
vn 0.6947464 0.186157 0.6947468
vn 0.2505624 0.250563 0.9351132
vn -0.2505626 0.250563 0.9351131
vn -0.6947467 0.1861569 0.6947466
vn -0.9636115 0.06918417 0.2581986
vn -0.9636114 -0.1890148 -0.1890147
vn -0.6947466 -0.5085899 -0.5085897
vn -0.2505628 -0.6845505 -0.6845502
vn 0.2505626 -0.6845505 -0.6845503
vn 0.6947466 -0.5085899 -0.5085897
vn 0.9636114 -0.1890147 -0.1890147
vn 0.9636114 0.1890147 0.1890147
vn 0.6947464 0.50859 0.5085899
vn 0.2505628 0.6845503 0.6845503
vn -0.2505628 0.6845503 0.6845503
vn -0.6947464 0.50859 0.5085899
vn -0.9636115 0.1890145 0.1890145
vn -0.9636114 -0.2581989 -0.06918417
vn -0.6947466 -0.6947466 -0.1861568
vn -0.2505628 -0.9351131 -0.2505628
vn 0.2505628 -0.9351131 -0.2505628
vn 0.6947467 -0.6947465 -0.1861567
vn 0.9636114 -0.2581989 -0.06918417
vn 0.9636114 0.2581989 0.06918419
vn 0.6947463 0.6947469 0.1861568
vn 0.2505627 0.9351132 0.2505627
vn -0.2505628 0.9351132 0.2505628
vn -0.6947466 0.6947467 0.1861568
vn -0.9636114 0.2581987 0.06918408
vn -0.9636114 -0.258199 0.06918418
vn -0.6947467 -0.6947466 0.1861567
vn -0.2505628 -0.9351131 0.2505628
vn 0.2505628 -0.9351131 0.2505628
vn 0.6947467 -0.6947466 0.1861567
vn 0.9636114 -0.258199 0.06918418
vn 0.9636114 0.2581991 -0.06918421
vn 0.6947464 0.6947468 -0.1861568
vn 0.2505628 0.9351132 -0.2505626
vn -0.2505628 0.9351132 -0.2505627
vn -0.6947466 0.6947467 -0.1861567
vn -0.9636114 0.2581987 -0.06918409
vn -0.9636114 -0.1890146 0.1890148
vn -0.6947467 -0.5085898 0.5085897
vn -0.2505627 -0.6845504 0.6845503
vn 0.2505626 -0.6845504 0.6845504
vn 0.6947467 -0.5085897 0.5085897
vn 0.9636114 -0.1890148 0.1890147
vn 0.9636114 0.1890147 -0.1890148
vn 0.6947465 0.50859 -0.5085899
vn 0.2505628 0.6845503 -0.6845504
vn -0.2505628 0.6845503 -0.6845503
vn -0.6947466 0.5085899 -0.5085899
vn -0.9636115 0.1890146 -0.1890146
vn -0.9636114 -0.06918413 0.258199
vn -0.6947466 -0.1861566 0.6947466
vn -0.2505624 -0.2505626 0.9351133
vn 0.2505627 -0.2505626 0.9351133
vn 0.6947466 -0.1861566 0.6947467
vn 0.9636114 -0.0691841 0.2581989
vn 0.9636114 0.06918412 -0.258199
vn 0.6947464 0.1861566 -0.6947469
vn 0.2505626 0.2505625 -0.9351133
vn -0.2505626 0.2505625 -0.9351133
vn -0.6947467 0.1861565 -0.6947466
vn -0.9636114 0.06918406 -0.2581987
vn -1.192093E-07 6.519257E-09 -1
vn 1.192093E-07 -6.519257E-09 1
vn -1.709573E-07 -1 -4.635182E-16
vn 1.709573E-07 1 4.635182E-16
vn -1 1.748456E-07 1.355074E-07
vn 1 -1.748456E-07 -1.355074E-07
vn -1.192093E-07 9.720678E-09 -1
vn 1.192093E-07 -9.720678E-09 1
vn -1.651249E-07 -1 -1.158795E-15
vn 1.651249E-07 1 1.158795E-15
vn -1 1.748456E-07 1.2893E-07
vn 1 -1.748456E-07 -1.2893E-07
vn 3.112227E-08 0.9659259 -0.2588191
vn 8.627171E-08 0.7071067 -0.7071069
vn 1.112805E-07 0.258819 -0.9659259
vn 1.187791E-07 -0.258819 -0.9659259
vn 8.639695E-08 -0.7071069 -0.7071067
vn 3.068503E-08 -0.9659259 -0.2588189
vn -3.088328E-08 -0.9659258 0.2588193
vn -8.507644E-08 -0.7071067 0.7071069
vn -1.18931E-07 -0.2588191 0.9659258
vn -1.135575E-07 0.2588191 0.9659258
vn -8.40727E-08 0.7071068 0.7071068
vn -3.094764E-08 0.9659259 0.2588187
vn -1 -1.24254E-07 -1.788139E-07
vn 1 1.404745E-07 1.788139E-07
vt 0.2012338 -0.08004334
vt 0.1748888 -0.03252554
vt 0.1722167 -0.03410853
vt 0.1924996 -0.07548522
vt 0.1657834 -0.02817513
vt 0.1631237 -0.029779
vt 0.1436719 -0.1079887
vt 0.1224723 -0.05796295
vt 0.1196485 -0.05925604
vt 0.05305207 -0.1472709
vt 0.04370808 -0.09374814
vt 0.04066504 -0.09436951
vt -0.06123362 -0.1504632
vt -0.05453048 -0.09654596
vt -0.05762227 -0.09625103
vt -0.1527838 -0.1135877
vt -0.1323157 -0.06325822
vt -0.135225 -0.06217089
vt -0.1972215 -0.07988191
vt -0.1691318 -0.03337417
vt -0.1718352 -0.0318451
vt -0.1984436 -0.08210611
vt -0.1686287 -0.03668511
vt -0.1712728 -0.03505568
vt -0.1569491 -0.122991
vt -0.1313494 -0.07506756
vt -0.1341296 -0.07368309
vt -0.06317241 -0.1733799
vt -0.04943202 -0.1208138
vt -0.05245811 -0.1201145
vt 0.06610676 -0.1763513
vt 0.06178359 -0.1221913
vt 0.05869593 -0.1225268
vt 0.1636254 -0.1251108
vt 0.1442927 -0.07433435
vt 0.1414229 -0.07552198
vt 0.03022441 0.1283374
vt 0.03131401 0.1312458
vt 0.03080342 0.1343094
vt 0.02882945 0.1367072
vt 0.02592101 0.1377968
vt 0.02285744 0.1372862
vt 0.02045961 0.1353122
vt 0.01937002 0.1324038
vt 0.01988061 0.1293402
vt 0.02185459 0.1269424
vt 0.02476301 0.1258528
vt 0.02782658 0.1263634
vt 0.08859115 -0.06470273
vt 0.08799497 -0.06794775
vt 0.08967201 -0.06781999
vt 0.1031774 -0.06450085
vt 0.1011235 -0.06708286
vt 0.1026631 -0.06775983
vt 0.1143107 -0.06943902
vt 0.1112801 -0.07074335
vt 0.1123169 -0.07206774
vt 0.1198578 -0.07787062
vt 0.1165731 -0.07756001
vt 0.1168468 -0.0792195
vt 0.1184922 -0.08864717
vt 0.115796 -0.08674566
vt 0.115209 -0.08832181
vt 0.1094571 -0.100495
vt 0.1081493 -0.097466
vt 0.1068261 -0.09850425
vt 0.0937494 -0.1102892
vt 0.09429919 -0.107036
vt 0.09262414 -0.1071877
vt 0.07596914 -0.113563
vt 0.0782102 -0.1111417
vt 0.07672543 -0.1103516
vt 0.06269689 -0.1083008
vt 0.06588038 -0.1074343
vt 0.06503958 -0.1059776
vt 0.05808036 -0.09661355
vt 0.06126666 -0.09746967
vt 0.06127467 -0.09578779
vt 0.06247107 -0.08276197
vt 0.06484456 -0.08505371
vt 0.06566584 -0.08358596
vt 0.07376547 -0.07109562
vt 0.07476842 -0.0742388
vt 0.07618749 -0.07333601
vt 0.08539398 -0.01220371
vt 0.08371666 -0.01232776
vt 0.08321629 -0.01558891
vt 0.08636864 -0.01535578
vt 0.1227813 -0.0208413
vt 0.121231 -0.02018895
vt 0.1193023 -0.02286579
vt 0.1222158 -0.0240918
vt 0.1471035 -0.03791695
vt 0.1459874 -0.03665871
vt 0.1430912 -0.03823912
vt 0.1451888 -0.04060385
vt 0.1586176 -0.05227532
vt 0.1581163 -0.05066986
vt 0.1548267 -0.05092233
vt 0.1557688 -0.0539396
vt 0.1601059 -0.06526985
vt 0.1603379 -0.06360403
vt 0.1572553 -0.06242803
vt 0.1568192 -0.06555877
vt 0.1476224 -0.09059051
vt 0.1486865 -0.08928798
vt 0.1466642 -0.08668108
vt 0.1446645 -0.08912905
vt 0.1011154 -0.1348275
vt 0.1027828 -0.1346071
vt 0.1030947 -0.1313226
vt 0.09996101 -0.1317367
vt 0.03074581 -0.1528347
vt 0.03205824 -0.1538865
vt 0.03464613 -0.15184
vt 0.03217957 -0.1498632
vt -0.00604452 -0.1315705
vt -0.005561743 -0.1331816
vt -0.002269411 -0.1329671
vt -0.00317673 -0.1299392
vt -0.008959129 -0.09536014
vt -0.009245049 -0.09701756
vt -0.006202196 -0.09829293
vt -0.005664847 -0.09517799
vt 0.0096082 -0.05576938
vt 0.008668271 -0.05716413
vt 0.0109214 -0.0595743
vt 0.01268789 -0.05695302
vt 0.04358881 -0.02421677
vt 0.04214659 -0.02508212
vt 0.04316679 -0.02821974
vt 0.04587726 -0.02659341
vt 0.08181506 0.04247152
vt 0.0786646 0.0422142
vt 0.07838237 0.03892698
vt 0.08262696 0.03927366
vt 0.1400859 0.01290875
vt 0.1372119 0.01422479
vt 0.1353584 0.01149536
vt 0.1392305 0.009722264
vt 0.1674106 -0.02148331
vt 0.1653225 -0.01911027
vt 0.1625175 -0.02084736
vt 0.1653309 -0.02404455
vt 0.1751108 -0.0328928
vt 0.1738911 -0.02997667
vt 0.1706779 -0.03072568
vt 0.1723213 -0.03465458
vt 0.1757659 -0.02482385
vt 0.1754311 -0.02168068
vt 0.1721379 -0.02147944
vt 0.172589 -0.02571422
vt 0.174988 -0.02353721
vt 0.1758051 -0.02048369
vt 0.1728042 -0.01911249
vt 0.1717033 -0.02322649
vt 0.1246471 -0.1257229
vt 0.1276664 -0.1247871
vt 0.1272275 -0.1215171
vt 0.1231597 -0.1227779
vt -0.05978514 -0.1599284
vt -0.05842944 -0.1627839
vt -0.0552551 -0.1618844
vt -0.05708161 -0.1580373
vt -0.08233321 -0.122787
vt -0.08236307 -0.1259478
vt -0.07911506 -0.1265274
vt -0.07907483 -0.1222688
vt -0.07030152 -0.07716882
vt -0.0712533 -0.08018307
vt -0.06831621 -0.08168609
vt -0.06703389 -0.077625
vt -0.03986391 -0.02104
vt -0.04168186 -0.02362587
vt -0.03933609 -0.02594598
vt -0.03688679 -0.02246205
vt 0.01208915 0.02862791
vt 0.00943089 0.02691758
vt 0.01072961 0.02388462
vt 0.01431108 0.02618894
vt 0.07628224 0.09296672
vt 0.07204667 0.09252317
vt 0.07209846 0.08922426
vt 0.07691498 0.08972864
vt 0.1573994 0.02783879
vt 0.1537082 0.0299628
vt 0.151816 0.02726
vt 0.1560135 0.02484467
vt 0.1762428 -0.02499081
vt 0.1736461 -0.02161531
vt 0.1708632 -0.02338763
vt 0.1738161 -0.02722611
vt 0.1723905 -0.02742493
vt 0.1705705 -0.02357466
vt 0.1674746 -0.02471504
vt 0.1695442 -0.02909341
vt 0.1622371 0.008020881
vt 0.1608864 0.01205974
vt 0.1576771 0.01129441
vt 0.159213 0.006701587
vt 0.1449182 0.06660181
vt 0.1436892 0.07067935
vt 0.1404584 0.07001059
vt 0.141856 0.06537378
vt 0.02008028 0.168028
vt 0.01661424 0.1705026
vt 0.01446698 0.1679976
vt 0.01840841 0.1651836
vt -0.1612869 -0.07040422
vt -0.1626488 -0.07443935
vt -0.1596283 -0.07576697
vt -0.1580797 -0.0711784
vt -0.1400998 -0.08527651
vt -0.1413636 -0.08934341
vt -0.138312 -0.09059756
vt -0.1368748 -0.08597285
vt -0.1182934 -0.05260265
vt -0.1199382 -0.05653096
vt -0.1170196 -0.05806958
vt -0.1151492 -0.05360246
vt -0.08575118 0.008432613
vt -0.08806872 0.004859683
vt -0.08547051 0.002826258
vt -0.08283509 0.006889245
vt -0.02604477 0.07501917
vt -0.02938165 0.07237303
vt -0.02756853 0.06961656
vt -0.02377396 0.07262563
vt 0.06368362 0.1359377
vt 0.0589111 0.1351154
vt 0.05947134 0.131864
vt 0.06424387 0.1326863
vt 0.1737292 0.008492052
vt 0.1701459 0.0117498
vt 0.1679265 0.009308564
vt 0.1715098 0.006050818
vt 0.1702488 -0.0495281
vt 0.1678429 -0.04532511
vt 0.1649795 -0.04696416
vt 0.1673854 -0.05116715
vt 0.1535342 -0.03668979
vt 0.1514655 -0.03231099
vt 0.1484824 -0.03372032
vt 0.150551 -0.03809912
vt 0.1296106 0.01775768
vt 0.1273728 0.02205253
vt 0.1244469 0.02052803
vt 0.1266846 0.01623318
vt 0.08103846 0.09522357
vt 0.07794967 0.09895353
vt 0.07540855 0.09684923
vt 0.07849734 0.09311926
vt -0.05891115 0.1351153
vt -0.06368368 0.1359377
vt -0.06424392 0.1326863
vt -0.05947139 0.1318639
vt -0.1701458 0.01174985
vt -0.1737292 0.00849211
vt -0.1715098 0.006050871
vt -0.1679264 0.009308619
vt -0.167843 -0.04532507
vt -0.1702488 -0.04952805
vt -0.1673854 -0.0511671
vt -0.1649796 -0.04696412
vt -0.1514656 -0.03231099
vt -0.1535342 -0.03668978
vt -0.1505511 -0.0380991
vt -0.1484824 -0.03372031
vt -0.1273729 0.02205256
vt -0.1296106 0.0177577
vt -0.1266846 0.0162332
vt -0.1244469 0.02052806
vt -0.07794975 0.09895356
vt -0.08103853 0.0952236
vt -0.0784974 0.09311929
vt -0.07540862 0.09684926
vt -0.01614131 0.1703431
vt -0.02008274 0.1675292
vt -0.01793548 0.1650242
vt -0.01446945 0.1674988
vt 0.162359 -0.07484529
vt 0.1608104 -0.07025672
vt 0.15779 -0.07158434
vt 0.1591518 -0.07561947
vt 0.1410641 -0.08974233
vt 0.139627 -0.08511762
vt 0.1365753 -0.08637176
vt 0.1378391 -0.09043866
vt 0.1196779 -0.05695652
vt 0.1178076 -0.0524894
vt 0.114889 -0.05402801
vt 0.1165337 -0.05795633
vt 0.08788839 0.004394581
vt 0.08525298 0.008457558
vt 0.08265476 0.006424142
vt 0.08497231 0.002851212
vt 0.02935923 0.07187468
vt 0.02556467 0.07488375
vt 0.02375155 0.07212728
vt 0.02708843 0.06948115
vt -0.07179832 0.09209058
vt -0.07661484 0.09259495
vt -0.07666665 0.08929604
vt -0.07243107 0.08885249
vt -0.1532534 0.02975789
vt -0.1574509 0.02734255
vt -0.1555587 0.02463976
vt -0.1518675 0.02676378
vt -0.1731474 -0.0216304
vt -0.1761003 -0.02546887
vt -0.1733174 -0.0272412
vt -0.1707207 -0.0238657
vt -0.1700801 -0.02348345
vt -0.1721497 -0.02786181
vt -0.1690537 -0.0290022
vt -0.1672338 -0.02515193
vt -0.1604102 0.01220847
vt -0.1619462 0.007615641
vt -0.1587368 0.006850304
vt -0.1573861 0.01088917
vt -0.1432177 0.07084235
vt -0.1446152 0.06620554
vt -0.1413844 0.06553677
vt -0.1401554 0.06961431
vt -0.1280054 -0.1240267
vt -0.1239375 -0.1252875
vt -0.1234987 -0.1220175
vt -0.1265179 -0.1210817
vt 0.05762863 -0.1630113
vt 0.05945515 -0.1591641
vt 0.0562808 -0.1582647
vt 0.05492511 -0.1611201
vt 0.08174233 -0.1265026
vt 0.0817021 -0.122244
vt 0.07845409 -0.1228236
vt 0.07848395 -0.1259845
vt 0.07082169 -0.08089495
vt 0.06953935 -0.07683386
vt 0.06660227 -0.07833688
vt 0.06755405 -0.08135114
vt 0.04148547 -0.0244349
vt 0.03903617 -0.02095097
vt 0.03669041 -0.02327108
vt 0.03850835 -0.02585695
vt -0.009307949 0.02609419
vt -0.01288942 0.0283985
vt -0.01418814 0.02536555
vt -0.01152987 0.02365522
vt -0.07816853 0.04154564
vt -0.08241312 0.04189232
vt -0.08213089 0.03860509
vt -0.07898043 0.03834777
vt -0.1364523 0.0138842
vt -0.1403244 0.0121111
vt -0.1384708 0.009381666
vt -0.1355968 0.0106977
vt -0.16449 -0.01911166
vt -0.1673034 -0.02230885
vt -0.1644983 -0.02404595
vt -0.1624102 -0.0216729
vt -0.1731019 -0.02971182
vt -0.1747452 -0.03364073
vt -0.171532 -0.03438973
vt -0.1703123 -0.0314736
vt -0.1747506 -0.02120117
vt -0.1752016 -0.02543596
vt -0.1719085 -0.02523471
vt -0.1715737 -0.02209154
vt -0.1753423 -0.01979167
vt -0.1742414 -0.02390567
vt -0.1712405 -0.02253447
vt -0.1720576 -0.01948095
vt -0.103443 -0.1339581
vt -0.1003093 -0.1343722
vt -0.1006212 -0.1310877
vt -0.1022886 -0.1308673
vt -0.03298366 -0.1539144
vt -0.03051711 -0.1519376
vt -0.033105 -0.1498911
vt -0.03441742 -0.1509429
vt 0.004815944 -0.1337302
vt 0.005723263 -0.1307022
vt 0.002430931 -0.1304877
vt 0.001948154 -0.1320988
vt 0.008821923 -0.09784099
vt 0.008284574 -0.09472605
vt 0.005241721 -0.09600142
vt 0.005527641 -0.09765884
vt -0.008716816 -0.05808867
vt -0.01048331 -0.05546739
vt -0.01273644 -0.05787755
vt -0.01179651 -0.05927231
vt -0.04179895 -0.02594019
vt -0.04450943 -0.02431386
vt -0.04552962 -0.02745149
vt -0.04408741 -0.02831683
vt -0.08302023 -0.01293771
vt -0.08617257 -0.01270458
vt -0.08567221 -0.01596573
vt -0.08399488 -0.01608978
vt -0.1203333 -0.02041547
vt -0.1232468 -0.02164148
vt -0.1213181 -0.02431832
vt -0.1197679 -0.02366597
vt -0.14508 -0.03647504
vt -0.1471775 -0.03883978
vt -0.1442814 -0.04042018
vt -0.1431653 -0.03916194
vt -0.1573643 -0.05012994
vt -0.1583064 -0.05314722
vt -0.1550168 -0.05339968
vt -0.1545155 -0.05179422
vt -0.1598883 -0.06279476
vt -0.1594522 -0.06592549
vt -0.1563696 -0.0647495
vt -0.1566016 -0.06308367
vt -0.148723 -0.08836297
vt -0.1467233 -0.09081094
vt -0.144701 -0.08820404
vt -0.145765 -0.0869015
vt -0.09456693 -0.1099926
vt -0.09289187 -0.1101443
vt -0.09344166 -0.1068911
vt -0.07681565 -0.1137624
vt -0.07533087 -0.1129723
vt -0.07757194 -0.110551
vt -0.06330928 -0.1089184
vt -0.06246848 -0.1074617
vt -0.06565197 -0.1065952
vt -0.05829805 -0.09745554
vt -0.05830605 -0.09577365
vt -0.06149235 -0.09662978
vt -0.06225394 -0.08360406
vt -0.06307522 -0.0821363
vt -0.06544871 -0.08442804
vt -0.073175 -0.071734
vt -0.07459407 -0.0708312
vt -0.07559702 -0.07397439
vt -0.08776947 -0.06498762
vt -0.08944651 -0.06485987
vt -0.08885033 -0.06810488
vt -0.1023184 -0.06436525
vt -0.103858 -0.06504223
vt -0.1018041 -0.06762425
vt -0.1136177 -0.06891349
vt -0.1146544 -0.07023787
vt -0.1116239 -0.07154222
vt -0.1195023 -0.07707693
vt -0.1197759 -0.07873641
vt -0.1164913 -0.0784258
vt -0.118578 -0.08778173
vt -0.117991 -0.08935789
vt -0.1152948 -0.08745638
vt -0.1099819 -0.09980153
vt -0.1086587 -0.1008398
vt -0.1073508 -0.09781074
vt 0.05585228 -0.1547044
vt 0.0568643 -0.1544862
vt 0.05454635 -0.1437332
vt 0.05353432 -0.1439514
vt -0.06332989 -0.1574322
vt -0.06229986 -0.1575363
vt -0.06119431 -0.146592
vt -0.06222435 -0.1464879
vt -0.1560454 -0.1140488
vt -0.1550811 -0.1144254
vt -0.1510796 -0.104179
vt -0.1520439 -0.1038024
vt -0.1964456 -0.07502283
vt -0.1955483 -0.07553915
vt -0.1900622 -0.06600483
vt -0.1909596 -0.0654885
vt -0.192567 -0.07388854
vt -0.1916816 -0.07442515
vt -0.1859801 -0.06501811
vt -0.1868655 -0.0644815
vt -0.14773 -0.1103302
vt -0.1467947 -0.1107739
vt -0.1420801 -0.1008355
vt -0.1430154 -0.1003918
vt -0.05686425 -0.1544862
vt -0.05585223 -0.1547044
vt -0.05353427 -0.1439514
vt -0.0545463 -0.1437332
vt 0.06229987 -0.1575363
vt 0.0633299 -0.1574322
vt 0.06222436 -0.1464879
vt 0.06119432 -0.146592
vt 0.1550811 -0.1144254
vt 0.1560454 -0.1140488
vt 0.1520439 -0.1038024
vt 0.1510796 -0.104179
vt 0.1955483 -0.07553914
vt 0.1964456 -0.07502282
vt 0.1909596 -0.0654885
vt 0.1900623 -0.06600483
vt 0.1916816 -0.07442515
vt 0.192567 -0.07388854
vt 0.1868655 -0.0644815
vt 0.1859801 -0.0650181
vt 0.1467946 -0.1107739
vt 0.14773 -0.1103302
vt 0.1430154 -0.1003918
vt 0.14208 -0.1008355
vt -0.02716253 0.132653
vt -0.02733273 0.1316318
vt -0.02696953 0.1306623
vt -0.02617025 0.1300043
vt -0.02514906 0.1298341
vt -0.02417959 0.1301973
vt -0.0235216 0.1309966
vt -0.0233514 0.1320178
vt -0.0237146 0.1329873
vt -0.02451387 0.1336453
vt -0.02553507 0.1338155
vt -0.02650454 0.1334523
vt 0.02650453 0.1334523
vt 0.02553506 0.1338155
vt 0.02451386 0.1336453
vt 0.02371459 0.1329873
vt 0.02335139 0.1320178
vt 0.02352159 0.1309966
vt 0.02417958 0.1301973
vt 0.02514905 0.1298341
vt 0.02617024 0.1300043
vt 0.02696952 0.1306623
vt 0.02733272 0.1316318
vt 0.02716252 0.132653
vt 0.07364662 0.1250751
vt 0.07376659 0.1262336
vt 0.07340269 0.1263689
vt 0.07326272 0.1250173
vt 0.1806538 0.006778809
vt 0.1816097 0.007744564
vt 0.1813884 0.008063561
vt 0.1803326 0.006996802
vt 0.1927716 -0.05877934
vt 0.1940418 -0.05797977
vt 0.1938575 -0.05763812
vt 0.1925433 -0.05846538
vt 0.1846361 -0.05930283
vt 0.1859893 -0.05854104
vt 0.1857767 -0.05821625
vt 0.1844688 -0.05895253
vt 0.162588 -0.006768958
vt 0.1638394 -0.00594034
vt 0.1635695 -0.00566133
vt 0.1624365 -0.00641149
vt 0.1003718 0.08817634
vt 0.1012369 0.08922419
vt 0.1008852 0.08938865
vt 0.1001437 0.0884905
vt -0.07324778 0.1251164
vt -0.07336774 0.1262749
vt -0.07373165 0.1261397
vt -0.07363167 0.1251743
vt -0.180484 0.007219964
vt -0.1811667 0.007909791
vt -0.1813881 0.007590803
vt -0.1808053 0.007001972
vt -0.1928369 -0.05825182
vt -0.193538 -0.05781047
vt -0.1937223 -0.05815214
vt -0.1930652 -0.05856578
vt -0.1847963 -0.05879603
vt -0.185473 -0.05841513
vt -0.1856856 -0.05873992
vt -0.1849637 -0.05914633
vt -0.1626849 -0.006306288
vt -0.1633756 -0.005848912
vt -0.1636456 -0.006127927
vt -0.1628363 -0.006663756
vt -0.1002248 0.08854942
vt -0.1008427 0.08929789
vt -0.1011944 0.08913343
vt -0.1004529 0.08823527
vt 0.05919002 0.1108045
vt 0.05979044 0.1118024
vt 0.05951839 0.1120794
vt 0.05881789 0.1109151
vt 0.1454054 0.01646753
vt 0.1464832 0.01729501
vt 0.1463071 0.01764102
vt 0.1451166 0.01672701
vt 0.1773071 -0.05005274
vt 0.1785884 -0.04927102
vt 0.1784088 -0.04892682
vt 0.1770832 -0.04973562
vt 0.1916842 -0.06652486
vt 0.1929905 -0.06568509
vt 0.1927591 -0.06537332
vt 0.1914966 -0.06618496
vt 0.1895454 -0.01940845
vt 0.1906424 -0.0183841
vt 0.19033 -0.01815362
vt 0.1893369 -0.01908099
vt 0.1186211 0.09693328
vt 0.1189881 0.0982416
vt 0.1185999 0.09824965
vt 0.1182854 0.09712823
vt -0.05884645 0.1110112
vt -0.05944688 0.1120092
vt -0.05971895 0.1117322
vt -0.05921859 0.1109005
vt -0.1452969 0.01692756
vt -0.1460668 0.01751861
vt -0.1462428 0.0171726
vt -0.1455857 0.01666808
vt -0.1773798 -0.04952621
vt -0.178087 -0.04909471
vt -0.1782665 -0.04943893
vt -0.1776037 -0.04984333
vt -0.1918145 -0.06600954
vt -0.1924676 -0.06558967
vt -0.1926989 -0.06590143
vt -0.1920021 -0.06634944
vt -0.1895644 -0.01893611
vt -0.1901699 -0.01837068
vt -0.1904823 -0.01860116
vt -0.1897729 -0.01926357
vt -0.1183357 0.09721496
vt -0.1185978 0.09814949
vt -0.1189859 0.09814143
vt -0.1186714 0.09702002
vt 0.03230213 0.09969147
vt 0.03323967 0.1003825
vt 0.03309477 0.1007427
vt 0.03200097 0.09993647
vt 0.09228673 0.004210727
vt 0.09351225 0.004797622
vt 0.09341148 0.005172546
vt 0.09205779 0.004524277
vt 0.1267793 -0.07586347
vt 0.1281506 -0.07525323
vt 0.1280168 -0.07488876
vt 0.126598 -0.07552016
vt 0.1577934 -0.1119678
vt 0.1591569 -0.1112245
vt 0.1589486 -0.1108968
vt 0.1576308 -0.1116152
vt 0.1913802 -0.06383028
vt 0.1924106 -0.062739
vt 0.1920843 -0.06252863
vt 0.1911515 -0.06351658
vt 0.1200481 0.1148559
vt 0.1197438 0.1161802
vt 0.1193992 0.1160014
vt 0.11966 0.1148663
vt -0.03206425 0.1000142
vt -0.0330018 0.1007052
vt -0.03314669 0.100345
vt -0.03236541 0.0997692
vt -0.09227566 0.004683214
vt -0.09315102 0.005102422
vt -0.09325179 0.004727497
vt -0.09250459 0.004369664
vt -0.1269191 -0.07535068
vt -0.127676 -0.07501383
vt -0.1278097 -0.0753783
vt -0.1271003 -0.07569399
vt -0.1579605 -0.1114632
vt -0.1586422 -0.1110916
vt -0.1588505 -0.1114192
vt -0.158123 -0.1118157
vt -0.1913694 -0.06335773
vt -0.1919382 -0.06275536
vt -0.1922645 -0.06296574
vt -0.1915981 -0.06367142
vt -0.1196626 0.1149666
vt -0.1194452 0.1159125
vt -0.1197899 0.1160913
vt -0.1200507 0.1149562
vt -0.001433343 0.09165273
vt -0.0003067701 0.09194825
vt -0.0003082702 0.09233648
vt -0.001622601 0.0919917
vt 0.02439093 -0.01151812
vt 0.0257252 -0.01126109
vt 0.02572277 -0.01087286
vt 0.02424897 -0.01115678
vt 0.04291714 -0.1073894
vt 0.04439062 -0.1071038
vt 0.04434245 -0.1067186
vt 0.0428179 -0.1070141
vt 0.06680642 -0.1697134
vt 0.06830877 -0.1693204
vt 0.06818557 -0.1689522
vt 0.06673355 -0.1693321
vt 0.1315891 -0.1562349
vt 0.1328333 -0.1553955
vt 0.1325609 -0.1551188
vt 0.1314345 -0.1558788
vt 0.08504151 0.1495488
vt 0.08395483 0.1503646
vt 0.08380678 0.1500057
vt 0.08473822 0.1493065
vt 0.001535076 0.09204055
vt 0.0004085033 0.09233607
vt 0.0004070084 0.09194785
vt 0.001345813 0.09170158
vt -0.02450002 -0.0110582
vt -0.02545306 -0.0108746
vt -0.02545549 -0.01126283
vt -0.02464198 -0.01141954
vt -0.04316889 -0.1069213
vt -0.04398223 -0.1067637
vt -0.04403039 -0.1071489
vt -0.04326812 -0.1072967
vt -0.06709012 -0.1692639
vt -0.06784129 -0.1690674
vt -0.06796449 -0.1694356
vt -0.06716301 -0.1696453
vt -0.1316819 -0.1557715
vt -0.1323687 -0.1553081
vt -0.132641 -0.1555848
vt -0.1318364 -0.1561276
vt -0.08467554 0.1493848
vt -0.08389933 0.1499675
vt -0.08404739 0.1503264
vt -0.08497883 0.1496272
vt -0.0373513 0.08773051
vt -0.03619473 0.08759328
vt -0.03605406 0.08795512
vt -0.0374034 0.08811523
vt -0.04914568 -0.0161918
vt -0.04779217 -0.0163117
vt -0.04768773 -0.01593778
vt -0.04918278 -0.01580534
vt -0.05775511 -0.1104897
vt -0.05626027 -0.1106245
vt -0.05619957 -0.1102411
vt -0.0577462 -0.1101016
vt -0.0693029 -0.172251
vt -0.06776174 -0.1724418
vt -0.06773998 -0.1720541
vt -0.06922952 -0.1718698
vt -0.1087939 -0.1727984
vt -0.1073724 -0.17328
vt -0.1073172 -0.1728957
vt -0.1086042 -0.1724597
vt -0.004661746 0.1710254
vt -0.005956304 0.1706125
vt -0.005749617 0.1702839
vt -0.004639998 0.1706378
vt 0.03730405 0.08812864
vt 0.03614748 0.08799141
vt 0.03628815 0.08762956
vt 0.03725196 0.08774392
vt 0.04891428 -0.01577963
vt 0.04794749 -0.01586528
vt 0.04805194 -0.01623919
vt 0.04887718 -0.01616609
vt 0.05738327 -0.1101099
vt 0.05655814 -0.1101843
vt 0.05661885 -0.1105678
vt 0.05739216 -0.110498
vt 0.06887304 -0.1719384
vt 0.06810247 -0.1720338
vt 0.06812423 -0.1724214
vt 0.06894643 -0.1723196
vt 0.1083688 -0.1725916
vt 0.1075841 -0.1728574
vt 0.1076393 -0.1732417
vt 0.1085586 -0.1729303
vt 0.004740007 0.1706322
vt 0.005664692 0.1703373
vt 0.005871378 0.1706659
vt 0.00476176 0.1710198
vt -0.07087722 0.08805398
vt -0.06985202 0.0875013
vt -0.06958821 0.08778613
vt -0.07078429 0.08843091
vt -0.1146292 -0.009039174
vt -0.1133558 -0.009513313
vt -0.113156 -0.009180417
vt -0.1145626 -0.00865669
vt -0.1405728 -0.08266942
vt -0.1391603 -0.08317692
vt -0.1390049 -0.08282118
vt -0.1404663 -0.0822961
vt -0.1655793 -0.1102648
vt -0.1641685 -0.1109136
vt -0.1640303 -0.1105508
vt -0.1653939 -0.1099237
vt -0.1944388 -0.04661585
vt -0.1933787 -0.04767831
vt -0.1931587 -0.04735842
vt -0.1941185 -0.04639656
vt -0.06730445 0.1486469
vt -0.06789844 0.1474248
vt -0.06751792 0.1473477
vt -0.06700879 0.1483952
vt 0.07068697 0.08840692
vt 0.06966177 0.08785425
vt 0.06992558 0.08756942
vt 0.07077991 0.08802997
vt 0.1142969 -0.008703003
vt 0.1133873 -0.009041674
vt 0.1135871 -0.009374568
vt 0.1143635 -0.00908548
vt 0.1401172 -0.08239569
vt 0.1393375 -0.08267581
vt 0.139493 -0.08303156
vt 0.1402237 -0.08276902
vt 0.1650749 -0.1100972
vt 0.1643695 -0.1104216
vt 0.1645077 -0.1107844
vt 0.1652604 -0.1104382
vt 0.1939661 -0.04661929
vt 0.1933809 -0.04720574
vt 0.1936009 -0.04752563
vt 0.1942865 -0.04683859
vt 0.06707365 0.1483189
vt 0.06749792 0.147446
vt 0.06787843 0.147523
vt 0.0673693 0.1485706
vt -0.09796442 0.09179995
vt -0.09722294 0.0909018
vt -0.09687126 0.09106626
vt -0.09773634 0.09211411
vt -0.1621402 -0.003502758
vt -0.1610073 -0.004252923
vt -0.1607373 -0.003973908
vt -0.1619888 -0.003145291
vt -0.1854444 -0.05762593
vt -0.1841365 -0.05836221
vt -0.1839238 -0.05803742
vt -0.185277 -0.05727563
vt -0.1946311 -0.05886704
vt -0.1933169 -0.05969431
vt -0.1931325 -0.05935264
vt -0.1944027 -0.05855308
vt -0.1837709 0.005705594
vt -0.182715 0.004638833
vt -0.1824937 0.004957821
vt -0.1834496 0.005923586
vt -0.07791786 0.1259013
vt -0.07777789 0.1245497
vt -0.07741399 0.124685
vt -0.07753396 0.1258435
vt 0.09765526 0.09205519
vt 0.09691377 0.09115704
vt 0.09726544 0.09099258
vt 0.09788334 0.09174104
vt 0.1617405 -0.003250638
vt 0.1609312 -0.003786467
vt 0.1612012 -0.004065482
vt 0.161892 -0.003608105
vt 0.1849494 -0.05743214
vt 0.1842275 -0.05783856
vt 0.1844402 -0.05816334
vt 0.1851168 -0.05778245
vt 0.1941091 -0.05876663
vt 0.193452 -0.05918027
vt 0.1936364 -0.05952194
vt 0.1943375 -0.05908059
vt 0.1832981 0.005700348
vt 0.1827154 0.005111516
vt 0.1829367 0.004792529
vt 0.1836194 0.005482356
vt 0.07754877 0.1257444
vt 0.07744879 0.124779
vt 0.0778127 0.1246437
vt 0.07793267 0.1258022
vt -0.1149531 0.09927235
vt -0.1146386 0.09815092
vt -0.1142504 0.09815897
vt -0.1146173 0.09946729
vt -0.1885632 -0.01626152
vt -0.1875701 -0.01718889
vt -0.1872576 -0.01695842
vt -0.1883546 -0.01593407
vt -0.1923928 -0.0648035
vt -0.1911303 -0.06561513
vt -0.1908989 -0.06530336
vt -0.1922052 -0.0644636
vt -0.1791652 -0.05016647
vt -0.1778395 -0.05097527
vt -0.17766 -0.05063106
vt -0.1789412 -0.04984935
vt -0.1483485 0.01498211
vt -0.147158 0.0140681
vt -0.1469819 0.01441411
vt -0.1480597 0.01524158
vt -0.063408 0.1097393
vt -0.06270751 0.1085749
vt -0.06243545 0.1088519
vt -0.06303587 0.1098499
vt 0.114567 0.09938062
vt 0.1142525 0.0982592
vt 0.1146406 0.09825115
vt 0.1149027 0.09918567
vt 0.1881271 -0.01607902
vt 0.1874178 -0.01674143
vt 0.1877302 -0.0169719
vt 0.1883357 -0.01640648
vt 0.1918874 -0.06463901
vt 0.1911905 -0.06508702
vt 0.1914218 -0.06539879
vt 0.192075 -0.06497891
vt 0.1786447 -0.05005875
vt 0.1779818 -0.05046315
vt 0.1781614 -0.05080736
vt 0.1788686 -0.05037587
vt 0.1478795 0.01504093
vt 0.1472223 0.01453641
vt 0.1473984 0.0141904
vt 0.1481682 0.01478145
vt 0.06300724 0.1097538
vt 0.06250688 0.1089222
vt 0.06277895 0.1086452
vt 0.06337937 0.1096432
vt -0.1157078 0.1151532
vt -0.1159687 0.1140181
vt -0.115624 0.1138393
vt -0.1153197 0.1151636
vt -0.1902021 -0.06075131
vt -0.1892692 -0.06173927
vt -0.1889429 -0.06152888
vt -0.1899734 -0.06043761
vt -0.1586244 -0.110302
vt -0.1573066 -0.1110204
vt -0.1570984 -0.1106927
vt -0.1584619 -0.1099495
vt -0.1286072 -0.07621546
vt -0.1271885 -0.07684685
vt -0.1270547 -0.07648239
vt -0.128426 -0.07587215
vt -0.09485933 0.002149212
vt -0.09350565 0.001500943
vt -0.09340487 0.001875867
vt -0.0946304 0.002462761
vt -0.035788 0.09708859
vt -0.0346942 0.09628241
vt -0.0345493 0.09664258
vt -0.03548685 0.0973336
vt 0.1153171 0.1150634
vt 0.1155779 0.1139283
vt 0.1159225 0.1141071
vt 0.1157051 0.115053
vt 0.1897554 -0.0605966
vt 0.189089 -0.06130229
vt 0.1894153 -0.06151267
vt 0.1899841 -0.0609103
vt 0.1581322 -0.1101015
vt 0.1574048 -0.110498
vt 0.157613 -0.1108257
vt 0.1582947 -0.110454
vt 0.1281049 -0.07604165
vt 0.1273956 -0.07635734
vt 0.1275293 -0.0767218
vt 0.1282862 -0.07638496
vt 0.09441258 0.002303652
vt 0.09366538 0.001945818
vt 0.09376615 0.001570894
vt 0.09464151 0.001990102
vt 0.03542354 0.09725587
vt 0.03464226 0.09668003
vt 0.03478716 0.09631985
vt 0.0357247 0.09701087
vt -0.08153296 0.1469767
vt -0.0824644 0.1462774
vt -0.08231634 0.1459185
vt -0.08122966 0.1467343
vt -0.131113 -0.1529728
vt -0.1299866 -0.1537328
vt -0.1297142 -0.1534561
vt -0.1309584 -0.1526167
vt -0.06801412 -0.1682968
vt -0.06656209 -0.1686767
vt -0.06643889 -0.1683086
vt -0.06794123 -0.1679155
vt -0.04461876 -0.1081442
vt -0.04309421 -0.1084397
vt -0.04304604 -0.1080545
vt -0.04451952 -0.1077689
vt -0.02635689 -0.01416447
vt -0.02488308 -0.01444839
vt -0.02488065 -0.01406016
vt -0.02621492 -0.01380313
vt -0.0008435143 0.08794568
vt 0.0004708162 0.0876009
vt 0.0004723164 0.08798914
vt -0.0006542566 0.08828466
vt 0.08129223 0.146656
vt 0.08222368 0.1459568
vt 0.08237173 0.1463157
vt 0.08159553 0.1468984
vt 0.1307109 -0.1527241
vt 0.1299063 -0.153267
vt 0.1301787 -0.1535437
vt 0.1308655 -0.1530803
vt 0.06758468 -0.1679836
vt 0.06678319 -0.1681933
vt 0.06690639 -0.1685615
vt 0.06765757 -0.168365
vt 0.04416857 -0.1078617
vt 0.04340629 -0.1080095
vt 0.04345446 -0.1083947
vt 0.0442678 -0.1082371
vt 0.02596388 -0.0139018
vt 0.02515036 -0.01405852
vt 0.0251528 -0.01444674
vt 0.02610584 -0.01426315
vt 0.0005667063 0.08823586
vt -0.0003720982 0.08798959
vt -0.0003706032 0.08760136
vt 0.0007559698 0.08789688
vt 0.004598812 0.1666755
vt 0.003489194 0.1670294
vt 0.003282506 0.1667007
vt 0.004577064 0.1662878
vt 0.1064865 -0.1704438
vt 0.1077735 -0.1700078
vt 0.1077183 -0.1696235
vt 0.1062967 -0.1701051
vt 0.06765676 -0.1713818
vt 0.0691463 -0.1711975
vt 0.06912453 -0.1708099
vt 0.06758338 -0.1710006
vt 0.05633003 -0.1116874
vt 0.05787666 -0.1115479
vt 0.05781596 -0.1111644
vt 0.05632113 -0.1112993
vt 0.04798349 -0.01927686
vt 0.04947853 -0.01914442
vt 0.04937408 -0.0187705
vt 0.04802058 -0.0188904
vt 0.0365889 0.08344738
vt 0.03793824 0.08360749
vt 0.03779756 0.08396934
vt 0.03664099 0.0838321
vt -0.004476971 0.1662935
vt -0.003367353 0.1666473
vt -0.003574039 0.166976
vt -0.004498724 0.1666811
vt -0.106532 -0.1699733
vt -0.1074512 -0.1696619
vt -0.1075064 -0.1700462
vt -0.1067218 -0.170312
vt -0.0679399 -0.170932
vt -0.0687621 -0.1708302
vt -0.06878386 -0.1712178
vt -0.06801329 -0.1713132
vt -0.05668408 -0.1112909
vt -0.05745739 -0.1112211
vt -0.0575181 -0.1116046
vt -0.05669298 -0.111679
vt -0.04828907 -0.01891622
vt -0.04911431 -0.01884312
vt -0.04921877 -0.01921703
vt -0.04825198 -0.01930268
vt -0.03674032 0.0838187
vt -0.03770413 0.08393307
vt -0.03784481 0.08357121
vt -0.03668823 0.08343399
vt 0.06411149 0.145692
vt 0.06360235 0.1467395
vt 0.06322184 0.1466625
vt 0.06381583 0.1454404
vt 0.1913262 -0.04552992
vt 0.1922859 -0.04456806
vt 0.1920659 -0.04424817
vt 0.1910058 -0.04531062
vt 0.1637472 -0.1099353
vt 0.1651109 -0.1093082
vt 0.1649726 -0.1089454
vt 0.1635618 -0.1095942
vt 0.1394959 -0.08418779
vt 0.1409573 -0.08366271
vt 0.1408019 -0.08330697
vt 0.1393894 -0.08381446
vt 0.1143258 -0.0123219
vt 0.1157323 -0.01179817
vt 0.1155326 -0.01146527
vt 0.1142592 -0.01193941
vt 0.07174226 0.08379044
vt 0.07293833 0.08443522
vt 0.07267452 0.08472005
vt 0.07164931 0.08416738
vt -0.06375088 0.1455167
vt -0.06324175 0.1465642
vt -0.06362225 0.1466413
vt -0.06404654 0.1457684
vt -0.1911581 -0.04508813
vt -0.1918437 -0.04440109
vt -0.1920637 -0.04472098
vt -0.1914785 -0.04530743
vt -0.1638807 -0.1094208
vt -0.1646334 -0.1090747
vt -0.1647716 -0.1094375
vt -0.1640662 -0.1097619
vt -0.1397385 -0.08371487
vt -0.1404692 -0.08345233
vt -0.1406247 -0.08380808
vt -0.139845 -0.08408821
vt -0.1145249 -0.01189314
vt -0.1153013 -0.01160405
vt -0.1155011 -0.01193694
vt -0.1145915 -0.01227561
vt -0.07174662 0.0841914
vt -0.07260095 0.08465196
vt -0.07286476 0.08436714
vt -0.07183956 0.08381446
vt 0.06395511 0.1257361
vt 0.06419506 0.1280531
vt 0.06346726 0.1283236
vt 0.06318732 0.1256204
vt 0.1645688 0.02208257
vt 0.1664805 0.02401409
vt 0.1660379 0.02465205
vt 0.1639263 0.02251854
vt 0.1771957 -0.03499056
vt 0.1797361 -0.03339144
vt 0.1793674 -0.0327081
vt 0.176739 -0.03436264
vt 0.1707617 -0.03574739
vt 0.1734681 -0.0342238
vt 0.1730427 -0.03357422
vt 0.1704269 -0.03504678
vt 0.1515983 0.008906676
vt 0.1541012 0.0105639
vt 0.1535613 0.01112192
vt 0.1512954 0.009621592
vt 0.09591343 0.09128916
vt 0.09764356 0.09338487
vt 0.09694023 0.09371381
vt 0.09545725 0.09191748
vt -0.06315744 0.1258187
vt -0.06339739 0.1281357
vt -0.0641252 0.1278652
vt -0.06392524 0.1259343
vt -0.1642292 0.0229649
vt -0.1655947 0.02434455
vt -0.1660373 0.02370659
vt -0.1648717 0.02252893
vt -0.1773262 -0.03393552
vt -0.1787284 -0.03305284
vt -0.1790971 -0.03373618
vt -0.1777829 -0.03456345
vt -0.1710821 -0.03473379
vt -0.1724353 -0.033972
vt -0.1728607 -0.03462157
vt -0.1714168 -0.0354344
vt -0.1517921 0.00983203
vt -0.1531736 0.01074678
vt -0.1537135 0.01018877
vt -0.152095 0.009117111
vt -0.09561943 0.09203529
vt -0.09685524 0.09353223
vt -0.09755859 0.0932033
vt -0.09607561 0.09140698
vt 0.05056985 0.1155174
vt 0.0517707 0.1175133
vt 0.05122657 0.1180672
vt 0.04982558 0.1157386
vt 0.1314414 0.03383024
vt 0.133597 0.03548519
vt 0.1332449 0.03617719
vt 0.1308639 0.03434917
vt 0.1619957 -0.0260581
vt 0.1645582 -0.02449468
vt 0.1641991 -0.02380623
vt 0.1615478 -0.02542384
vt 0.1764144 -0.04388129
vt 0.179027 -0.04220175
vt 0.1785643 -0.04157821
vt 0.1760392 -0.04320148
vt 0.1761182 -0.005869514
vt 0.1783122 -0.00382081
vt 0.1776873 -0.003359872
vt 0.1757011 -0.00521461
vt 0.1133709 0.09788363
vt 0.1141046 0.1005003
vt 0.1133284 0.1005164
vt 0.1126994 0.09827353
vt -0.04988271 0.1159308
vt -0.05108356 0.1179268
vt -0.05162768 0.1173728
vt -0.05062698 0.1157095
vt -0.1312245 0.03475036
vt -0.1327641 0.03593247
vt -0.1331163 0.03524046
vt -0.131802 0.03423143
vt -0.1621409 -0.02500501
vt -0.1635554 -0.02414203
vt -0.1639145 -0.02483047
vt -0.1625888 -0.02563927
vt -0.1766749 -0.04285065
vt -0.1779812 -0.04201088
vt -0.1784439 -0.04263443
vt -0.1770501 -0.04353045
vt -0.1761561 -0.004924836
vt -0.1773671 -0.003793984
vt -0.1779919 -0.004254921
vt -0.1765732 -0.005579735
vt -0.1128 0.09844694
vt -0.1133241 0.100316
vt -0.1141004 0.1002999
vt -0.1134715 0.09805705
vt 0.02602453 0.1073362
vt 0.02789962 0.1087182
vt 0.02760982 0.1094386
vt 0.02542222 0.1078262
vt 0.08209156 0.02407637
vt 0.08454259 0.02525017
vt 0.08434106 0.02600001
vt 0.0816337 0.02470345
vt 0.1145756 -0.05012797
vt 0.1173181 -0.04890747
vt 0.1170506 -0.04817853
vt 0.1142131 -0.04944132
vt 0.1441077 -0.08834866
vt 0.1468347 -0.08686214
vt 0.1464182 -0.08620682
vt 0.1437826 -0.08764355
vt 0.1770842 -0.05127445
vt 0.1791451 -0.04909189
vt 0.1784926 -0.04867114
vt 0.1766268 -0.05064706
vt 0.1150696 0.1130812
vt 0.1144609 0.1157297
vt 0.1137717 0.1153722
vt 0.1142934 0.113102
vt -0.02554876 0.1079817
vt -0.02742385 0.1093637
vt -0.02771364 0.1086434
vt -0.02615106 0.1074917
vt -0.08206939 0.02502146
vt -0.08382013 0.02585989
vt -0.08402167 0.02511005
vt -0.08252726 0.02439438
vt -0.1148551 -0.04910234
vt -0.1163689 -0.04842866
vt -0.1166364 -0.0491576
vt -0.1152177 -0.04978899
vt -0.1444419 -0.08733951
vt -0.1458054 -0.08659626
vt -0.1462219 -0.08725158
vt -0.1447671 -0.08804463
vt -0.1770627 -0.05032929
vt -0.1782002 -0.04912456
vt -0.1788528 -0.04954531
vt -0.1775201 -0.05095669
vt -0.1142987 0.1133025
vt -0.1138639 0.1151943
vt -0.1145532 0.1155518
vt -0.1150749 0.1132816
vt -0.004565685 0.1010437
vt -0.00231255 0.1016347
vt -0.002315539 0.1024111
vt -0.004944206 0.1017216
vt 0.0194381 0.01025872
vt 0.02210664 0.01077278
vt 0.02210178 0.01154922
vt 0.01915417 0.0109814
vt 0.03669925 -0.07959052
vt 0.03964622 -0.07901938
vt 0.03954988 -0.07824893
vt 0.03650079 -0.07883985
vt 0.05908569 -0.1435266
vt 0.06209039 -0.1427405
vt 0.06184397 -0.1420041
vt 0.05893992 -0.1427639
vt 0.1202785 -0.1409284
vt 0.1227669 -0.1392495
vt 0.1222222 -0.1386962
vt 0.1199694 -0.1402162
vt 0.08248501 0.1449039
vt 0.08031165 0.1465354
vt 0.08001556 0.1458176
vt 0.08187842 0.1444192
vt 0.004769155 0.1018193
vt 0.00251602 0.1024104
vt 0.002513019 0.1016339
vt 0.004390639 0.1011414
vt -0.01965626 0.01117861
vt -0.02156236 0.0115458
vt -0.02156721 0.01076936
vt -0.01994019 0.01045593
vt -0.03720275 -0.07865428
vt -0.03882942 -0.07833903
vt -0.03892576 -0.07910949
vt -0.03740121 -0.07940495
vt -0.05965308 -0.1426276
vt -0.06115542 -0.1422345
vt -0.06140183 -0.1429709
vt -0.05979885 -0.1433903
vt -0.1204642 -0.1400014
vt -0.1218377 -0.1390747
vt -0.1223825 -0.139628
vt -0.1207733 -0.1407137
vt -0.08175317 0.1445758
vt -0.08020077 0.1457412
vt -0.08049688 0.146459
vt -0.08235975 0.1450605
vt -0.03694855 0.0975676
vt -0.0346354 0.09729315
vt -0.03435405 0.09801684
vt -0.03705272 0.09833704
vt -0.04803295 0.006072464
vt -0.04532596 0.005832668
vt -0.04511705 0.006580489
vt -0.04810714 0.006845362
vt -0.05612219 -0.08206351
vt -0.05313253 -0.08233316
vt -0.05301113 -0.08156625
vt -0.0561044 -0.08128725
vt -0.06689537 -0.1450361
vt -0.06381305 -0.1454176
vt -0.06376952 -0.1446423
vt -0.06674859 -0.1442737
vt -0.1035566 -0.1544491
vt -0.1007135 -0.1554123
vt -0.1006032 -0.1546437
vt -0.1031771 -0.1537717
vt -0.002232016 0.1662248
vt -0.004821121 0.1653991
vt -0.004407747 0.1647418
vt -0.00218851 0.1654496
vt 0.03685405 0.09836391
vt 0.0345409 0.09808944
vt 0.03482224 0.09736574
vt 0.03674987 0.09759446
vt 0.04757016 0.006896854
vt 0.04563659 0.006725568
vt 0.04584549 0.00597775
vt 0.04749597 0.006123956
vt 0.05537853 -0.0813039
vt 0.05372828 -0.08145274
vt 0.05384968 -0.08221965
vt 0.05539631 -0.08208016
vt 0.06603563 -0.1444109
vt 0.06449448 -0.1446016
vt 0.06453801 -0.1453769
vt 0.0661824 -0.1451734
vt 0.1027064 -0.1540355
vt 0.1011371 -0.1545671
vt 0.1012474 -0.1553357
vt 0.1030859 -0.1547128
vt 0.002388613 0.1654384
vt 0.004237977 0.1648485
vt 0.004651345 0.1655058
vt 0.002432108 0.1662136
vt -0.0669957 0.09699033
vt -0.06494529 0.09588499
vt -0.06441767 0.09645464
vt -0.06680982 0.0977442
vt -0.1077465 0.01208466
vt -0.1051997 0.01113637
vt -0.1048001 0.01180215
vt -0.1076133 0.0128496
vt -0.1318935 -0.05557864
vt -0.1290686 -0.05659362
vt -0.1287577 -0.05588212
vt -0.1316805 -0.05483197
vt -0.1550847 -0.0850067
vt -0.1522629 -0.08630431
vt -0.1519865 -0.08557872
vt -0.1547137 -0.08432458
vt -0.1815926 -0.03239627
vt -0.1794723 -0.03452117
vt -0.1790323 -0.03388141
vt -0.1809519 -0.03195768
vt -0.06202728 0.1471058
vt -0.06321526 0.1446616
vt -0.06245425 0.1445076
vt -0.06143597 0.1466026
vt 0.06661518 0.09769621
vt 0.06456476 0.09659086
vt 0.06509238 0.09602121
vt 0.06680106 0.09694232
vt 0.1070819 0.01275702
vt 0.1052627 0.01207968
vt 0.1056623 0.01141391
vt 0.107215 0.01199208
vt 0.1309823 -0.05503114
vt 0.129423 -0.05559139
vt 0.1297339 -0.0563029
vt 0.1311953 -0.05577783
vt 0.1540759 -0.08467145
vt 0.152665 -0.08532025
vt 0.1529414 -0.08604585
vt 0.1544468 -0.08535358
vt 0.1806472 -0.03240297
vt 0.1794768 -0.03357587
vt 0.1799168 -0.03421564
vt 0.1812879 -0.03284155
vt 0.06156581 0.1464499
vt 0.06241437 0.1447041
vt 0.06317538 0.1448582
vt 0.06215711 0.1469532
vt -0.09109862 0.0985364
vt -0.08961565 0.09674007
vt -0.08891232 0.09706901
vt -0.09064244 0.09916472
vt -0.1507029 0.01543901
vt -0.1484369 0.01393868
vt -0.147897 0.0144967
vt -0.1503999 0.01615393
vt -0.1723781 -0.03239359
vt -0.1697623 -0.03386615
vt -0.169337 -0.03321657
vt -0.1720434 -0.03169298
vt -0.1809146 -0.03516596
vt -0.1782862 -0.0368205
vt -0.1779175 -0.03613716
vt -0.1804579 -0.03453803
vt -0.1708029 0.01993603
vt -0.1686913 0.01780251
vt -0.1682487 0.01844048
vt -0.1701604 0.020372
vt -0.07249762 0.1273884
vt -0.07221769 0.1246853
vt -0.07148988 0.1249558
vt -0.07172982 0.1272728
vt 0.09048025 0.09904692
vt 0.08899727 0.09725059
vt 0.08970062 0.09692166
vt 0.09093644 0.09841859
vt 0.1499033 0.01594336
vt 0.1482848 0.01487171
vt 0.1488247 0.01431369
vt 0.1502062 0.01522844
vt 0.1713883 -0.03200599
vt 0.1699444 -0.03281882
vt 0.1703698 -0.03346839
vt 0.171723 -0.0327066
vt 0.1798707 -0.03496514
vt 0.1785565 -0.03579241
vt 0.1789252 -0.03647576
vt 0.1803274 -0.03559307
vt 0.1698575 0.01992558
vt 0.168692 0.01874792
vt 0.1691345 0.01810995
vt 0.1705 0.0194896
vt 0.07175957 0.1270746
vt 0.07155962 0.1251438
vt 0.07228743 0.1248732
vt 0.07252736 0.1271902
vt -0.1060347 0.1025618
vt -0.1054057 0.1003189
vt -0.1046294 0.100335
vt -0.1053632 0.1029517
vt -0.1741537 0.0004243692
vt -0.1721674 -0.001430367
vt -0.1715426 -0.0009694352
vt -0.1737366 0.001079274
vt -0.1778316 -0.04043855
vt -0.1753066 -0.04206182
vt -0.1748439 -0.04143828
vt -0.1774564 -0.03975875
vt -0.1657118 -0.02628553
vt -0.1630605 -0.02790314
vt -0.1627014 -0.0272147
vt -0.1652639 -0.02565128
vt -0.1373276 0.03085942
vt -0.1349466 0.0290314
vt -0.1345945 0.02972341
vt -0.13675 0.03137835
vt -0.05900583 0.113387
vt -0.05760484 0.1110583
vt -0.05706071 0.1116122
vt -0.05826156 0.1136082
vt 0.1052625 0.1027783
vt 0.1046335 0.1005355
vt 0.1054098 0.1005194
vt 0.105934 0.1023884
vt 0.1732816 0.0007894334
vt 0.1718628 -0.0005353796
vt 0.1724876 -0.000996317
vt 0.1736987 0.0001345288
vt 0.1768207 -0.04010958
vt 0.175427 -0.04100559
vt 0.1758897 -0.04162914
vt 0.1771959 -0.04078937
vt 0.1646708 -0.0260701
vt 0.1633451 -0.0268789
vt 0.1637042 -0.02756735
vt 0.1651187 -0.02670436
vt 0.1363895 0.03097706
vt 0.1350753 0.02996803
vt 0.1354274 0.02927602
vt 0.1369671 0.03045813
vt 0.05820437 0.1134161
vt 0.05720366 0.1117527
vt 0.05774779 0.1111988
vt 0.05894864 0.1131948
vt -0.106389 0.1136757
vt -0.1069107 0.1114055
vt -0.1062215 0.111048
vt -0.1056129 0.1136965
vt -0.174728 -0.04511648
vt -0.1728622 -0.0470924
vt -0.1722097 -0.04667165
vt -0.1742706 -0.04448909
vt -0.1457698 -0.08501721
vt -0.1431341 -0.08645393
vt -0.1427176 -0.08579861
vt -0.1454446 -0.0843121
vt -0.1182315 -0.05083194
vt -0.1153939 -0.05209473
vt -0.1151265 -0.05136579
vt -0.1178689 -0.05014529
vt -0.08723678 0.01995335
vt -0.08452942 0.0186568
vt -0.08432788 0.01940664
vt -0.08677892 0.02058044
vt -0.03299627 0.1021305
vt -0.03080867 0.1005181
vt -0.03051888 0.1012385
vt -0.03239397 0.1026205
vt 0.1056075 0.1134961
vt 0.1061292 0.1112259
vt 0.1068184 0.1115835
vt 0.1063837 0.1134753
vt 0.1738347 -0.04480698
vt 0.172502 -0.04621835
vt 0.1731545 -0.0466391
vt 0.1742921 -0.04543437
vt 0.1447853 -0.08461612
vt 0.1433304 -0.08540917
vt 0.1437469 -0.0860645
vt 0.1451104 -0.08532124
vt 0.1172269 -0.05048429
vt 0.1158081 -0.05111569
vt 0.1160756 -0.05184463
vt 0.1175894 -0.05117094
vt 0.08634327 0.02026228
vt 0.08484885 0.01954661
vt 0.08505039 0.01879677
vt 0.08680113 0.01963519
vt 0.0322674 0.102465
vt 0.03070483 0.1013133
vt 0.03099462 0.1005929
vt 0.03286971 0.101975
vt -0.07546785 0.1397596
vt -0.07733072 0.1383611
vt -0.07703462 0.1376433
vt -0.07486127 0.1392749
vt -0.1193263 -0.1344042
vt -0.1170735 -0.1359241
vt -0.1165288 -0.1353708
vt -0.1190172 -0.1336919
vt -0.06150106 -0.1406934
vt -0.058597 -0.1414532
vt -0.05835059 -0.1407169
vt -0.06135528 -0.1399307
vt -0.04010247 -0.08110017
vt -0.03705338 -0.0816911
vt -0.03695705 -0.08092064
vt -0.03990401 -0.0803495
vt -0.02336998 0.00496599
vt -0.02042237 0.004398176
vt -0.02041751 0.00517461
vt -0.02308605 0.005688669
vt 1.197828E-05 0.09362957
vt 0.002640645 0.09294003
vt 0.002643634 0.09371647
vt 0.0003904994 0.09430752
vt 0.07498641 0.1391182
vt 0.07684929 0.1377198
vt 0.0771454 0.1384376
vt 0.075593 0.1396029
vt 0.1185223 -0.1339068
vt 0.1169131 -0.1349925
vt 0.1174579 -0.1355458
vt 0.1188314 -0.134619
vt 0.06064215 -0.140067
vt 0.05903916 -0.1404864
vt 0.05928557 -0.1412227
vt 0.06078792 -0.1408297
vt 0.03920208 -0.0805351
vt 0.03767753 -0.08083057
vt 0.03777387 -0.08160103
vt 0.03940054 -0.08128577
vt 0.02258397 0.005491372
vt 0.02095694 0.005177943
vt 0.0209618 0.004401507
vt 0.0228679 0.004768693
vt -0.0005655634 0.09420983
vt -0.002443183 0.09371731
vt -0.002440183 0.09294085
vt -0.0001870479 0.0935319
vt 0.002106092 0.1575249
vt -0.0001131449 0.1582327
vt -0.0005265241 0.1575754
vt 0.002062585 0.1567497
vt 0.09894179 -0.14974
vt 0.1015157 -0.1488679
vt 0.1014054 -0.1480994
vt 0.09856228 -0.1490626
vt 0.06360311 -0.1432977
vt 0.06658219 -0.142929
vt 0.06653865 -0.1421538
vt 0.06345633 -0.1425353
vt 0.05327203 -0.08445886
vt 0.05636531 -0.08417986
vt 0.05624392 -0.08341295
vt 0.05325425 -0.0836826
vt 0.0457086 -9.763292E-05
vt 0.0486987 0.0001672384
vt 0.0484898 0.0009150564
vt 0.0457828 0.0006752628
vt 0.03542376 0.08900138
vt 0.03812242 0.08932158
vt 0.03784107 0.09004528
vt 0.03552793 0.08977081
vt -0.001862419 0.1567609
vt 0.0003568176 0.1574687
vt -5.65509E-05 0.158126
vt -0.001905915 0.1575361
vt -0.09903284 -0.1487989
vt -0.1008713 -0.1481761
vt -0.1009817 -0.1489446
vt -0.09941236 -0.1494763
vt -0.06416935 -0.142398
vt -0.06581374 -0.1421945
vt -0.06585728 -0.1429698
vt -0.06431612 -0.1431605
vt -0.05398014 -0.08366593
vt -0.05552677 -0.08352643
vt -0.05564817 -0.08429335
vt -0.05399793 -0.08444219
vt -0.04631977 0.0006236736
vt -0.04797025 0.0007698796
vt -0.04817915 2.20616E-05
vt -0.04624558 -0.0001492247
vt -0.0357266 0.08974396
vt -0.03765422 0.08997269
vt -0.03793556 0.08924899
vt -0.03562241 0.08897452
vt 0.05564132 0.1411962
vt 0.05462305 0.1432912
vt 0.05386203 0.1431371
vt 0.05505001 0.1406929
vt 0.1753672 -0.03022433
vt 0.1772868 -0.0283006
vt 0.1768468 -0.02766084
vt 0.1747265 -0.02978574
vt 0.1514204 -0.08434775
vt 0.1541477 -0.0830936
vt 0.1538713 -0.082368
vt 0.1510495 -0.08366562
vt 0.1297397 -0.05861536
vt 0.1326626 -0.0575652
vt 0.1323517 -0.0568537
vt 0.1295267 -0.05786868
vt 0.1071396 0.005519244
vt 0.1099527 0.006566697
vt 0.1095532 0.00723247
vt 0.1070064 0.006284184
vt 0.06872574 0.08846322
vt 0.07111789 0.08975279
vt 0.07059027 0.09032244
vt 0.06853986 0.0892171
vt -0.0549201 0.1408456
vt -0.05390183 0.1429406
vt -0.05466285 0.1430947
vt -0.05551141 0.1413488
vt -0.1750312 -0.02934067
vt -0.1764023 -0.02796659
vt -0.1768423 -0.02860635
vt -0.1756719 -0.02977925
vt -0.1516874 -0.08331875
vt -0.1531928 -0.08262648
vt -0.1534692 -0.08335207
vt -0.1520583 -0.08400088
vt -0.1302249 -0.05766951
vt -0.1316864 -0.05714444
vt -0.1319973 -0.05785595
vt -0.1304379 -0.0584162
vt -0.1075379 0.006376729
vt -0.1090906 0.006954906
vt -0.1094902 0.006289131
vt -0.1076711 0.005611789
vt -0.06873449 0.08926512
vt -0.07044317 0.09018625
vt -0.07097078 0.08961658
vt -0.06892036 0.08851124
vt -0.1708356 -0.06216269
vt -0.1685995 -0.05769055
vt -0.1703884 -0.05679613
vt -0.1726244 -0.06126826
vt 0.1708356 -0.06216269
vt 0.1726244 -0.06126826
vt 0.1703884 -0.05679613
vt 0.1685995 -0.05769055
vt -0.0980757 -0.1051388
vt -0.09619222 -0.1058114
vt -0.09451054 -0.1011027
vt -0.09639402 -0.1004301
vt 0.0980757 -0.1051388
vt 0.09639402 -0.1004301
vt 0.09451054 -0.1011027
vt 0.09619222 -0.1058114
vt -0.0262719 0.1348473
vt -0.02743437 0.1364747
vt -0.02906184 0.1353123
vt -0.02789936 0.1336848
vt 0.0262719 0.1348473
vt 0.02789937 0.1336848
vt 0.02906184 0.1353123
vt 0.02743437 0.1364747
vt -0.1721772 -0.06484597
vt -0.1712828 -0.06305712
vt -0.1730717 -0.0621627
vt -0.1739661 -0.06395154
vt 0.1721772 -0.06484597
vt 0.1739661 -0.06395154
vt 0.1730717 -0.0621627
vt 0.1712828 -0.06305712
vt -0.09908471 -0.107964
vt -0.09720123 -0.1086367
vt -0.09652855 -0.1067532
vt -0.09841204 -0.1060805
vt 0.09908471 -0.107964
vt 0.09841204 -0.1060805
vt 0.09652855 -0.1067532
vt 0.09720123 -0.1086367
vt -0.0262719 0.1348473
vt -0.02743437 0.1364747
vt -0.02906184 0.1353123
vt -0.02789936 0.1336848
vt 0.0262719 0.1348473
vt 0.02789936 0.1336848
vt 0.02906184 0.1353123
vt 0.02743437 0.1364747
vt 0.05758034 -0.1614927
vt 0.05808636 -0.1613836
vt 0.05640057 -0.1535632
vt 0.05589456 -0.1536723
vt -0.06377593 -0.1644228
vt -0.06326091 -0.1644748
vt -0.06245688 -0.1565153
vt -0.0629719 -0.1564633
vt -0.1583507 -0.1206633
vt -0.1578685 -0.1208517
vt -0.1549584 -0.1133998
vt -0.1554406 -0.1132115
vt -0.1997124 -0.08121921
vt -0.1992637 -0.08147738
vt -0.1952739 -0.07454333
vt -0.1957226 -0.07428516
vt -0.1959739 -0.080009
vt -0.1955312 -0.08027731
vt -0.1913847 -0.07343582
vt -0.1918273 -0.07316752
vt -0.1504964 -0.1167656
vt -0.1500287 -0.1169874
vt -0.1465999 -0.1097595
vt -0.1470676 -0.1095376
vt -0.05808631 -0.1613836
vt -0.05758029 -0.1614927
vt -0.05589451 -0.1536723
vt -0.05640053 -0.1535632
vt 0.06326091 -0.1644748
vt 0.06377593 -0.1644228
vt 0.0629719 -0.1564633
vt 0.06245688 -0.1565153
vt 0.1578686 -0.1208517
vt 0.1583507 -0.1206634
vt 0.1554406 -0.1132115
vt 0.1549584 -0.1133998
vt 0.1992637 -0.08147737
vt 0.1997124 -0.0812192
vt 0.1957226 -0.07428516
vt 0.1952739 -0.07454331
vt 0.1955312 -0.08027729
vt 0.1959739 -0.08000899
vt 0.1918274 -0.0731675
vt 0.1913847 -0.07343581
vt 0.1500287 -0.1169875
vt 0.1504964 -0.1167656
vt 0.1470676 -0.1095376
vt 0.1465999 -0.1097595
vt -0.0262523 0.1322389
vt -0.02633741 0.1317283
vt -0.02615581 0.1312436
vt -0.02575617 0.1309146
vt -0.02524557 0.1308295
vt -0.02476083 0.1310111
vt -0.02443184 0.1314107
vt -0.02434674 0.1319213
vt -0.02452834 0.1324061
vt -0.02492798 0.132735
vt -0.02543857 0.1328201
vt -0.02592331 0.1326385
vt 0.02592331 0.1326385
vt 0.02543858 0.1328202
vt 0.02492798 0.132735
vt 0.02452834 0.1324061
vt 0.02434674 0.1319213
vt 0.02443184 0.1314107
vt 0.02476083 0.1310111
vt 0.02524557 0.1308295
vt 0.02575617 0.1309146
vt 0.02615581 0.1312436
vt 0.02633741 0.1317283
vt 0.02625231 0.1322389
o group1381916981
g mesh1381916981
usemtl mat15
f 3/3/1 2/2/1 1/1/1
f 2/6/2 4/5/2 1/4/2
f 4/9/3 5/8/3 1/7/3
f 5/12/4 6/11/4 1/10/4
f 6/15/5 7/14/5 1/13/5
f 7/18/6 8/17/6 1/16/6
f 8/21/7 9/20/7 1/19/7
f 9/24/8 10/23/8 1/22/8
f 10/27/9 11/26/9 1/25/9
f 11/30/10 12/29/10 1/28/10
f 12/33/11 13/32/11 1/31/11
f 13/36/12 3/35/12 1/34/12
f 13/48/13 12/47/13 11/46/13 10/45/13 9/44/13 8/43/13 7/42/13 6/41/13 5/40/13 4/39/13 2/38/13 3/37/13
o group1623977601
g mesh1623977601
usemtl mat17
f 16/51/14 15/50/14 14/49/14
f 15/54/15 17/53/15 14/52/15
f 17/57/16 18/56/16 14/55/16
f 18/60/17 19/59/17 14/58/17
f 19/63/18 20/62/18 14/61/18
f 20/66/19 21/65/19 14/64/19
f 21/69/20 22/68/20 14/67/20
f 22/72/21 23/71/21 14/70/21
f 23/75/22 24/74/22 14/73/22
f 24/78/23 25/77/23 14/76/23
f 25/81/24 26/80/24 14/79/24
f 26/84/25 16/83/25 14/82/25
f 28/88/26 27/87/26 15/86/26 16/85/26
f 27/92/27 29/91/27 17/90/27 15/89/27
f 29/96/28 30/95/28 18/94/28 17/93/28
f 30/100/29 31/99/29 19/98/29 18/97/29
f 31/104/30 32/103/30 20/102/30 19/101/30
f 32/108/31 33/107/31 21/106/31 20/105/31
f 33/112/32 34/111/32 22/110/32 21/109/32
f 34/116/33 35/115/33 23/114/33 22/113/33
f 35/120/34 36/119/34 24/118/34 23/117/34
f 36/124/35 37/123/35 25/122/35 24/121/35
f 37/128/36 38/127/36 26/126/36 25/125/36
f 38/132/37 28/131/37 16/130/37 26/129/37
f 40/136/38 39/135/38 27/134/38 28/133/38
f 39/140/39 41/139/39 29/138/39 27/137/39
f 41/144/40 42/143/40 30/142/40 29/141/40
f 42/148/41 43/147/41 31/146/41 30/145/41
f 43/152/42 44/151/42 32/150/42 31/149/42
f 44/156/43 45/155/43 33/154/43 32/153/43
f 45/160/44 46/159/44 34/158/44 33/157/44
f 46/164/45 47/163/45 35/162/45 34/161/45
f 47/168/46 48/167/46 36/166/46 35/165/46
f 48/172/47 49/171/47 37/170/47 36/169/47
f 49/176/48 50/175/48 38/174/48 37/173/48
f 50/180/49 40/179/49 28/178/49 38/177/49
f 52/184/50 51/183/50 39/182/50 40/181/50
f 51/188/51 53/187/51 41/186/51 39/185/51
f 53/192/52 54/191/52 42/190/52 41/189/52
f 54/196/53 55/195/53 43/194/53 42/193/53
f 55/200/54 56/199/54 44/198/54 43/197/54
f 56/204/55 57/203/55 45/202/55 44/201/55
f 57/208/56 58/207/56 46/206/56 45/205/56
f 58/212/57 59/211/57 47/210/57 46/209/57
f 59/216/58 60/215/58 48/214/58 47/213/58
f 60/220/59 61/219/59 49/218/59 48/217/59
f 61/224/60 62/223/60 50/222/60 49/221/60
f 62/228/61 52/227/61 40/226/61 50/225/61
f 64/232/62 63/231/62 51/230/62 52/229/62
f 63/236/63 65/235/63 53/234/63 51/233/63
f 65/240/64 66/239/64 54/238/64 53/237/64
f 66/244/65 67/243/65 55/242/65 54/241/65
f 67/248/66 68/247/66 56/246/66 55/245/66
f 68/252/67 69/251/67 57/250/67 56/249/67
f 69/256/68 70/255/68 58/254/68 57/253/68
f 70/260/69 71/259/69 59/258/69 58/257/69
f 71/264/70 72/263/70 60/262/70 59/261/70
f 72/268/71 73/267/71 61/266/71 60/265/71
f 73/272/72 74/271/72 62/270/72 61/269/72
f 74/276/73 64/275/73 52/274/73 62/273/73
f 76/280/74 75/279/74 63/278/74 64/277/74
f 75/284/75 77/283/75 65/282/75 63/281/75
f 77/288/76 78/287/76 66/286/76 65/285/76
f 78/292/77 79/291/77 67/290/77 66/289/77
f 79/296/78 80/295/78 68/294/78 67/293/78
f 80/300/79 81/299/79 69/298/79 68/297/79
f 81/304/80 82/303/80 70/302/80 69/301/80
f 82/308/81 83/307/81 71/306/81 70/305/81
f 83/312/82 84/311/82 72/310/82 71/309/82
f 84/316/83 85/315/83 73/314/83 72/313/83
f 85/320/84 86/319/84 74/318/84 73/317/84
f 86/324/85 76/323/85 64/322/85 74/321/85
f 88/328/86 87/327/86 75/326/86 76/325/86
f 87/332/87 89/331/87 77/330/87 75/329/87
f 89/336/88 90/335/88 78/334/88 77/333/88
f 90/340/89 91/339/89 79/338/89 78/337/89
f 91/344/90 92/343/90 80/342/90 79/341/90
f 92/348/91 93/347/91 81/346/91 80/345/91
f 93/352/92 94/351/92 82/350/92 81/349/92
f 94/356/93 95/355/93 83/354/93 82/353/93
f 95/360/94 96/359/94 84/358/94 83/357/94
f 96/364/95 97/363/95 85/362/95 84/361/95
f 97/368/96 98/367/96 86/366/96 85/365/96
f 98/372/97 88/371/97 76/370/97 86/369/97
f 100/376/98 99/375/98 87/374/98 88/373/98
f 99/380/99 101/379/99 89/378/99 87/377/99
f 101/384/100 102/383/100 90/382/100 89/381/100
f 102/388/101 103/387/101 91/386/101 90/385/101
f 103/392/102 104/391/102 92/390/102 91/389/102
f 104/396/103 105/395/103 93/394/103 92/393/103
f 105/400/104 106/399/104 94/398/104 93/397/104
f 106/404/105 107/403/105 95/402/105 94/401/105
f 107/408/106 108/407/106 96/406/106 95/405/106
f 108/412/107 109/411/107 97/410/107 96/409/107
f 109/416/108 110/415/108 98/414/108 97/413/108
f 110/420/109 100/419/109 88/418/109 98/417/109
f 111/423/110 99/422/110 100/421/110
f 111/426/111 101/425/111 99/424/111
f 111/429/112 102/428/112 101/427/112
f 111/432/113 103/431/113 102/430/113
f 111/435/114 104/434/114 103/433/114
f 111/438/115 105/437/115 104/436/115
f 111/441/116 106/440/116 105/439/116
f 111/444/117 107/443/117 106/442/117
f 111/447/118 108/446/118 107/445/118
f 111/450/119 109/449/119 108/448/119
f 111/453/120 110/452/120 109/451/120
f 111/456/121 100/455/121 110/454/121
o group616456747
g mesh616456747
usemtl mat16
f 115/460/122 114/459/122 113/458/122 112/457/122
f 114/464/123 117/463/123 116/462/123 113/461/123
f 117/468/124 119/467/124 118/466/124 116/465/124
f 119/472/125 121/471/125 120/470/125 118/469/125
f 121/476/126 123/475/126 122/474/126 120/473/126
f 123/480/127 125/479/127 124/478/127 122/477/127
f 125/484/128 127/483/128 126/482/128 124/481/128
f 127/488/129 129/487/129 128/486/129 126/485/129
f 129/492/130 131/491/130 130/490/130 128/489/130
f 131/496/131 133/495/131 132/494/131 130/493/131
f 133/500/132 135/499/132 134/498/132 132/497/132
f 135/504/133 115/503/133 112/502/133 134/501/133
f 112/516/134 113/515/134 116/514/134 118/513/134 120/512/134 122/511/134 124/510/134 126/509/134 128/508/134 130/507/134 132/506/134 134/505/134
f 135/528/135 133/527/135 131/526/135 129/525/135 127/524/135 125/523/135 123/522/135 121/521/135 119/520/135 117/519/135 114/518/135 115/517/135
o group865778064
g mesh865778064
usemtl mat12
f 139/532/136 138/531/136 137/530/136 136/529/136
f 141/536/137 140/535/137 138/534/137 139/533/137
f 143/540/138 142/539/138 140/538/138 141/537/138
f 145/544/139 144/543/139 142/542/139 143/541/139
f 147/548/140 146/547/140 144/546/140 145/545/140
f 149/552/141 148/551/141 146/550/141 147/549/141
f 151/556/142 150/555/142 148/554/142 149/553/142
f 153/560/143 152/559/143 150/558/143 151/557/143
f 155/564/144 154/563/144 152/562/144 153/561/144
f 157/568/145 156/567/145 154/566/145 155/565/145
f 159/572/146 158/571/146 156/570/146 157/569/146
f 136/576/147 137/575/147 158/574/147 159/573/147
f 138/580/148 161/579/148 160/578/148 137/577/148
f 140/584/149 162/583/149 161/582/149 138/581/149
f 142/588/150 163/587/150 162/586/150 140/585/150
f 144/592/151 164/591/151 163/590/151 142/589/151
f 146/596/152 165/595/152 164/594/152 144/593/152
f 148/600/153 166/599/153 165/598/153 146/597/153
f 150/604/154 167/603/154 166/602/154 148/601/154
f 152/608/155 168/607/155 167/606/155 150/605/155
f 154/612/156 169/611/156 168/610/156 152/609/156
f 156/616/157 170/615/157 169/614/157 154/613/157
f 158/620/158 171/619/158 170/618/158 156/617/158
f 137/624/159 160/623/159 171/622/159 158/621/159
f 161/628/160 173/627/160 172/626/160 160/625/160
f 162/632/161 174/631/161 173/630/161 161/629/161
f 163/636/162 175/635/162 174/634/162 162/633/162
f 164/640/163 176/639/163 175/638/163 163/637/163
f 165/644/164 177/643/164 176/642/164 164/641/164
f 166/648/165 178/647/165 177/646/165 165/645/165
f 167/652/166 179/651/166 178/650/166 166/649/166
f 168/656/167 180/655/167 179/654/167 167/653/167
f 169/660/168 181/659/168 180/658/168 168/657/168
f 170/664/169 182/663/169 181/662/169 169/661/169
f 171/668/170 183/667/170 182/666/170 170/665/170
f 160/672/171 172/671/171 183/670/171 171/669/171
f 173/676/172 185/675/172 184/674/172 172/673/172
f 174/680/173 186/679/173 185/678/173 173/677/173
f 175/684/174 187/683/174 186/682/174 174/681/174
f 176/688/175 188/687/175 187/686/175 175/685/175
f 177/692/176 189/691/176 188/690/176 176/689/176
f 178/696/177 190/695/177 189/694/177 177/693/177
f 179/700/178 191/699/178 190/698/178 178/697/178
f 180/704/179 192/703/179 191/702/179 179/701/179
f 181/708/180 193/707/180 192/706/180 180/705/180
f 182/712/181 194/711/181 193/710/181 181/709/181
f 183/716/182 195/715/182 194/714/182 182/713/182
f 172/720/183 184/719/183 195/718/183 183/717/183
f 185/724/184 197/723/184 196/722/184 184/721/184
f 186/728/185 198/727/185 197/726/185 185/725/185
f 187/732/186 199/731/186 198/730/186 186/729/186
f 188/736/187 200/735/187 199/734/187 187/733/187
f 189/740/188 201/739/188 200/738/188 188/737/188
f 190/744/189 202/743/189 201/742/189 189/741/189
f 191/748/190 203/747/190 202/746/190 190/745/190
f 192/752/191 204/751/191 203/750/191 191/749/191
f 193/756/192 205/755/192 204/754/192 192/753/192
f 194/760/193 206/759/193 205/758/193 193/757/193
f 195/764/194 207/763/194 206/762/194 194/761/194
f 184/768/195 196/767/195 207/766/195 195/765/195
f 197/772/196 209/771/196 208/770/196 196/769/196
f 198/776/197 210/775/197 209/774/197 197/773/197
f 199/780/198 211/779/198 210/778/198 198/777/198
f 200/784/199 212/783/199 211/782/199 199/781/199
f 201/788/200 213/787/200 212/786/200 200/785/200
f 202/792/201 214/791/201 213/790/201 201/789/201
f 203/796/202 215/795/202 214/794/202 202/793/202
f 204/800/203 216/799/203 215/798/203 203/797/203
f 205/804/204 217/803/204 216/802/204 204/801/204
f 206/808/205 218/807/205 217/806/205 205/805/205
f 207/812/206 219/811/206 218/810/206 206/809/206
f 196/816/207 208/815/207 219/814/207 207/813/207
f 209/820/208 221/819/208 220/818/208 208/817/208
f 210/824/209 222/823/209 221/822/209 209/821/209
f 211/828/210 223/827/210 222/826/210 210/825/210
f 212/832/211 224/831/211 223/830/211 211/829/211
f 213/836/212 225/835/212 224/834/212 212/833/212
f 214/840/213 226/839/213 225/838/213 213/837/213
f 215/844/214 227/843/214 226/842/214 214/841/214
f 216/848/215 228/847/215 227/846/215 215/845/215
f 217/852/216 229/851/216 228/850/216 216/849/216
f 218/856/217 230/855/217 229/854/217 217/853/217
f 219/860/218 231/859/218 230/858/218 218/857/218
f 208/864/219 220/863/219 231/862/219 219/861/219
f 221/868/220 233/867/220 232/866/220 220/865/220
f 222/872/221 234/871/221 233/870/221 221/869/221
f 223/876/222 235/875/222 234/874/222 222/873/222
f 224/880/223 236/879/223 235/878/223 223/877/223
f 225/884/224 237/883/224 236/882/224 224/881/224
f 226/888/225 238/887/225 237/886/225 225/885/225
f 227/892/226 239/891/226 238/890/226 226/889/226
f 228/896/227 240/895/227 239/894/227 227/893/227
f 229/900/228 241/899/228 240/898/228 228/897/228
f 230/904/229 242/903/229 241/902/229 229/901/229
f 231/908/230 243/907/230 242/906/230 230/905/230
f 220/912/231 232/911/231 243/910/231 231/909/231
f 233/916/232 245/915/232 244/914/232 232/913/232
f 234/920/233 246/919/233 245/918/233 233/917/233
f 235/924/234 247/923/234 246/922/234 234/921/234
f 236/928/235 248/927/235 247/926/235 235/925/235
f 237/932/236 249/931/236 248/930/236 236/929/236
f 238/936/237 250/935/237 249/934/237 237/933/237
f 239/940/238 251/939/238 250/938/238 238/937/238
f 240/944/239 252/943/239 251/942/239 239/941/239
f 241/948/240 253/947/240 252/946/240 240/945/240
f 242/952/241 254/951/241 253/950/241 241/949/241
f 243/956/242 255/955/242 254/954/242 242/953/242
f 232/960/243 244/959/243 255/958/243 243/957/243
f 245/964/244 257/963/244 256/962/244 244/961/244
f 246/968/245 258/967/245 257/966/245 245/965/245
f 247/972/246 259/971/246 258/970/246 246/969/246
f 248/976/247 260/975/247 259/974/247 247/973/247
f 249/980/248 261/979/248 260/978/248 248/977/248
f 250/984/249 262/983/249 261/982/249 249/981/249
f 251/988/250 263/987/250 262/986/250 250/985/250
f 252/992/251 264/991/251 263/990/251 251/989/251
f 253/996/252 265/995/252 264/994/252 252/993/252
f 254/1000/253 266/999/253 265/998/253 253/997/253
f 255/1004/254 267/1003/254 266/1002/254 254/1001/254
f 244/1008/255 256/1007/255 267/1006/255 255/1005/255
f 257/1012/256 269/1011/256 268/1010/256 256/1009/256
f 258/1016/257 270/1015/257 269/1014/257 257/1013/257
f 259/1020/258 271/1019/258 270/1018/258 258/1017/258
f 260/1024/259 272/1023/259 271/1022/259 259/1021/259
f 261/1028/260 273/1027/260 272/1026/260 260/1025/260
f 262/1032/261 274/1031/261 273/1030/261 261/1029/261
f 263/1036/262 275/1035/262 274/1034/262 262/1033/262
f 264/1040/263 276/1039/263 275/1038/263 263/1037/263
f 265/1044/264 277/1043/264 276/1042/264 264/1041/264
f 266/1048/265 278/1047/265 277/1046/265 265/1045/265
f 267/1052/266 279/1051/266 278/1050/266 266/1049/266
f 256/1056/267 268/1055/267 279/1054/267 267/1053/267
f 269/1060/268 139/1059/268 136/1058/268 268/1057/268
f 270/1064/269 141/1063/269 139/1062/269 269/1061/269
f 271/1068/270 143/1067/270 141/1066/270 270/1065/270
f 272/1072/271 145/1071/271 143/1070/271 271/1069/271
f 273/1076/272 147/1075/272 145/1074/272 272/1073/272
f 274/1080/273 149/1079/273 147/1078/273 273/1077/273
f 275/1084/274 151/1083/274 149/1082/274 274/1081/274
f 276/1088/275 153/1087/275 151/1086/275 275/1085/275
f 277/1092/276 155/1091/276 153/1090/276 276/1089/276
f 278/1096/277 157/1095/277 155/1094/277 277/1093/277
f 279/1100/278 159/1099/278 157/1098/278 278/1097/278
f 268/1104/279 136/1103/279 159/1102/279 279/1101/279
o group821398798
g mesh821398798
usemtl mat12
f 283/1108/280 282/1107/280 281/1106/280 280/1105/280
f 285/1112/281 284/1111/281 282/1110/281 283/1109/281
f 287/1116/282 286/1115/282 284/1114/282 285/1113/282
f 289/1120/283 288/1119/283 286/1118/283 287/1117/283
f 291/1124/284 290/1123/284 288/1122/284 289/1121/284
f 293/1128/285 292/1127/285 290/1126/285 291/1125/285
f 295/1132/286 294/1131/286 292/1130/286 293/1129/286
f 297/1136/287 296/1135/287 294/1134/287 295/1133/287
f 299/1140/288 298/1139/288 296/1138/288 297/1137/288
f 301/1144/289 300/1143/289 298/1142/289 299/1141/289
f 303/1148/290 302/1147/290 300/1146/290 301/1145/290
f 280/1152/291 281/1151/291 302/1150/291 303/1149/291
f 282/1156/292 305/1155/292 304/1154/292 281/1153/292
f 284/1160/293 306/1159/293 305/1158/293 282/1157/293
f 286/1164/294 307/1163/294 306/1162/294 284/1161/294
f 288/1168/295 308/1167/295 307/1166/295 286/1165/295
f 290/1172/296 309/1171/296 308/1170/296 288/1169/296
f 292/1176/297 310/1175/297 309/1174/297 290/1173/297
f 294/1180/298 311/1179/298 310/1178/298 292/1177/298
f 296/1184/299 312/1183/299 311/1182/299 294/1181/299
f 298/1188/300 313/1187/300 312/1186/300 296/1185/300
f 300/1192/301 314/1191/301 313/1190/301 298/1189/301
f 302/1196/302 315/1195/302 314/1194/302 300/1193/302
f 281/1200/303 304/1199/303 315/1198/303 302/1197/303
f 305/1204/304 317/1203/304 316/1202/304 304/1201/304
f 306/1208/305 318/1207/305 317/1206/305 305/1205/305
f 307/1212/306 319/1211/306 318/1210/306 306/1209/306
f 308/1216/307 320/1215/307 319/1214/307 307/1213/307
f 309/1220/308 321/1219/308 320/1218/308 308/1217/308
f 310/1224/309 322/1223/309 321/1222/309 309/1221/309
f 311/1228/310 323/1227/310 322/1226/310 310/1225/310
f 312/1232/311 324/1231/311 323/1230/311 311/1229/311
f 313/1236/312 325/1235/312 324/1234/312 312/1233/312
f 314/1240/313 326/1239/313 325/1238/313 313/1237/313
f 315/1244/314 327/1243/314 326/1242/314 314/1241/314
f 304/1248/315 316/1247/315 327/1246/315 315/1245/315
f 317/1252/316 329/1251/316 328/1250/316 316/1249/316
f 318/1256/317 330/1255/317 329/1254/317 317/1253/317
f 319/1260/318 331/1259/318 330/1258/318 318/1257/318
f 320/1264/319 332/1263/319 331/1262/319 319/1261/319
f 321/1268/320 333/1267/320 332/1266/320 320/1265/320
f 322/1272/321 334/1271/321 333/1270/321 321/1269/321
f 323/1276/322 335/1275/322 334/1274/322 322/1273/322
f 324/1280/323 336/1279/323 335/1278/323 323/1277/323
f 325/1284/324 337/1283/324 336/1282/324 324/1281/324
f 326/1288/325 338/1287/325 337/1286/325 325/1285/325
f 327/1292/326 339/1291/326 338/1290/326 326/1289/326
f 316/1296/327 328/1295/327 339/1294/327 327/1293/327
f 329/1300/328 341/1299/328 340/1298/328 328/1297/328
f 330/1304/329 342/1303/329 341/1302/329 329/1301/329
f 331/1308/330 343/1307/330 342/1306/330 330/1305/330
f 332/1312/331 344/1311/331 343/1310/331 331/1309/331
f 333/1316/332 345/1315/332 344/1314/332 332/1313/332
f 334/1320/333 346/1319/333 345/1318/333 333/1317/333
f 335/1324/334 347/1323/334 346/1322/334 334/1321/334
f 336/1328/335 348/1327/335 347/1326/335 335/1325/335
f 337/1332/336 349/1331/336 348/1330/336 336/1329/336
f 338/1336/337 350/1335/337 349/1334/337 337/1333/337
f 339/1340/338 351/1339/338 350/1338/338 338/1337/338
f 328/1344/339 340/1343/339 351/1342/339 339/1341/339
f 341/1348/340 353/1347/340 352/1346/340 340/1345/340
f 342/1352/341 354/1351/341 353/1350/341 341/1349/341
f 343/1356/342 355/1355/342 354/1354/342 342/1353/342
f 344/1360/343 356/1359/343 355/1358/343 343/1357/343
f 345/1364/344 357/1363/344 356/1362/344 344/1361/344
f 346/1368/345 358/1367/345 357/1366/345 345/1365/345
f 347/1372/346 359/1371/346 358/1370/346 346/1369/346
f 348/1376/347 360/1375/347 359/1374/347 347/1373/347
f 349/1380/348 361/1379/348 360/1378/348 348/1377/348
f 350/1384/349 362/1383/349 361/1382/349 349/1381/349
f 351/1388/350 363/1387/350 362/1386/350 350/1385/350
f 340/1392/351 352/1391/351 363/1390/351 351/1389/351
f 353/1396/352 365/1395/352 364/1394/352 352/1393/352
f 354/1400/353 366/1399/353 365/1398/353 353/1397/353
f 355/1404/354 367/1403/354 366/1402/354 354/1401/354
f 356/1408/355 368/1407/355 367/1406/355 355/1405/355
f 357/1412/356 369/1411/356 368/1410/356 356/1409/356
f 358/1416/357 370/1415/357 369/1414/357 357/1413/357
f 359/1420/358 371/1419/358 370/1418/358 358/1417/358
f 360/1424/359 372/1423/359 371/1422/359 359/1421/359
f 361/1428/360 373/1427/360 372/1426/360 360/1425/360
f 362/1432/361 374/1431/361 373/1430/361 361/1429/361
f 363/1436/362 375/1435/362 374/1434/362 362/1433/362
f 352/1440/363 364/1439/363 375/1438/363 363/1437/363
f 365/1444/364 377/1443/364 376/1442/364 364/1441/364
f 366/1448/365 378/1447/365 377/1446/365 365/1445/365
f 367/1452/366 379/1451/366 378/1450/366 366/1449/366
f 368/1456/367 380/1455/367 379/1454/367 367/1453/367
f 369/1460/368 381/1459/368 380/1458/368 368/1457/368
f 370/1464/369 382/1463/369 381/1462/369 369/1461/369
f 371/1468/370 383/1467/370 382/1466/370 370/1465/370
f 372/1472/371 384/1471/371 383/1470/371 371/1469/371
f 373/1476/372 385/1475/372 384/1474/372 372/1473/372
f 374/1480/373 386/1479/373 385/1478/373 373/1477/373
f 375/1484/374 387/1483/374 386/1482/374 374/1481/374
f 364/1488/375 376/1487/375 387/1486/375 375/1485/375
f 377/1492/376 389/1491/376 388/1490/376 376/1489/376
f 378/1496/377 390/1495/377 389/1494/377 377/1493/377
f 379/1500/378 391/1499/378 390/1498/378 378/1497/378
f 380/1504/379 392/1503/379 391/1502/379 379/1501/379
f 381/1508/380 393/1507/380 392/1506/380 380/1505/380
f 382/1512/381 394/1511/381 393/1510/381 381/1509/381
f 383/1516/382 395/1515/382 394/1514/382 382/1513/382
f 384/1520/383 396/1519/383 395/1518/383 383/1517/383
f 385/1524/384 397/1523/384 396/1522/384 384/1521/384
f 386/1528/385 398/1527/385 397/1526/385 385/1525/385
f 387/1532/386 399/1531/386 398/1530/386 386/1529/386
f 376/1536/387 388/1535/387 399/1534/387 387/1533/387
f 389/1540/388 401/1539/388 400/1538/388 388/1537/388
f 390/1544/389 402/1543/389 401/1542/389 389/1541/389
f 391/1548/390 403/1547/390 402/1546/390 390/1545/390
f 392/1552/391 404/1551/391 403/1550/391 391/1549/391
f 393/1556/392 405/1555/392 404/1554/392 392/1553/392
f 394/1560/393 406/1559/393 405/1558/393 393/1557/393
f 395/1564/394 407/1563/394 406/1562/394 394/1561/394
f 396/1568/395 408/1567/395 407/1566/395 395/1565/395
f 397/1572/396 409/1571/396 408/1570/396 396/1569/396
f 398/1576/397 410/1575/397 409/1574/397 397/1573/397
f 399/1580/398 411/1579/398 410/1578/398 398/1577/398
f 388/1584/399 400/1583/399 411/1582/399 399/1581/399
f 401/1588/400 413/1587/400 412/1586/400 400/1585/400
f 402/1592/401 414/1591/401 413/1590/401 401/1589/401
f 403/1596/402 415/1595/402 414/1594/402 402/1593/402
f 404/1600/403 416/1599/403 415/1598/403 403/1597/403
f 405/1604/404 417/1603/404 416/1602/404 404/1601/404
f 406/1608/405 418/1607/405 417/1606/405 405/1605/405
f 407/1612/406 419/1611/406 418/1610/406 406/1609/406
f 408/1616/407 420/1615/407 419/1614/407 407/1613/407
f 409/1620/408 421/1619/408 420/1618/408 408/1617/408
f 410/1624/409 422/1623/409 421/1622/409 409/1621/409
f 411/1628/410 423/1627/410 422/1626/410 410/1625/410
f 400/1632/411 412/1631/411 423/1630/411 411/1629/411
f 413/1636/412 283/1635/412 280/1634/412 412/1633/412
f 414/1640/413 285/1639/413 283/1638/413 413/1637/413
f 415/1644/414 287/1643/414 285/1642/414 414/1641/414
f 416/1648/415 289/1647/415 287/1646/415 415/1645/415
f 417/1652/416 291/1651/416 289/1650/416 416/1649/416
f 418/1656/417 293/1655/417 291/1654/417 417/1653/417
f 419/1660/418 295/1659/418 293/1658/418 418/1657/418
f 420/1664/419 297/1663/419 295/1662/419 419/1661/419
f 421/1668/420 299/1667/420 297/1666/420 420/1665/420
f 422/1672/421 301/1671/421 299/1670/421 421/1669/421
f 423/1676/422 303/1675/422 301/1674/422 422/1673/422
f 412/1680/423 280/1679/423 303/1678/423 423/1677/423
o group1014424045
g mesh1014424045
usemtl mat17
f 427/1684/424 426/1683/424 425/1682/424 424/1681/424
f 431/1688/425 430/1687/425 429/1686/425 428/1685/425
f 425/1692/426 431/1691/426 428/1690/426 424/1689/426
f 429/1696/427 430/1695/427 426/1694/427 427/1693/427
f 428/1700/428 429/1699/428 427/1698/428 424/1697/428
f 426/1704/429 430/1703/429 431/1702/429 425/1701/429
o group2089609668
g mesh2089609668
usemtl mat17
f 435/1708/430 434/1707/430 433/1706/430 432/1705/430
f 439/1712/431 438/1711/431 437/1710/431 436/1709/431
f 433/1716/432 439/1715/432 436/1714/432 432/1713/432
f 437/1720/433 438/1719/433 434/1718/433 435/1717/433
f 436/1724/434 437/1723/434 435/1722/434 432/1721/434
f 434/1728/435 438/1727/435 439/1726/435 433/1725/435
o group931319910
g mesh931319910
usemtl mat17
f 443/1732/436 442/1731/436 441/1730/436 440/1729/436
f 442/1736/437 445/1735/437 444/1734/437 441/1733/437
f 445/1740/438 447/1739/438 446/1738/438 444/1737/438
f 447/1744/439 449/1743/439 448/1742/439 446/1741/439
f 449/1748/440 451/1747/440 450/1746/440 448/1745/440
f 451/1752/441 453/1751/441 452/1750/441 450/1749/441
f 453/1756/442 455/1755/442 454/1754/442 452/1753/442
f 455/1760/443 457/1759/443 456/1758/443 454/1757/443
f 457/1764/444 459/1763/444 458/1762/444 456/1761/444
f 459/1768/445 461/1767/445 460/1766/445 458/1765/445
f 461/1772/446 463/1771/446 462/1770/446 460/1769/446
f 463/1776/447 443/1775/447 440/1774/447 462/1773/447
f 440/1788/448 441/1787/448 444/1786/448 446/1785/448 448/1784/448 450/1783/448 452/1782/448 454/1781/448 456/1780/448 458/1779/448 460/1778/448 462/1777/448
f 463/1800/449 461/1799/449 459/1798/449 457/1797/449 455/1796/449 453/1795/449 451/1794/449 449/1793/449 447/1792/449 445/1791/449 442/1790/449 443/1789/449
